2026-03-02 07:31:00,885 - Knowledge - INFO - Created shared MongoDB connection pool
2026-03-02 07:31:01,280 - Knowledge - INFO - Starting Knowledge Graph processing with 20 threads
2026-03-02 07:31:01,507 - Knowledge - INFO - Initial configuration: chunk_size=65536, max_cache_size=500
2026-03-02 07:31:01,708 - Knowledge - INFO - Knowledge Graph concurrency configuration: workers=20, max_batch_size=10, max_concurrent_llm_calls=50
2026-03-02 07:31:03,489 - Knowledge - INFO - 🔍 _load_persisted_knowledge called - checking for Redis optimization
2026-03-02 07:31:03,663 - Knowledge - WARNING - ❌ load_from_redis method not found - Redis support not attached
2026-03-02 07:31:03,833 - Knowledge - INFO - load persisted knowledge: begin
2026-03-02 07:31:04,007 - Knowledge - INFO - Loaded 0 files from persisted knowledge
2026-03-02 07:31:04,197 - Knowledge - INFO - load persisted knowledge: end
2026-03-02 07:31:04,401 - Knowledge - WARNING - No persisted knowledge found. Files will be queued during start()
2026-03-02 07:31:04,659 - Knowledge - INFO - Redis support added with prefix knowledge:b918650:
2026-03-02 07:31:08,821 - Knowledge - INFO - Starting knowledge initialization for ID: C6dMDR-b918650
2026-03-02 07:31:09,048 - Knowledge - INFO - 🔍 Checking Redis for build_id: b918650
2026-03-02 07:31:09,260 - Knowledge - INFO - 🔍 Full session ID: C6dMDR-b918650
2026-03-02 07:31:09,443 - Knowledge - INFO - 🔍 Redis prefix will be: knowledge:b918650:
2026-03-02 07:31:09,630 - Knowledge - INFO - 🔍 Using attached load_from_redis() method
2026-03-02 07:31:09,812 - Knowledge - INFO - 🔍 Attempting to load knowledge from Redis...
2026-03-02 07:31:10,030 - Knowledge - INFO - 🔍 Using derived instance_id for Redis lookup: b918650
2026-03-02 07:31:10,252 - Knowledge - WARNING - ❌ No Redis cache found
2026-03-02 07:31:10,446 - Knowledge - INFO - 📁 Loading knowledge from disk...
2026-03-02 07:31:10,699 - Knowledge - INFO - load persisted docinfo: begin
2026-03-02 07:31:10,907 - Knowledge - INFO - load persisted docinfo: end
2026-03-02 07:31:11,093 - Knowledge - INFO - 🔍 _load_persisted_knowledge called - checking for Redis optimization
2026-03-02 07:31:11,252 - Knowledge - INFO - ✅ load_from_redis method found - attempting Redis load
2026-03-02 07:31:11,433 - Knowledge - INFO - 🔍 Attempting to load knowledge from Redis...
2026-03-02 07:31:11,646 - Knowledge - INFO - 🔍 Using derived instance_id for Redis lookup: b918650
2026-03-02 07:31:11,852 - Knowledge - WARNING - ❌ No Redis cache found
2026-03-02 07:31:12,046 - Knowledge - INFO - ❌ Redis load returned False - falling back to file loading
2026-03-02 07:31:12,241 - Knowledge - INFO - load persisted knowledge: begin
2026-03-02 07:31:12,446 - Knowledge - INFO - Loaded 0 files from persisted knowledge
2026-03-02 07:31:12,607 - Knowledge - INFO - load persisted knowledge: end
2026-03-02 07:31:12,778 - Knowledge - INFO - 📁 Disk load complete in 2.14s
2026-03-02 07:31:12,991 - Knowledge - INFO - Populating ingest queue with source files...
2026-03-02 07:31:17,370 - Knowledge - INFO - Added 1455 files from /app/data/T0015/327504/b918650/lu5-327504 to ingest queue
2026-03-02 07:31:17,542 - Knowledge - INFO - [WEBSOCKET] Sent: Type=progress_update, Size: 161, Duration: 0ms
2026-03-02 07:31:17,722 - Knowledge - INFO - Worker kw1 created using shared MongoDB connection pool
2026-03-02 07:31:17,931 - Knowledge - INFO - knowledge worker kw1 start
2026-03-02 07:31:17,931 - Knowledge - INFO - Worker kw2 created using shared MongoDB connection pool
2026-03-02 07:31:18,125 - Knowledge - INFO - [kw1] Queue=1455, InProgress=0, PendingWorkers=0/1, Completed=0/1455 (0.0%)
2026-03-02 07:31:18,225 - Knowledge - INFO - knowledge worker kw2 start
2026-03-02 07:31:18,225 - Knowledge - INFO - Worker kw3 created using shared MongoDB connection pool
2026-03-02 07:31:18,346 - Knowledge - INFO - Batch sizing: calculated=10, max_allowed=10, queue=1455, active_workers=0/2
2026-03-02 07:31:18,430 - Knowledge - INFO - [kw2] Queue=1455, InProgress=0, PendingWorkers=0/2, Completed=0/1455 (0.0%)
2026-03-02 07:31:18,587 - Knowledge - INFO - knowledge worker kw3 start
2026-03-02 07:31:18,587 - Knowledge - INFO - Worker kw4 created using shared MongoDB connection pool
2026-03-02 07:31:18,664 - Knowledge - INFO - Worker kw1 processing /app/data/T0015/327504/b918650/lu5-327504/src/lu5_types.h
2026-03-02 07:31:18,785 - Knowledge - INFO - Batch sizing: calculated=10, max_allowed=10, queue=1455, active_workers=1/3
2026-03-02 07:31:18,872 - Knowledge - INFO - [kw3] Queue=1445, InProgress=0, PendingWorkers=1/3, Completed=0/1455 (0.0%)
2026-03-02 07:31:18,962 - Knowledge - INFO - knowledge worker kw4 start
2026-03-02 07:31:18,962 - Knowledge - INFO - Worker kw5 created using shared MongoDB connection pool
2026-03-02 07:31:19,086 - Knowledge - INFO - Fast-tracked /app/data/T0015/327504/b918650/lu5-327504/src/lu5_types.h (ext=.h, size=917)
2026-03-02 07:31:19,175 - Knowledge - INFO - Worker kw2 processing /app/data/T0015/327504/b918650/lu5-327504/src/lu5_list.c
2026-03-02 07:31:19,299 - Knowledge - INFO - Batch sizing: calculated=10, max_allowed=10, queue=1445, active_workers=2/4
2026-03-02 07:31:19,381 - Knowledge - INFO - [kw4] Queue=1435, InProgress=0, PendingWorkers=2/4, Completed=0/1455 (0.0%)
2026-03-02 07:31:19,456 - Knowledge - INFO - knowledge worker kw5 start
2026-03-02 07:31:19,456 - Knowledge - INFO - Worker kw6 created using shared MongoDB connection pool
2026-03-02 07:31:19,540 - Knowledge - INFO - Worker kw1 processing /app/data/T0015/327504/b918650/lu5-327504/src/static/lu5_icon.h
2026-03-02 07:31:19,631 - Knowledge - INFO - Fast-tracked /app/data/T0015/327504/b918650/lu5-327504/src/lu5_list.c (ext=.c, size=715)
2026-03-02 07:31:19,740 - Knowledge - INFO - Worker kw3 processing /app/data/T0015/327504/b918650/lu5-327504/src/bindings/shapes3D.c
2026-03-02 07:31:19,824 - Knowledge - INFO - Batch sizing: calculated=10, max_allowed=10, queue=1435, active_workers=3/5
2026-03-02 07:31:19,916 - Knowledge - INFO - [kw5] Queue=1425, InProgress=0, PendingWorkers=3/5, Completed=0/1455 (0.0%)
2026-03-02 07:31:20,005 - Knowledge - INFO - knowledge worker kw6 start
2026-03-02 07:31:20,006 - Knowledge - INFO - Worker kw7 created using shared MongoDB connection pool
2026-03-02 07:31:20,109 - Knowledge - INFO - Worker kw1 processing /app/data/T0015/327504/b918650/lu5-327504/src/lu5_print.h
2026-03-02 07:31:20,239 - Knowledge - INFO - Worker kw2 processing /app/data/T0015/327504/b918650/lu5-327504/src/lu5_font.h
2026-03-02 07:31:20,359 - Knowledge - INFO - Worker kw3 processing /app/data/T0015/327504/b918650/lu5-327504/src/bindings/transform.h
2026-03-02 07:31:20,455 - Knowledge - INFO - Worker kw4 processing /app/data/T0015/327504/b918650/lu5-327504/src/bindings/window.c
2026-03-02 07:31:20,562 - Knowledge - INFO - Batch sizing: calculated=10, max_allowed=10, queue=1425, active_workers=4/6
2026-03-02 07:31:20,730 - Knowledge - INFO - [kw6] Queue=1415, InProgress=0, PendingWorkers=4/6, Completed=0/1455 (0.0%)
2026-03-02 07:31:20,819 - Knowledge - INFO - knowledge worker kw7 start
2026-03-02 07:31:20,819 - Knowledge - INFO - Worker kw8 created using shared MongoDB connection pool
2026-03-02 07:31:20,890 - Knowledge - INFO - Fast-tracked /app/data/T0015/327504/b918650/lu5-327504/src/lu5_print.h (ext=.h, size=304)
2026-03-02 07:31:20,996 - Knowledge - INFO - Fast-tracked /app/data/T0015/327504/b918650/lu5-327504/src/lu5_font.h (ext=.h, size=1351)
2026-03-02 07:31:21,110 - Knowledge - INFO - Fast-tracked /app/data/T0015/327504/b918650/lu5-327504/src/bindings/transform.h (ext=.h, size=849)
2026-03-02 07:31:21,184 - Knowledge - INFO - Worker kw4 processing /app/data/T0015/327504/b918650/lu5-327504/src/bindings/lu5_vector.c
2026-03-02 07:31:21,265 - Knowledge - INFO - Worker kw5 processing /app/data/T0015/327504/b918650/lu5-327504/src/bindings/mouse.h
2026-03-02 07:31:21,359 - Knowledge - INFO - Batch sizing: calculated=10, max_allowed=10, queue=1415, active_workers=5/7
2026-03-02 07:31:21,459 - Knowledge - INFO - [kw7] Queue=1405, InProgress=0, PendingWorkers=5/7, Completed=0/1455 (0.0%)
2026-03-02 07:31:21,564 - Knowledge - INFO - knowledge worker kw8 start
2026-03-02 07:31:21,565 - Knowledge - INFO - Worker kw9 created using shared MongoDB connection pool
2026-03-02 07:31:21,639 - Knowledge - INFO - Worker kw1 processing /app/data/T0015/327504/b918650/lu5-327504/src/lu5_bindings.c
2026-03-02 07:31:21,761 - Knowledge - INFO - Worker kw2 processing /app/data/T0015/327504/b918650/lu5-327504/src/lu5_color.h
2026-03-02 07:31:21,868 - Knowledge - INFO - Worker kw3 processing /app/data/T0015/327504/b918650/lu5-327504/src/bindings/keyboard.c
2026-03-02 07:31:21,960 - Knowledge - INFO - Worker kw4 processing /app/data/T0015/327504/b918650/lu5-327504/src/bindings/image.h
2026-03-02 07:31:22,092 - Knowledge - INFO - Worker kw5 processing /app/data/T0015/327504/b918650/lu5-327504/src/bindings/setting.c
2026-03-02 07:31:22,177 - Knowledge - INFO - Worker kw6 processing /app/data/T0015/327504/b918650/lu5-327504/src/lu5_color.c
2026-03-02 07:31:22,257 - Knowledge - INFO - Batch sizing: calculated=10, max_allowed=10, queue=1405, active_workers=6/8
2026-03-02 07:31:22,332 - Knowledge - INFO - [kw8] Queue=1395, InProgress=0, PendingWorkers=6/8, Completed=0/1455 (0.0%)
2026-03-02 07:31:22,461 - Knowledge - INFO - knowledge worker kw9 start
2026-03-02 07:31:22,461 - Knowledge - INFO - Worker kw10 created using shared MongoDB connection pool
2026-03-02 07:31:22,575 - Knowledge - INFO - Worker kw1 processing /app/data/T0015/327504/b918650/lu5-327504/src/lu5_core.h
2026-03-02 07:31:22,672 - Knowledge - INFO - Fast-tracked /app/data/T0015/327504/b918650/lu5-327504/src/lu5_color.h (ext=.h, size=832)
2026-03-02 07:31:22,782 - Knowledge - INFO - Fast-tracked /app/data/T0015/327504/b918650/lu5-327504/src/bindings/keyboard.c (ext=.c, size=524)
2026-03-02 07:31:22,882 - Knowledge - INFO - Fast-tracked /app/data/T0015/327504/b918650/lu5-327504/src/bindings/image.h (ext=.h, size=1562)
2026-03-02 07:31:22,960 - Knowledge - INFO - Fast-tracked /app/data/T0015/327504/b918650/lu5-327504/src/bindings/setting.c (ext=.c, size=1586)
2026-03-02 07:31:23,094 - Knowledge - INFO - Worker kw6 processing /app/data/T0015/327504/b918650/lu5-327504/src/platform/lu5_setting.c
2026-03-02 07:31:23,193 - Knowledge - INFO - Worker kw7 processing /app/data/T0015/327504/b918650/lu5-327504/src/platform/geometry/3D/lu5_torus.c
2026-03-02 07:31:23,277 - Knowledge - INFO - Batch sizing: calculated=10, max_allowed=10, queue=1395, active_workers=7/9
2026-03-02 07:31:23,373 - Knowledge - INFO - [kw9] Queue=1385, InProgress=0, PendingWorkers=7/9, Completed=0/1455 (0.0%)
2026-03-02 07:31:23,487 - Knowledge - INFO - knowledge worker kw10 start
2026-03-02 07:31:23,487 - Knowledge - INFO - Worker kw11 created using shared MongoDB connection pool
2026-03-02 07:31:23,595 - Knowledge - INFO - Fast-tracked /app/data/T0015/327504/b918650/lu5-327504/src/lu5_core.h (ext=.h, size=526)
2026-03-02 07:31:23,721 - Knowledge - INFO - Worker kw2 processing /app/data/T0015/327504/b918650/lu5-327504/src/lu5_obj.h
2026-03-02 07:31:23,835 - Knowledge - INFO - Worker kw3 processing /app/data/T0015/327504/b918650/lu5-327504/src/bindings/models.h
2026-03-02 07:31:23,934 - Knowledge - INFO - Worker kw4 processing /app/data/T0015/327504/b918650/lu5-327504/src/bindings/io.c
2026-03-02 07:31:24,026 - Knowledge - INFO - Worker kw5 processing /app/data/T0015/327504/b918650/lu5-327504/src/bindings/camera.h
2026-03-02 07:31:24,117 - Knowledge - INFO - Fast-tracked /app/data/T0015/327504/b918650/lu5-327504/src/platform/lu5_setting.c (ext=.c, size=613)
2026-03-02 07:31:24,237 - Knowledge - INFO - Worker kw7 processing /app/data/T0015/327504/b918650/lu5-327504/src/platform/geometry/3D/lu5_ellipsoid.c
2026-03-02 07:31:24,351 - Knowledge - INFO - Worker kw8 processing /app/data/T0015/327504/b918650/lu5-327504/src/platform/lu5_cli_options.c
2026-03-02 07:31:24,430 - Knowledge - INFO - Batch sizing: calculated=10, max_allowed=10, queue=1385, active_workers=8/10
2026-03-02 07:31:24,528 - Knowledge - INFO - [kw10] Queue=1375, InProgress=0, PendingWorkers=8/10, Completed=0/1455 (0.0%)
2026-03-02 07:31:24,611 - Knowledge - INFO - Worker kw12 created using shared MongoDB connection pool
2026-03-02 07:31:24,611 - Knowledge - INFO - knowledge worker kw11 start
2026-03-02 07:31:24,732 - Knowledge - INFO - Worker kw1 processing /app/data/T0015/327504/b918650/lu5-327504/src/lu5_fs.h
2026-03-02 07:31:24,811 - Knowledge - INFO - Fast-tracked /app/data/T0015/327504/b918650/lu5-327504/src/lu5_obj.h (ext=.h, size=795)
2026-03-02 07:31:24,916 - Knowledge - INFO - Fast-tracked /app/data/T0015/327504/b918650/lu5-327504/src/bindings/models.h (ext=.h, size=786)
2026-03-02 07:31:25,019 - Knowledge - INFO - Fast-tracked /app/data/T0015/327504/b918650/lu5-327504/src/bindings/io.c (ext=.c, size=1451)
2026-03-02 07:31:25,105 - Knowledge - INFO - Fast-tracked /app/data/T0015/327504/b918650/lu5-327504/src/bindings/camera.h (ext=.h, size=865)
2026-03-02 07:31:25,196 - Knowledge - INFO - Worker kw6 processing /app/data/T0015/327504/b918650/lu5-327504/src/platform/geometry/2D/lu5_ellipse.c
2026-03-02 07:31:25,291 - Knowledge - INFO - Worker kw7 processing /app/data/T0015/327504/b918650/lu5-327504/src/platform/geometry/3D/lu5_box.c
2026-03-02 07:31:25,374 - Knowledge - INFO - Worker kw8 processing /app/data/T0015/327504/b918650/lu5-327504/src/platform/lu5_font.c
2026-03-02 07:31:25,465 - Knowledge - INFO - Worker kw9 processing /app/data/T0015/327504/b918650/lu5-327504/src/lu5_event_callbacks.c
2026-03-02 07:31:25,596 - Knowledge - INFO - Batch sizing: calculated=10, max_allowed=10, queue=1375, active_workers=9/11
2026-03-02 07:31:25,728 - Knowledge - INFO - knowledge worker kw12 start
2026-03-02 07:31:25,728 - Knowledge - INFO - Worker kw13 created using shared MongoDB connection pool
2026-03-02 07:31:25,816 - Knowledge - INFO - [kw11] Queue=1365, InProgress=0, PendingWorkers=9/12, Completed=0/1455 (0.0%)
2026-03-02 07:31:25,911 - Knowledge - INFO - Fast-tracked /app/data/T0015/327504/b918650/lu5-327504/src/lu5_fs.h (ext=.h, size=830)
2026-03-02 07:31:26,002 - Knowledge - INFO - Worker kw2 processing /app/data/T0015/327504/b918650/lu5-327504/src/lu5_logger.c
2026-03-02 07:31:26,094 - Knowledge - INFO - Worker kw3 processing /app/data/T0015/327504/b918650/lu5-327504/src/bindings/shapes.h
2026-03-02 07:31:26,183 - Knowledge - INFO - Worker kw4 processing /app/data/T0015/327504/b918650/lu5-327504/src/bindings/models.c
2026-03-02 07:31:26,268 - Knowledge - INFO - Worker kw5 processing /app/data/T0015/327504/b918650/lu5-327504/src/bindings/classes.c
2026-03-02 07:31:26,387 - Knowledge - INFO - Fast-tracked /app/data/T0015/327504/b918650/lu5-327504/src/platform/geometry/2D/lu5_ellipse.c (ext=.c, size=1757)
2026-03-02 07:31:26,475 - Knowledge - INFO - Fast-tracked /app/data/T0015/327504/b918650/lu5-327504/src/platform/geometry/3D/lu5_box.c (ext=.c, size=1903)
2026-03-02 07:31:26,557 - Knowledge - INFO - Worker kw8 processing /app/data/T0015/327504/b918650/lu5-327504/src/platform/lu5_random.c
2026-03-02 07:31:26,645 - Knowledge - INFO - Worker kw9 processing /app/data/T0015/327504/b918650/lu5-327504/src/lu5_state.c
2026-03-02 07:31:26,751 - Knowledge - INFO - Worker kw10 processing /app/data/T0015/327504/b918650/lu5-327504/docs/v0.0.6/io/print/index.html
2026-03-02 07:31:26,840 - Knowledge - INFO - [kw12] Queue=1355, InProgress=0, PendingWorkers=10/12, Completed=0/1455 (0.0%)
2026-03-02 07:31:26,925 - Knowledge - INFO - knowledge worker kw13 start
2026-03-02 07:31:26,926 - Knowledge - INFO - Worker kw14 created using shared MongoDB connection pool
2026-03-02 07:31:27,030 - Knowledge - INFO - Batch sizing: calculated=10, max_allowed=10, queue=1365, active_workers=10/13
2026-03-02 07:31:27,121 - Knowledge - INFO - Worker kw1 processing /app/data/T0015/327504/b918650/lu5-327504/src/lu5_random.h
2026-03-02 07:31:27,217 - Knowledge - INFO - Fast-tracked /app/data/T0015/327504/b918650/lu5-327504/src/lu5_logger.c (ext=.c, size=1295)
2026-03-02 07:31:27,304 - Knowledge - INFO - Worker kw3 processing /app/data/T0015/327504/b918650/lu5-327504/src/bindings/camera.c
2026-03-02 07:31:27,407 - Knowledge - INFO - Worker kw4 processing /app/data/T0015/327504/b918650/lu5-327504/src/bindings/shapes.c
2026-03-02 07:31:27,497 - Knowledge - INFO - Worker kw5 processing /app/data/T0015/327504/b918650/lu5-327504/src/lu5_image.h
2026-03-02 07:31:27,647 - Knowledge - INFO - Worker kw6 processing /app/data/T0015/327504/b918650/lu5-327504/src/platform/geometry/2D/lu5_triangle.c
2026-03-02 07:31:27,736 - Knowledge - INFO - Worker kw7 processing /app/data/T0015/327504/b918650/lu5-327504/src/platform/main.c
2026-03-02 07:31:27,820 - Knowledge - INFO - Fast-tracked /app/data/T0015/327504/b918650/lu5-327504/src/platform/lu5_random.c (ext=.c, size=186)
2026-03-02 07:31:27,942 - Knowledge - INFO - Fast-tracked /app/data/T0015/327504/b918650/lu5-327504/src/lu5_state.c (ext=.c, size=865)
2026-03-02 07:31:28,077 - Knowledge - INFO - Worker kw10 processing /app/data/T0015/327504/b918650/lu5-327504/docs/v0.0.6/io/print/meta.json
2026-03-02 07:31:28,169 - Knowledge - INFO - Batch sizing: calculated=10, max_allowed=10, queue=1355, active_workers=10/13
2026-03-02 07:31:28,259 - Knowledge - INFO - [kw13] Queue=1355, InProgress=0, PendingWorkers=10/13, Completed=0/1455 (0.0%)
2026-03-02 07:31:28,394 - Knowledge - INFO - knowledge worker kw14 start
2026-03-02 07:31:28,394 - Knowledge - INFO - Worker kw15 created using shared MongoDB connection pool
2026-03-02 07:31:28,492 - Knowledge - INFO - Worker kw11 processing /app/data/T0015/327504/b918650/lu5-327504/docs/v0.0.6/window/height/meta.json
2026-03-02 07:31:28,625 - Knowledge - INFO - Fast-tracked /app/data/T0015/327504/b918650/lu5-327504/src/lu5_random.h (ext=.h, size=175)
2026-03-02 07:31:28,719 - Knowledge - INFO - Worker kw2 processing /app/data/T0015/327504/b918650/lu5-327504/src/bindings/lu5_math.c
2026-03-02 07:31:28,832 - Knowledge - INFO - Worker kw3 processing /app/data/T0015/327504/b918650/lu5-327504/src/bindings/window.h
2026-03-02 07:31:28,942 - Knowledge - INFO - Worker kw4 processing /app/data/T0015/327504/b918650/lu5-327504/src/bindings/lu5_math.h
2026-03-02 07:31:29,028 - Knowledge - INFO - Fast-tracked /app/data/T0015/327504/b918650/lu5-327504/src/lu5_image.h (ext=.h, size=757)
2026-03-02 07:31:29,126 - Knowledge - INFO - Worker kw6 processing /app/data/T0015/327504/b918650/lu5-327504/src/platform/geometry/2D/lu5_arc.c
2026-03-02 07:31:29,218 - Knowledge - INFO - Fast-tracked /app/data/T0015/327504/b918650/lu5-327504/src/platform/main.c (ext=.c, size=492)
2026-03-02 07:31:29,303 - Knowledge - INFO - Worker kw8 processing /app/data/T0015/327504/b918650/lu5-327504/src/platform/lu5_fs.c
2026-03-02 07:31:29,432 - Knowledge - INFO - Worker kw9 processing /app/data/T0015/327504/b918650/lu5-327504/src/lu5_geometry.h
2026-03-02 07:31:29,552 - Knowledge - INFO - Fast-tracked /app/data/T0015/327504/b918650/lu5-327504/docs/v0.0.6/io/print/meta.json (ext=.json, size=383)
2026-03-02 07:31:29,649 - Knowledge - INFO - Worker kw12 processing /app/data/T0015/327504/b918650/lu5-327504/docs/v0.0.6/shapes/endShape/meta.json
2026-03-02 07:31:29,746 - Knowledge - INFO - Batch sizing: calculated=10, max_allowed=10, queue=1355, active_workers=12/14
2026-03-02 07:31:29,845 - Knowledge - INFO - [kw14] Queue=1335, InProgress=0, PendingWorkers=12/14, Completed=0/1455 (0.0%)
2026-03-02 07:31:29,938 - Knowledge - INFO - knowledge worker kw15 start
2026-03-02 07:31:29,938 - Knowledge - INFO - Worker kw16 created using shared MongoDB connection pool
2026-03-02 07:31:30,054 - Knowledge - INFO - Fast-tracked /app/data/T0015/327504/b918650/lu5-327504/docs/v0.0.6/window/height/meta.json (ext=.json, size=365)
2026-03-02 07:31:30,165 - Knowledge - INFO - Worker kw1 processing /app/data/T0015/327504/b918650/lu5-327504/src/lu5_event_callbacks.h
2026-03-02 07:31:30,266 - Knowledge - INFO - Worker kw2 processing /app/data/T0015/327504/b918650/lu5-327504/src/bindings/typography.c
2026-03-02 07:31:30,353 - Knowledge - INFO - Worker kw3 processing /app/data/T0015/327504/b918650/lu5-327504/src/bindings/lu5_vector.h
2026-03-02 07:31:30,451 - Knowledge - INFO - Worker kw4 processing /app/data/T0015/327504/b918650/lu5-327504/src/bindings/transform.c
2026-03-02 07:31:30,542 - Knowledge - INFO - Worker kw5 processing /app/data/T0015/327504/b918650/lu5-327504/src/lu5_cli_options.h
2026-03-02 07:31:30,668 - Knowledge - INFO - Fast-tracked /app/data/T0015/327504/b918650/lu5-327504/src/platform/geometry/2D/lu5_arc.c (ext=.c, size=1953)
2026-03-02 07:31:30,750 - Knowledge - INFO - Worker kw7 processing /app/data/T0015/327504/b918650/lu5-327504/src/platform/lu5_window.c
2026-03-02 07:31:30,838 - Knowledge - INFO - Worker kw8 processing /app/data/T0015/327504/b918650/lu5-327504/src/lu5_cli.h
2026-03-02 07:31:30,959 - Knowledge - INFO - Worker kw9 processing /app/data/T0015/327504/b918650/lu5-327504/src/lu5_style.c
2026-03-02 07:31:31,035 - Knowledge - INFO - Worker kw10 processing /app/data/T0015/327504/b918650/lu5-327504/docs/v0.0.6/io/index.html
2026-03-02 07:31:31,125 - Knowledge - INFO - Fast-tracked /app/data/T0015/327504/b918650/lu5-327504/docs/v0.0.6/shapes/endShape/meta.json (ext=.json, size=277)
2026-03-02 07:31:31,212 - Knowledge - INFO - Worker kw13 processing /app/data/T0015/327504/b918650/lu5-327504/docs/v0.0.6/shapes/arc/meta.json
2026-03-02 07:31:31,291 - Knowledge - INFO - Batch sizing: calculated=10, max_allowed=10, queue=1335, active_workers=13/15
2026-03-02 07:31:31,362 - Knowledge - INFO - [kw15] Queue=1325, InProgress=0, PendingWorkers=13/15, Completed=0/1455 (0.0%)
2026-03-02 07:31:31,474 - Knowledge - INFO - knowledge worker kw16 start
2026-03-02 07:31:31,474 - Knowledge - INFO - Worker kw17 created using shared MongoDB connection pool
2026-03-02 07:31:31,552 - Knowledge - INFO - Worker kw11 processing /app/data/T0015/327504/b918650/lu5-327504/docs/v0.0.6/window/deltaTime/index.html
2026-03-02 07:31:31,649 - Knowledge - INFO - Fast-tracked /app/data/T0015/327504/b918650/lu5-327504/src/lu5_event_callbacks.h (ext=.h, size=1265)
2026-03-02 07:31:31,769 - Knowledge - INFO - Worker kw2 processing /app/data/T0015/327504/b918650/lu5-327504/src/bindings/classes.h
2026-03-02 07:31:31,839 - Knowledge - INFO - Worker kw3 processing /app/data/T0015/327504/b918650/lu5-327504/src/bindings/io.h
2026-03-02 07:31:31,960 - Knowledge - INFO - Fast-tracked /app/data/T0015/327504/b918650/lu5-327504/src/bindings/transform.c (ext=.c, size=1245)
2026-03-02 07:31:32,044 - Knowledge - INFO - Fast-tracked /app/data/T0015/327504/b918650/lu5-327504/src/lu5_cli_options.h (ext=.h, size=845)
2026-03-02 07:31:32,120 - Knowledge - INFO - Worker kw6 processing /app/data/T0015/327504/b918650/lu5-327504/src/platform/geometry/2D/lu5_line.c
2026-03-02 07:31:32,223 - Knowledge - INFO - Worker kw7 processing /app/data/T0015/327504/b918650/lu5-327504/src/platform/lu5_cli.c
2026-03-02 07:31:32,290 - Knowledge - INFO - Fast-tracked /app/data/T0015/327504/b918650/lu5-327504/src/lu5_cli.h (ext=.h, size=230)
2026-03-02 07:31:32,365 - Knowledge - INFO - Fast-tracked /app/data/T0015/327504/b918650/lu5-327504/src/lu5_style.c (ext=.c, size=1000)
2026-03-02 07:31:32,489 - Knowledge - INFO - Worker kw10 processing /app/data/T0015/327504/b918650/lu5-327504/docs/v0.0.6/window/width/index.html
2026-03-02 07:31:32,575 - Knowledge - INFO - Worker kw12 processing /app/data/T0015/327504/b918650/lu5-327504/docs/v0.0.6/shapes/circle/index.html
2026-03-02 07:31:32,664 - Knowledge - INFO - Fast-tracked /app/data/T0015/327504/b918650/lu5-327504/docs/v0.0.6/shapes/arc/meta.json (ext=.json, size=207)
2026-03-02 07:31:32,748 - Knowledge - INFO - Worker kw14 processing /app/data/T0015/327504/b918650/lu5-327504/docs/v0.0.6/shapes/quad/meta.json
2026-03-02 07:31:32,827 - Knowledge - INFO - Batch sizing: calculated=10, max_allowed=10, queue=1325, active_workers=14/16
2026-03-02 07:31:32,932 - Knowledge - INFO - [kw16] Queue=1315, InProgress=0, PendingWorkers=14/16, Completed=0/1455 (0.0%)
2026-03-02 07:31:33,046 - Knowledge - INFO - knowledge worker kw17 start
2026-03-02 07:31:33,046 - Knowledge - INFO - Worker kw18 created using shared MongoDB connection pool
2026-03-02 07:31:33,128 - Knowledge - INFO - Worker kw11 processing /app/data/T0015/327504/b918650/lu5-327504/docs/v0.0.6/window/deltaTime/meta.json
2026-03-02 07:31:33,207 - Knowledge - INFO - Worker kw1 processing /app/data/T0015/327504/b918650/lu5-327504/src/lu5_state.h
2026-03-02 07:31:33,297 - Knowledge - INFO - Fast-tracked /app/data/T0015/327504/b918650/lu5-327504/src/bindings/classes.h (ext=.h, size=765)
2026-03-02 07:31:33,414 - Knowledge - INFO - Fast-tracked /app/data/T0015/327504/b918650/lu5-327504/src/bindings/io.h (ext=.h, size=788)
2026-03-02 07:31:33,476 - Knowledge - INFO - Worker kw4 processing /app/data/T0015/327504/b918650/lu5-327504/src/bindings/typography.h
2026-03-02 07:31:33,601 - Knowledge - INFO - Worker kw5 processing /app/data/T0015/327504/b918650/lu5-327504/src/lu5_decorators.h
2026-03-02 07:31:33,677 - Knowledge - INFO - Fast-tracked /app/data/T0015/327504/b918650/lu5-327504/src/platform/geometry/2D/lu5_line.c (ext=.c, size=810)
2026-03-02 07:31:33,783 - Knowledge - INFO - Fast-tracked /app/data/T0015/327504/b918650/lu5-327504/src/platform/lu5_cli.c (ext=.c, size=1363)
2026-03-02 07:31:33,908 - Knowledge - INFO - Worker kw8 processing /app/data/T0015/327504/b918650/lu5-327504/src/lu5_window.h
2026-03-02 07:31:33,982 - Knowledge - INFO - Worker kw9 processing /app/data/T0015/327504/b918650/lu5-327504/src/lu5_core.c
2026-03-02 07:31:34,051 - Knowledge - INFO - Worker kw10 processing /app/data/T0015/327504/b918650/lu5-327504/docs/v0.0.6/window/width/meta.json
2026-03-02 07:31:34,137 - Knowledge - INFO - Worker kw12 processing /app/data/T0015/327504/b918650/lu5-327504/docs/v0.0.6/shapes/circle/meta.json
2026-03-02 07:31:34,225 - Knowledge - INFO - Worker kw13 processing /app/data/T0015/327504/b918650/lu5-327504/docs/v0.0.6/shapes/ellipse/index.html
2026-03-02 07:31:34,323 - Knowledge - INFO - Fast-tracked /app/data/T0015/327504/b918650/lu5-327504/docs/v0.0.6/shapes/quad/meta.json (ext=.json, size=723)
2026-03-02 07:31:34,464 - Knowledge - INFO - Worker kw15 processing /app/data/T0015/327504/b918650/lu5-327504/docs/v0.0.6/math/TWO_PI/meta.json
2026-03-02 07:31:34,554 - Knowledge - INFO - Batch sizing: calculated=10, max_allowed=10, queue=1315, active_workers=15/17
2026-03-02 07:31:34,648 - Knowledge - INFO - [kw17] Queue=1305, InProgress=0, PendingWorkers=15/17, Completed=0/1455 (0.0%)
2026-03-02 07:31:34,747 - Knowledge - INFO - knowledge worker kw18 start
2026-03-02 07:31:34,747 - Knowledge - INFO - Worker kw19 created using shared MongoDB connection pool
2026-03-02 07:31:34,843 - Knowledge - INFO - Fast-tracked /app/data/T0015/327504/b918650/lu5-327504/docs/v0.0.6/window/deltaTime/meta.json (ext=.json, size=520)
2026-03-02 07:31:34,945 - Knowledge - INFO - Fast-tracked /app/data/T0015/327504/b918650/lu5-327504/src/lu5_state.h (ext=.h, size=1629)
2026-03-02 07:31:35,026 - Knowledge - INFO - Worker kw2 processing /app/data/T0015/327504/b918650/lu5-327504/src/bindings/setting.h
2026-03-02 07:31:35,113 - Knowledge - INFO - Worker kw3 processing /app/data/T0015/327504/b918650/lu5-327504/src/bindings/shapes3D.h
2026-03-02 07:31:35,196 - Knowledge - INFO - Worker kw4 processing /app/data/T0015/327504/b918650/lu5-327504/src/bindings/keyboard.h
2026-03-02 07:31:35,274 - Knowledge - INFO - Fast-tracked /app/data/T0015/327504/b918650/lu5-327504/src/lu5_decorators.h (ext=.h, size=316)
2026-03-02 07:31:35,358 - Knowledge - INFO - Worker kw6 processing /app/data/T0015/327504/b918650/lu5-327504/src/platform/geometry/2D/lu5_quad.c
2026-03-02 07:31:35,458 - Knowledge - INFO - Worker kw7 processing /app/data/T0015/327504/b918650/lu5-327504/src/platform/lu5_obj.c
2026-03-02 07:31:35,558 - Knowledge - INFO - Fast-tracked /app/data/T0015/327504/b918650/lu5-327504/src/lu5_window.h (ext=.h, size=1236)
2026-03-02 07:31:35,662 - Knowledge - INFO - Worker kw9 processing /app/data/T0015/327504/b918650/lu5-327504/src/lu5_geometry_core.h
2026-03-02 07:31:35,799 - Knowledge - INFO - Fast-tracked /app/data/T0015/327504/b918650/lu5-327504/docs/v0.0.6/window/width/meta.json (ext=.json, size=361)
2026-03-02 07:31:35,925 - Knowledge - INFO - Fast-tracked /app/data/T0015/327504/b918650/lu5-327504/docs/v0.0.6/shapes/circle/meta.json (ext=.json, size=391)
2026-03-02 07:31:36,017 - Knowledge - INFO - Worker kw13 processing /app/data/T0015/327504/b918650/lu5-327504/docs/v0.0.6/shapes/ellipse/meta.json
2026-03-02 07:31:36,107 - Knowledge - INFO - Worker kw14 processing /app/data/T0015/327504/b918650/lu5-327504/docs/v0.0.6/shapes/index.html
2026-03-02 07:31:36,189 - Knowledge - INFO - Fast-tracked /app/data/T0015/327504/b918650/lu5-327504/docs/v0.0.6/math/TWO_PI/meta.json (ext=.json, size=189)
2026-03-02 07:31:36,306 - Knowledge - INFO - Worker kw16 processing /app/data/T0015/327504/b918650/lu5-327504/docs/v0.0.6/math/max/meta.json
2026-03-02 07:31:36,380 - Knowledge - INFO - Batch sizing: calculated=10, max_allowed=10, queue=1305, active_workers=16/18
2026-03-02 07:31:36,511 - Knowledge - INFO - [kw18] Queue=1295, InProgress=0, PendingWorkers=16/18, Completed=0/1455 (0.0%)
2026-03-02 07:31:36,588 - Knowledge - INFO - knowledge worker kw19 start
2026-03-02 07:31:36,588 - Knowledge - INFO - Worker kw20 created using shared MongoDB connection pool
2026-03-02 07:31:36,680 - Knowledge - INFO - Worker kw11 processing /app/data/T0015/327504/b918650/lu5-327504/docs/v0.0.6/window/index.html
2026-03-02 07:31:36,801 - Knowledge - INFO - Worker kw1 processing /app/data/T0015/327504/b918650/lu5-327504/src/lu5_style.h
2026-03-02 07:31:36,904 - Knowledge - INFO - Worker kw2 processing /app/data/T0015/327504/b918650/lu5-327504/src/bindings/image.c
2026-03-02 07:31:37,396 - Knowledge - INFO - Worker kw5 processing /app/data/T0015/327504/b918650/lu5-327504/src/lu5_bindings.h
2026-03-02 07:31:37,544 - Knowledge - INFO - Fast-tracked /app/data/T0015/327504/b918650/lu5-327504/src/platform/geometry/2D/lu5_quad.c (ext=.c, size=1643)
2026-03-02 07:31:37,626 - Knowledge - INFO - Worker kw7 processing /app/data/T0015/327504/b918650/lu5-327504/src/platform/lu5_image.c
2026-03-02 07:31:37,725 - Knowledge - INFO - Worker kw8 processing /app/data/T0015/327504/b918650/lu5-327504/src/lu5_print.c
2026-03-02 07:31:37,851 - Knowledge - INFO - Worker kw9 processing /app/data/T0015/327504/b918650/lu5-327504/docs/v0.0.6/io/loadStrings/index.html
2026-03-02 07:31:37,966 - Knowledge - INFO - Worker kw10 processing /app/data/T0015/327504/b918650/lu5-327504/docs/v0.0.6/window/createWindow/index.html
2026-03-02 07:31:38,050 - Knowledge - INFO - Worker kw12 processing /app/data/T0015/327504/b918650/lu5-327504/docs/v0.0.6/shapes/point/index.html
2026-03-02 07:31:38,129 - Knowledge - INFO - Fast-tracked /app/data/T0015/327504/b918650/lu5-327504/docs/v0.0.6/shapes/ellipse/meta.json (ext=.json, size=221)
2026-03-02 07:31:38,215 - Knowledge - INFO - Worker kw14 processing /app/data/T0015/327504/b918650/lu5-327504/docs/v0.0.6/mouse.html
2026-03-02 07:31:38,303 - Knowledge - INFO - Worker kw15 processing /app/data/T0015/327504/b918650/lu5-327504/docs/v0.0.6/math/randomSeed/index.html
2026-03-02 07:31:38,386 - Knowledge - INFO - Fast-tracked /app/data/T0015/327504/b918650/lu5-327504/docs/v0.0.6/math/max/meta.json (ext=.json, size=529)
2026-03-02 07:31:38,546 - Knowledge - INFO - Worker kw17 processing /app/data/T0015/327504/b918650/lu5-327504/docs/v0.0.6/math/cos/meta.json
2026-03-02 07:31:38,620 - Knowledge - INFO - Batch sizing: calculated=10, max_allowed=10, queue=1295, active_workers=17/19
2026-03-02 07:31:38,698 - Knowledge - INFO - [kw19] Queue=1285, InProgress=0, PendingWorkers=17/19, Completed=0/1455 (0.0%)
2026-03-02 07:31:38,810 - Knowledge - INFO - knowledge worker kw20 start
2026-03-02 07:31:38,935 - Knowledge - INFO - Worker kw11 processing /app/data/T0015/327504/b918650/lu5-327504/docs/v0.0.6/window/frameRate/index.html
2026-03-02 07:31:39,024 - Knowledge - INFO - Fast-tracked /app/data/T0015/327504/b918650/lu5-327504/src/lu5_style.h (ext=.h, size=1126)
2026-03-02 07:31:39,212 - Knowledge - INFO - Fast-tracked /app/data/T0015/327504/b918650/lu5-327504/src/lu5_bindings.h (ext=.h, size=1446)
2026-03-02 07:31:39,290 - Knowledge - INFO - Worker kw6 processing /app/data/T0015/327504/b918650/lu5-327504/src/platform/geometry/3D/lu5_cylinder.c
2026-03-02 07:31:39,378 - Knowledge - INFO - Worker kw7 processing /app/data/T0015/327504/b918650/lu5-327504/src/platform/stb/stb_image.h
2026-03-02 07:31:39,462 - Knowledge - INFO - Worker kw8 processing /app/data/T0015/327504/b918650/lu5-327504/src/lu5_types.c
2026-03-02 07:31:39,548 - Knowledge - INFO - Worker kw9 processing /app/data/T0015/327504/b918650/lu5-327504/docs/v0.0.6/io/loadStrings/meta.json
2026-03-02 07:31:39,631 - Knowledge - INFO - Worker kw10 processing /app/data/T0015/327504/b918650/lu5-327504/docs/v0.0.6/window/createWindow/meta.json
2026-03-02 07:31:39,734 - Knowledge - INFO - Worker kw12 processing /app/data/T0015/327504/b918650/lu5-327504/docs/v0.0.6/shapes/point/meta.json
2026-03-02 07:31:39,843 - Knowledge - INFO - Worker kw13 processing /app/data/T0015/327504/b918650/lu5-327504/docs/v0.0.6/shapes/vertex/index.html
2026-03-02 07:31:39,990 - Knowledge - INFO - Worker kw14 processing /app/data/T0015/327504/b918650/lu5-327504/docs/v0.0.6/math/round/index.html
2026-03-02 07:31:40,104 - Knowledge - INFO - Worker kw15 processing /app/data/T0015/327504/b918650/lu5-327504/docs/v0.0.6/math/randomSeed/meta.json
2026-03-02 07:31:40,186 - Knowledge - INFO - Worker kw16 processing /app/data/T0015/327504/b918650/lu5-327504/docs/v0.0.6/math/map/index.html
2026-03-02 07:31:40,273 - Knowledge - INFO - Fast-tracked /app/data/T0015/327504/b918650/lu5-327504/docs/v0.0.6/math/cos/meta.json (ext=.json, size=321)
2026-03-02 07:31:40,410 - Knowledge - INFO - Worker kw18 processing /app/data/T0015/327504/b918650/lu5-327504/docs/v0.0.6/vector.html
2026-03-02 07:31:40,548 - Knowledge - INFO - Batch sizing: calculated=10, max_allowed=10, queue=1285, active_workers=18/20
2026-03-02 07:31:40,633 - Knowledge - INFO - [kw20] Queue=1275, InProgress=0, PendingWorkers=18/20, Completed=0/1455 (0.0%)
2026-03-02 07:31:40,725 - Knowledge - INFO - Worker kw11 processing /app/data/T0015/327504/b918650/lu5-327504/docs/v0.0.6/window/frameRate/meta.json
2026-03-02 07:31:40,899 - Knowledge - INFO - Worker kw5 processing /app/data/T0015/327504/b918650/lu5-327504/src/lu5_setting.h
2026-03-02 07:31:41,005 - Knowledge - INFO - Worker kw6 processing /app/data/T0015/327504/b918650/lu5-327504/src/platform/geometry/3D/lu5_plane.c
2026-03-02 07:31:41,087 - Knowledge - INFO - Fast-tracked /app/data/T0015/327504/b918650/lu5-327504/src/platform/stb/stb_image.h (ext=.h, size=282847)
2026-03-02 07:31:41,205 - Knowledge - INFO - Fast-tracked /app/data/T0015/327504/b918650/lu5-327504/src/lu5_types.c (ext=.c, size=1167)
2026-03-02 07:31:41,300 - Knowledge - INFO - Fast-tracked /app/data/T0015/327504/b918650/lu5-327504/docs/v0.0.6/io/loadStrings/meta.json (ext=.json, size=370)
2026-03-02 07:31:41,411 - Knowledge - INFO - Fast-tracked /app/data/T0015/327504/b918650/lu5-327504/docs/v0.0.6/window/createWindow/meta.json (ext=.json, size=533)
2026-03-02 07:31:41,497 - Knowledge - INFO - Fast-tracked /app/data/T0015/327504/b918650/lu5-327504/docs/v0.0.6/shapes/point/meta.json (ext=.json, size=210)
2026-03-02 07:31:41,611 - Knowledge - INFO - Worker kw13 processing /app/data/T0015/327504/b918650/lu5-327504/docs/v0.0.6/shapes/vertex/meta.json
2026-03-02 07:31:41,715 - Knowledge - INFO - Worker kw14 processing /app/data/T0015/327504/b918650/lu5-327504/docs/v0.0.6/math/round/meta.json
2026-03-02 07:31:41,729 - Knowledge - INFO - Fast-tracked /app/data/T0015/327504/b918650/lu5-327504/src/bindings/typography.c (small file (2841 bytes))
2026-03-02 07:31:41,824 - Knowledge - INFO - Fast-tracked /app/data/T0015/327504/b918650/lu5-327504/docs/v0.0.6/math/randomSeed/meta.json (ext=.json, size=313)
2026-03-02 07:31:41,949 - Knowledge - INFO - Worker kw16 processing /app/data/T0015/327504/b918650/lu5-327504/docs/v0.0.6/math/map/meta.json
2026-03-02 07:31:42,002 - Knowledge - INFO - Fast-tracked /app/data/T0015/327504/b918650/lu5-327504/src/bindings/camera.c (small file (2989 bytes))
2026-03-02 07:31:42,049 - Knowledge - INFO - Worker kw17 processing /app/data/T0015/327504/b918650/lu5-327504/docs/v0.0.6/math/ceil/index.html
2026-03-02 07:31:42,129 - Knowledge - INFO - Worker kw18 processing /app/data/T0015/327504/b918650/lu5-327504/docs/v0.0.6/classes/class/index.html
2026-03-02 07:31:42,146 - Knowledge - INFO - Fast-tracked /app/data/T0015/327504/b918650/lu5-327504/src/bindings/models.c (small file (2307 bytes))
2026-03-02 07:31:42,226 - Knowledge - INFO - Worker kw19 processing /app/data/T0015/327504/b918650/lu5-327504/docs/v0.0.6/setting/stroke/index.html
2026-03-02 07:31:42,307 - Knowledge - INFO - Batch sizing: calculated=10, max_allowed=10, queue=1275, active_workers=19/20
2026-03-02 07:31:42,376 - Knowledge - INFO - Fast-tracked /app/data/T0015/327504/b918650/lu5-327504/docs/v0.0.6/window/frameRate/meta.json (ext=.json, size=562)
2026-03-02 07:31:42,512 - Knowledge - INFO - Fast-tracked /app/data/T0015/327504/b918650/lu5-327504/src/lu5_setting.h (ext=.h, size=557)
2026-03-02 07:31:42,595 - Knowledge - INFO - Fast-tracked /app/data/T0015/327504/b918650/lu5-327504/src/platform/geometry/3D/lu5_plane.c (ext=.c, size=879)
2026-03-02 07:31:42,689 - Knowledge - INFO - Worker kw7 processing /app/data/T0015/327504/b918650/lu5-327504/src/platform/stb/stb_image_write.h
2026-03-02 07:31:42,782 - Knowledge - INFO - Worker kw8 processing /app/data/T0015/327504/b918650/lu5-327504/src/lu5_logger.h
2026-03-02 07:31:42,863 - Knowledge - INFO - Worker kw9 processing /app/data/T0015/327504/b918650/lu5-327504/docs/v0.0.6/io/loadText/index.html
2026-03-02 07:31:42,969 - Knowledge - INFO - Worker kw10 processing /app/data/T0015/327504/b918650/lu5-327504/docs/v0.0.6/window/windowResized/index.html
2026-03-02 07:31:43,057 - Knowledge - INFO - Worker kw12 processing /app/data/T0015/327504/b918650/lu5-327504/docs/v0.0.6/shapes/beginShape/index.html
2026-03-02 07:31:43,155 - Knowledge - INFO - Fast-tracked /app/data/T0015/327504/b918650/lu5-327504/docs/v0.0.6/shapes/vertex/meta.json (ext=.json, size=373)
2026-03-02 07:31:43,231 - Knowledge - INFO - Fast-tracked /app/data/T0015/327504/b918650/lu5-327504/docs/v0.0.6/math/round/meta.json (ext=.json, size=328)
2026-03-02 07:31:43,438 - Knowledge - INFO - Worker kw15 processing /app/data/T0015/327504/b918650/lu5-327504/docs/v0.0.6/math/floor/index.html
2026-03-02 07:31:43,538 - Knowledge - INFO - Fast-tracked /app/data/T0015/327504/b918650/lu5-327504/docs/v0.0.6/math/map/meta.json (ext=.json, size=576)
2026-03-02 07:31:43,718 - Knowledge - INFO - Worker kw17 processing /app/data/T0015/327504/b918650/lu5-327504/docs/v0.0.6/math/ceil/meta.json
2026-03-02 07:31:43,810 - Knowledge - INFO - Worker kw18 processing /app/data/T0015/327504/b918650/lu5-327504/docs/v0.0.6/classes/class/meta.json
2026-03-02 07:31:43,969 - Knowledge - INFO - Worker kw19 processing /app/data/T0015/327504/b918650/lu5-327504/docs/v0.0.6/setting/stroke/meta.json
2026-03-02 07:31:44,070 - Knowledge - INFO - Worker kw20 processing /app/data/T0015/327504/b918650/lu5-327504/docs/v0.0.6/setting/pop/meta.json
2026-03-02 07:31:44,188 - Knowledge - INFO - Worker kw11 processing /app/data/T0015/327504/b918650/lu5-327504/docs/v0.0.6/keyboard.html
2026-03-02 07:31:44,268 - Knowledge - INFO - Worker kw5 processing /app/data/T0015/327504/b918650/lu5-327504/src/lu5_error.h
2026-03-02 07:31:44,356 - Knowledge - INFO - Worker kw6 processing /app/data/T0015/327504/b918650/lu5-327504/src/platform/geometry/3D/lu5_debug.c
2026-03-02 07:31:44,562 - Knowledge - INFO - Fast-tracked /app/data/T0015/327504/b918650/lu5-327504/src/lu5_logger.h (ext=.h, size=1223)
2026-03-02 07:31:44,676 - Knowledge - INFO - Worker kw9 processing /app/data/T0015/327504/b918650/lu5-327504/docs/v0.0.6/io/loadText/meta.json
2026-03-02 07:31:44,772 - Knowledge - INFO - Worker kw10 processing /app/data/T0015/327504/b918650/lu5-327504/docs/v0.0.6/window/windowResized/meta.json
2026-03-02 07:31:44,856 - Knowledge - INFO - Worker kw12 processing /app/data/T0015/327504/b918650/lu5-327504/docs/v0.0.6/shapes/beginShape/meta.json
2026-03-02 07:31:44,962 - Knowledge - INFO - Worker kw13 processing /app/data/T0015/327504/b918650/lu5-327504/docs/v0.0.6/shapes/rect/index.html
2026-03-02 07:31:45,041 - Knowledge - INFO - Worker kw14 processing /app/data/T0015/327504/b918650/lu5-327504/docs/v0.0.6/math/min/index.html
2026-03-02 07:31:45,128 - Knowledge - INFO - Worker kw15 processing /app/data/T0015/327504/b918650/lu5-327504/docs/v0.0.6/math/floor/meta.json
2026-03-02 07:31:45,189 - Knowledge - INFO - Worker kw16 processing /app/data/T0015/327504/b918650/lu5-327504/docs/v0.0.6/math/constrain/index.html
2026-03-02 07:31:45,273 - Knowledge - INFO - Fast-tracked /app/data/T0015/327504/b918650/lu5-327504/docs/v0.0.6/math/ceil/meta.json (ext=.json, size=475)
2026-03-02 07:31:45,430 - Knowledge - INFO - Fast-tracked /app/data/T0015/327504/b918650/lu5-327504/docs/v0.0.6/classes/class/meta.json (ext=.json, size=849)
2026-03-02 07:31:45,514 - Knowledge - INFO - Fast-tracked /app/data/T0015/327504/b918650/lu5-327504/docs/v0.0.6/setting/stroke/meta.json (ext=.json, size=485)
2026-03-02 07:31:45,521 - Knowledge - INFO - Fast-tracked /app/data/T0015/327504/b918650/lu5-327504/src/bindings/image.c (small file (2938 bytes))
2026-03-02 07:31:45,688 - Knowledge - INFO - Fast-tracked /app/data/T0015/327504/b918650/lu5-327504/docs/v0.0.6/setting/pop/meta.json (ext=.json, size=210)
2026-03-02 07:31:45,780 - Knowledge - INFO - Worker kw11 processing /app/data/T0015/327504/b918650/lu5-327504/docs/v0.0.6/shapes/line/index.html
2026-03-02 07:31:45,858 - Knowledge - INFO - Fast-tracked /app/data/T0015/327504/b918650/lu5-327504/src/lu5_error.h (ext=.h, size=160)
2026-03-02 07:31:45,949 - Knowledge - INFO - Fast-tracked /app/data/T0015/327504/b918650/lu5-327504/src/platform/geometry/3D/lu5_debug.c (ext=.c, size=1734)
2026-03-02 07:31:46,062 - Knowledge - INFO - Worker kw8 processing /app/data/T0015/327504/b918650/lu5-327504/src/lu5_list.h
2026-03-02 07:31:46,147 - Knowledge - INFO - Fast-tracked /app/data/T0015/327504/b918650/lu5-327504/docs/v0.0.6/io/loadText/meta.json (ext=.json, size=339)
2026-03-02 07:31:46,224 - Knowledge - INFO - Fast-tracked /app/data/T0015/327504/b918650/lu5-327504/docs/v0.0.6/window/windowResized/meta.json (ext=.json, size=402)
2026-03-02 07:31:46,310 - Knowledge - INFO - Fast-tracked /app/data/T0015/327504/b918650/lu5-327504/docs/v0.0.6/shapes/beginShape/meta.json (ext=.json, size=612)
2026-03-02 07:31:46,402 - Knowledge - INFO - Worker kw13 processing /app/data/T0015/327504/b918650/lu5-327504/docs/v0.0.6/shapes/rect/meta.json
2026-03-02 07:31:46,488 - Knowledge - INFO - Worker kw14 processing /app/data/T0015/327504/b918650/lu5-327504/docs/v0.0.6/math/min/meta.json
2026-03-02 07:31:46,568 - Knowledge - INFO - Fast-tracked /app/data/T0015/327504/b918650/lu5-327504/docs/v0.0.6/math/floor/meta.json (ext=.json, size=498)
2026-03-02 07:31:46,706 - Knowledge - INFO - Worker kw16 processing /app/data/T0015/327504/b918650/lu5-327504/docs/v0.0.6/math/constrain/meta.json
2026-03-02 07:31:46,820 - Knowledge - INFO - Worker kw17 processing /app/data/T0015/327504/b918650/lu5-327504/docs/v0.0.6/math/HALF_PI/index.html
2026-03-02 07:31:46,895 - Knowledge - INFO - Worker kw18 processing /app/data/T0015/327504/b918650/lu5-327504/docs/v0.0.6/classes/index.html
2026-03-02 07:31:47,009 - Knowledge - INFO - Worker kw19 processing /app/data/T0015/327504/b918650/lu5-327504/docs/v0.0.6/setting/noFill/index.html
2026-03-02 07:31:47,170 - Knowledge - INFO - Worker kw20 processing /app/data/T0015/327504/b918650/lu5-327504/docs/v0.0.6/setting.html
2026-03-02 07:31:47,286 - Knowledge - INFO - Worker kw11 processing /app/data/T0015/327504/b918650/lu5-327504/docs/v0.0.6/shapes/line/meta.json
2026-03-02 07:31:47,430 - Knowledge - INFO - Fast-tracked /app/data/T0015/327504/b918650/lu5-327504/src/bindings/mouse.h (small file (2971 bytes))
2026-03-02 07:31:47,720 - Knowledge - INFO - Fast-tracked /app/data/T0015/327504/b918650/lu5-327504/src/lu5_list.h (ext=.h, size=424)
2026-03-02 07:31:47,916 - Knowledge - INFO - Worker kw10 processing /app/data/T0015/327504/b918650/lu5-327504/docs/v0.0.6/window/height/index.html
2026-03-02 07:31:48,057 - Knowledge - INFO - Worker kw12 processing /app/data/T0015/327504/b918650/lu5-327504/docs/v0.0.6/shapes/triangle/index.html
2026-03-02 07:31:48,075 - Knowledge - INFO - [LLM_CALL] Completed: lu5_icon.h:chunk1, Duration: 7274ms, PromptTokens: 22008, CompletionTokens: 107, Cost: $0.00224
2026-03-02 07:31:48,189 - Knowledge - INFO - Fast-tracked /app/data/T0015/327504/b918650/lu5-327504/docs/v0.0.6/shapes/rect/meta.json (ext=.json, size=423)
2026-03-02 07:31:48,267 - Knowledge - INFO - Fast-tracked /app/data/T0015/327504/b918650/lu5-327504/docs/v0.0.6/math/min/meta.json (ext=.json, size=530)
2026-03-02 07:31:48,347 - Knowledge - INFO - Worker kw15 processing /app/data/T0015/327504/b918650/lu5-327504/docs/v0.0.6/math/sin/index.html
2026-03-02 07:31:48,472 - Knowledge - INFO - Fast-tracked /app/data/T0015/327504/b918650/lu5-327504/docs/v0.0.6/math/constrain/meta.json (ext=.json, size=438)
2026-03-02 07:31:48,563 - Knowledge - INFO - Worker kw17 processing /app/data/T0015/327504/b918650/lu5-327504/docs/v0.0.6/math/HALF_PI/meta.json
2026-03-02 07:31:48,747 - Knowledge - INFO - Worker kw18 processing /app/data/T0015/327504/b918650/lu5-327504/docs/v0.0.6/setting/strokeWeight/index.html
2026-03-02 07:31:48,884 - Knowledge - INFO - Worker kw19 processing /app/data/T0015/327504/b918650/lu5-327504/docs/v0.0.6/setting/noFill/meta.json
2026-03-02 07:31:49,049 - Knowledge - INFO - Worker kw20 processing /app/data/T0015/327504/b918650/lu5-327504/docs/v0.0.6/keyboard/KEY_X/index.html
2026-03-02 07:31:49,126 - Knowledge - INFO - Fast-tracked /app/data/T0015/327504/b918650/lu5-327504/docs/v0.0.6/shapes/line/meta.json (ext=.json, size=473)
2026-03-02 07:31:49,530 - Knowledge - INFO - Worker kw12 processing /app/data/T0015/327504/b918650/lu5-327504/docs/v0.0.6/shapes/triangle/meta.json
2026-03-02 07:31:49,654 - Knowledge - INFO - done ingest for /app/data/T0015/327504/b918650/lu5-327504/src/static/lu5_icon.h
2026-03-02 07:31:49,748 - Knowledge - INFO - Worker kw13 processing /app/data/T0015/327504/b918650/lu5-327504/docs/v0.0.6/shapes/square/index.html
2026-03-02 07:31:49,843 - Knowledge - INFO - Worker kw14 processing /app/data/T0015/327504/b918650/lu5-327504/docs/v0.0.6/math/QUARTER_PI/index.html
2026-03-02 07:31:49,970 - Knowledge - INFO - Worker kw15 processing /app/data/T0015/327504/b918650/lu5-327504/docs/v0.0.6/math/sin/meta.json
2026-03-02 07:31:50,109 - Knowledge - INFO - Worker kw16 processing /app/data/T0015/327504/b918650/lu5-327504/docs/v0.0.6/math/random/index.html
2026-03-02 07:31:50,238 - Knowledge - INFO - Fast-tracked /app/data/T0015/327504/b918650/lu5-327504/src/bindings/shapes3D.h (small file (2520 bytes))
2026-03-02 07:31:50,257 - Knowledge - INFO - Fast-tracked /app/data/T0015/327504/b918650/lu5-327504/docs/v0.0.6/math/HALF_PI/meta.json (ext=.json, size=190)
2026-03-02 07:31:50,369 - Knowledge - INFO - Worker kw18 processing /app/data/T0015/327504/b918650/lu5-327504/docs/v0.0.6/setting/strokeWeight/meta.json
2026-03-02 07:31:50,478 - Knowledge - INFO - Fast-tracked /app/data/T0015/327504/b918650/lu5-327504/docs/v0.0.6/setting/noFill/meta.json (ext=.json, size=198)
2026-03-02 07:31:50,723 - Knowledge - INFO - Worker kw20 processing /app/data/T0015/327504/b918650/lu5-327504/docs/v0.0.6/keyboard/KEY_X/meta.json
2026-03-02 07:31:50,810 - Knowledge - INFO - Worker kw11 processing /app/data/T0015/327504/b918650/lu5-327504/docs/v0.0.6/shapes/endShape/index.html
2026-03-02 07:31:50,939 - Knowledge - INFO - Fast-tracked /app/data/T0015/327504/b918650/lu5-327504/docs/v0.0.6/shapes/triangle/meta.json (ext=.json, size=216)
2026-03-02 07:31:51,199 - Knowledge - INFO - Worker kw13 processing /app/data/T0015/327504/b918650/lu5-327504/docs/v0.0.6/shapes/square/meta.json
2026-03-02 07:31:51,334 - Knowledge - INFO - Worker kw14 processing /app/data/T0015/327504/b918650/lu5-327504/docs/v0.0.6/math/QUARTER_PI/meta.json
2026-03-02 07:31:51,454 - Knowledge - INFO - Fast-tracked /app/data/T0015/327504/b918650/lu5-327504/docs/v0.0.6/math/sin/meta.json (ext=.json, size=319)
2026-03-02 07:31:51,629 - Knowledge - INFO - Worker kw16 processing /app/data/T0015/327504/b918650/lu5-327504/docs/v0.0.6/math/random/meta.json
2026-03-02 07:31:51,842 - Knowledge - INFO - [LLM_CALL] Completed: setting.h:chunk1, Duration: 8501ms, PromptTokens: 4204, CompletionTokens: 526, Cost: $0.00063
2026-03-02 07:31:51,864 - Knowledge - INFO - Worker kw17 processing /app/data/T0015/327504/b918650/lu5-327504/docs/v0.0.6/math/tan/index.html
2026-03-02 07:31:52,038 - Knowledge - INFO - Fast-tracked /app/data/T0015/327504/b918650/lu5-327504/docs/v0.0.6/setting/strokeWeight/meta.json (ext=.json, size=323)
2026-03-02 07:31:52,105 - Knowledge - INFO - Worker kw19 processing /app/data/T0015/327504/b918650/lu5-327504/docs/v0.0.6/setting/noStroke/index.html
2026-03-02 07:31:52,234 - Knowledge - INFO - Fast-tracked /app/data/T0015/327504/b918650/lu5-327504/docs/v0.0.6/keyboard/KEY_X/meta.json (ext=.json, size=188)
2026-03-02 07:31:52,441 - Knowledge - INFO - Worker kw12 processing /app/data/T0015/327504/b918650/lu5-327504/docs/v0.0.6/shapes/arc/index.html
2026-03-02 07:31:52,534 - Knowledge - INFO - Fast-tracked /app/data/T0015/327504/b918650/lu5-327504/docs/v0.0.6/shapes/square/meta.json (ext=.json, size=387)
2026-03-02 07:31:52,625 - Knowledge - INFO - Fast-tracked /app/data/T0015/327504/b918650/lu5-327504/docs/v0.0.6/math/QUARTER_PI/meta.json (ext=.json, size=193)
2026-03-02 07:31:52,712 - Knowledge - INFO - Worker kw15 processing /app/data/T0015/327504/b918650/lu5-327504/docs/v0.0.6/math/abs/index.html
2026-03-02 07:31:52,804 - Knowledge - INFO - Fast-tracked /app/data/T0015/327504/b918650/lu5-327504/docs/v0.0.6/math/random/meta.json (ext=.json, size=602)
2026-03-02 07:31:52,897 - Knowledge - INFO - done ingest for /app/data/T0015/327504/b918650/lu5-327504/src/bindings/setting.h
2026-03-02 07:31:52,989 - Knowledge - INFO - Worker kw17 processing /app/data/T0015/327504/b918650/lu5-327504/docs/v0.0.6/math/tan/meta.json
2026-03-02 07:31:53,102 - Knowledge - INFO - Worker kw18 processing /app/data/T0015/327504/b918650/lu5-327504/docs/v0.0.6/setting/push/index.html
2026-03-02 07:31:53,213 - Knowledge - INFO - Worker kw19 processing /app/data/T0015/327504/b918650/lu5-327504/docs/v0.0.6/setting/noStroke/meta.json
2026-03-02 07:31:53,342 - Knowledge - INFO - Worker kw20 processing /app/data/T0015/327504/b918650/lu5-327504/docs/v0.0.6/keyboard/KEY_H/index.html
2026-03-02 07:31:53,466 - Knowledge - INFO - Fast-tracked /app/data/T0015/327504/b918650/lu5-327504/src/bindings/typography.h (small file (2725 bytes))
2026-03-02 07:31:53,540 - Knowledge - INFO - Worker kw13 processing /app/data/T0015/327504/b918650/lu5-327504/docs/v0.0.6/shapes/quad/index.html
2026-03-02 07:31:53,619 - Knowledge - INFO - Worker kw14 processing /app/data/T0015/327504/b918650/lu5-327504/docs/v0.0.6/math/TWO_PI/index.html
2026-03-02 07:31:53,688 - Knowledge - INFO - Worker kw15 processing /app/data/T0015/327504/b918650/lu5-327504/docs/v0.0.6/math/abs/meta.json
2026-03-02 07:31:53,758 - Knowledge - INFO - Worker kw16 processing /app/data/T0015/327504/b918650/lu5-327504/docs/v0.0.6/math/PI/index.html
2026-03-02 07:31:53,973 - Knowledge - INFO - Fast-tracked /app/data/T0015/327504/b918650/lu5-327504/docs/v0.0.6/math/tan/meta.json (ext=.json, size=322)
2026-03-02 07:31:54,095 - Knowledge - INFO - Worker kw18 processing /app/data/T0015/327504/b918650/lu5-327504/docs/v0.0.6/setting/push/meta.json
2026-03-02 07:31:54,221 - Knowledge - INFO - Fast-tracked /app/data/T0015/327504/b918650/lu5-327504/docs/v0.0.6/setting/noStroke/meta.json (ext=.json, size=303)
2026-03-02 07:31:54,342 - Knowledge - INFO - Worker kw20 processing /app/data/T0015/327504/b918650/lu5-327504/docs/v0.0.6/keyboard/KEY_H/meta.json
2026-03-02 07:31:54,789 - Knowledge - INFO - Fast-tracked /app/data/T0015/327504/b918650/lu5-327504/src/platform/geometry/2D/lu5_triangle.c (small file (2138 bytes))
2026-03-02 07:31:54,858 - Knowledge - INFO - Fast-tracked /app/data/T0015/327504/b918650/lu5-327504/docs/v0.0.6/math/abs/meta.json (ext=.json, size=440)
2026-03-02 07:31:54,971 - Knowledge - INFO - Worker kw16 processing /app/data/T0015/327504/b918650/lu5-327504/docs/v0.0.6/math/PI/meta.json
2026-03-02 07:31:55,061 - Knowledge - INFO - Worker kw17 processing /app/data/T0015/327504/b918650/lu5-327504/docs/v0.0.6/math/index.html
2026-03-02 07:31:55,192 - Knowledge - INFO - Fast-tracked /app/data/T0015/327504/b918650/lu5-327504/docs/v0.0.6/setting/push/meta.json (ext=.json, size=207)
2026-03-02 07:31:55,357 - Knowledge - INFO - Worker kw19 processing /app/data/T0015/327504/b918650/lu5-327504/docs/v0.0.6/setting/index.html
2026-03-02 07:31:55,623 - Knowledge - INFO - Fast-tracked /app/data/T0015/327504/b918650/lu5-327504/docs/v0.0.6/keyboard/KEY_H/meta.json (ext=.json, size=188)
2026-03-02 07:31:55,832 - Knowledge - INFO - Worker kw15 processing /app/data/T0015/327504/b918650/lu5-327504/docs/v0.0.6/math/max/index.html
2026-03-02 07:31:55,836 - Knowledge - INFO - [LLM_CALL] Completed: lu5_math.c:chunk1, Duration: 16708ms, PromptTokens: 4524, CompletionTokens: 826, Cost: $0.00078
2026-03-02 07:31:55,983 - Knowledge - INFO - Fast-tracked /app/data/T0015/327504/b918650/lu5-327504/docs/v0.0.6/math/PI/meta.json (ext=.json, size=185)
2026-03-02 07:31:56,066 - Knowledge - INFO - Worker kw17 processing /app/data/T0015/327504/b918650/lu5-327504/docs/v0.0.6/typography.html
2026-03-02 07:31:56,151 - Knowledge - INFO - Worker kw18 processing /app/data/T0015/327504/b918650/lu5-327504/docs/v0.0.6/setting/background/index.html
2026-03-02 07:31:56,259 - Knowledge - INFO - Worker kw19 processing /app/data/T0015/327504/b918650/lu5-327504/docs/v0.0.6/setting/fill/index.html
2026-03-02 07:31:56,364 - Knowledge - INFO - Worker kw20 processing /app/data/T0015/327504/b918650/lu5-327504/docs/v0.0.6/keyboard/KEY_P/index.html
2026-03-02 07:31:56,556 - Knowledge - INFO - done ingest for /app/data/T0015/327504/b918650/lu5-327504/src/bindings/lu5_math.c
2026-03-02 07:31:56,557 - Knowledge - INFO - [LLM_CALL] Completed: lu5_bindings.c:chunk1, Duration: 13666ms, PromptTokens: 5674, CompletionTokens: 897, Cost: $0.00093
2026-03-02 07:31:56,655 - Knowledge - INFO - Worker kw16 processing /app/data/T0015/327504/b918650/lu5-327504/docs/v0.0.6/math/cos/index.html
2026-03-02 07:31:56,734 - Knowledge - INFO - Worker kw17 processing /app/data/T0015/327504/b918650/lu5-327504/docs/v0.0.6/image.html
2026-03-02 07:31:56,820 - Knowledge - INFO - Worker kw18 processing /app/data/T0015/327504/b918650/lu5-327504/docs/v0.0.6/setting/background/meta.json
2026-03-02 07:31:56,931 - Knowledge - INFO - Worker kw19 processing /app/data/T0015/327504/b918650/lu5-327504/docs/v0.0.6/setting/fill/meta.json
2026-03-02 07:31:57,012 - Knowledge - INFO - Worker kw20 processing /app/data/T0015/327504/b918650/lu5-327504/docs/v0.0.6/keyboard/KEY_P/meta.json
2026-03-02 07:31:57,179 - Knowledge - INFO - done ingest for /app/data/T0015/327504/b918650/lu5-327504/src/lu5_bindings.c
2026-03-02 07:31:57,305 - Knowledge - INFO - Processing batch of 10 files
2026-03-02 07:31:57,476 - Knowledge - INFO - Fast-tracked /app/data/T0015/327504/b918650/lu5-327504/docs/v0.0.6/setting/background/meta.json (ext=.json, size=392)
2026-03-02 07:31:57,560 - Knowledge - INFO - Fast-tracked /app/data/T0015/327504/b918650/lu5-327504/docs/v0.0.6/setting/fill/meta.json (ext=.json, size=508)
2026-03-02 07:31:57,694 - Knowledge - INFO - Fast-tracked /app/data/T0015/327504/b918650/lu5-327504/docs/v0.0.6/keyboard/KEY_P/meta.json (ext=.json, size=188)
2026-03-02 07:31:57,862 - Knowledge - INFO - Processing batch of 10 files
2026-03-02 07:31:57,893 - Knowledge - INFO - process ingested knowledge for /app/data/T0015/327504/b918650/lu5-327504/src/lu5_list.c
2026-03-02 07:31:58,105 - Knowledge - INFO - Worker kw19 processing /app/data/T0015/327504/b918650/lu5-327504/docs/v0.0.6/setting/pop/index.html
2026-03-02 07:31:58,263 - Knowledge - INFO - Worker kw20 processing /app/data/T0015/327504/b918650/lu5-327504/docs/v0.0.6/keyboard/RIGHT_ARROW/index.html
2026-03-02 07:31:58,302 - Knowledge - INFO - process ingested knowledge for /app/data/T0015/327504/b918650/lu5-327504/src/lu5_types.h
2026-03-02 07:31:58,402 - Knowledge - INFO - process ingested knowledge for /app/data/T0015/327504/b918650/lu5-327504/src/lu5_font.h
2026-03-02 07:31:58,627 - Knowledge - INFO - Worker kw20 processing /app/data/T0015/327504/b918650/lu5-327504/docs/v0.0.6/keyboard/RIGHT_ARROW/meta.json
2026-03-02 07:31:58,702 - Knowledge - INFO - process ingested knowledge for /app/data/T0015/327504/b918650/lu5-327504/src/static/lu5_icon.h
2026-03-02 07:31:58,819 - Knowledge - INFO - process ingested knowledge for /app/data/T0015/327504/b918650/lu5-327504/src/lu5_color.h
2026-03-02 07:31:58,925 - Knowledge - INFO - Fast-tracked /app/data/T0015/327504/b918650/lu5-327504/docs/v0.0.6/keyboard/RIGHT_ARROW/meta.json (ext=.json, size=192)
2026-03-02 07:31:59,035 - Knowledge - INFO - process ingested knowledge for /app/data/T0015/327504/b918650/lu5-327504/src/lu5_print.h
2026-03-02 07:31:59,173 - Knowledge - INFO - process ingested knowledge for /app/data/T0015/327504/b918650/lu5-327504/src/lu5_obj.h
2026-03-02 07:31:59,421 - Knowledge - INFO - process ingested knowledge for /app/data/T0015/327504/b918650/lu5-327504/src/lu5_bindings.c
2026-03-02 07:31:59,560 - Knowledge - INFO - process ingested knowledge for /app/data/T0015/327504/b918650/lu5-327504/src/lu5_logger.c
2026-03-02 07:31:59,760 - Knowledge - INFO - process ingested knowledge for /app/data/T0015/327504/b918650/lu5-327504/src/lu5_core.h
2026-03-02 07:31:59,913 - Knowledge - INFO - process ingested knowledge for /app/data/T0015/327504/b918650/lu5-327504/src/bindings/lu5_math.c
2026-03-02 07:32:00,009 - Knowledge - INFO - process ingested knowledge for /app/data/T0015/327504/b918650/lu5-327504/src/lu5_fs.h
2026-03-02 07:32:00,116 - Knowledge - INFO - process ingested knowledge for /app/data/T0015/327504/b918650/lu5-327504/src/bindings/typography.c
2026-03-02 07:32:00,275 - Knowledge - INFO - process ingested knowledge for /app/data/T0015/327504/b918650/lu5-327504/src/lu5_random.h
2026-03-02 07:32:00,356 - Knowledge - INFO - process ingested knowledge for /app/data/T0015/327504/b918650/lu5-327504/src/bindings/classes.h
2026-03-02 07:32:00,508 - Knowledge - INFO - process ingested knowledge for /app/data/T0015/327504/b918650/lu5-327504/src/lu5_event_callbacks.h
2026-03-02 07:32:00,594 - Knowledge - INFO - process ingested knowledge for /app/data/T0015/327504/b918650/lu5-327504/src/bindings/setting.h
2026-03-02 07:32:00,751 - Knowledge - INFO - process ingested knowledge for /app/data/T0015/327504/b918650/lu5-327504/src/lu5_state.h
2026-03-02 07:32:00,862 - Knowledge - INFO - process ingested knowledge for /app/data/T0015/327504/b918650/lu5-327504/src/bindings/image.c
2026-03-02 07:32:00,965 - Knowledge - INFO - process ingested knowledge for /app/data/T0015/327504/b918650/lu5-327504/src/lu5_style.h
2026-03-02 07:32:01,049 - Knowledge - INFO - [LLM_CALL] Completed: window.h:chunk1, Duration: 17436ms, PromptTokens: 3404, CompletionTokens: 336, Cost: $0.00047
2026-03-02 07:32:01,304 - Knowledge - INFO - done ingest for /app/data/T0015/327504/b918650/lu5-327504/src/bindings/window.h
2026-03-02 07:32:05,000 - Knowledge - INFO - [LLM_CALL] Completed: shapes.h:chunk1, Duration: 25887ms, PromptTokens: 4148, CompletionTokens: 641, Cost: $0.00067
2026-03-02 07:32:05,261 - Knowledge - INFO - done ingest for /app/data/T0015/327504/b918650/lu5-327504/src/bindings/shapes.h
2026-03-02 07:32:05,363 - Knowledge - INFO - [LLM_CALL] Completed: classes.c:chunk1, Duration: 15700ms, PromptTokens: 2772, CompletionTokens: 582, Cost: $0.00051
2026-03-02 07:32:05,582 - Knowledge - INFO - done ingest for /app/data/T0015/327504/b918650/lu5-327504/src/bindings/classes.c
2026-03-02 07:32:05,744 - Knowledge - INFO - [LLM_CALL] Completed: lu5_vector.h:chunk1, Duration: 18716ms, PromptTokens: 4266, CompletionTokens: 607, Cost: $0.00067
2026-03-02 07:32:05,947 - Knowledge - INFO - done ingest for /app/data/T0015/327504/b918650/lu5-327504/src/bindings/lu5_vector.h
2026-03-02 07:32:05,949 - Knowledge - INFO - [kw1] Queue=1255, InProgress=0, PendingWorkers=20/20, Completed=21/1455 (1.4%)
2026-03-02 07:32:05,950 - Knowledge - INFO - [WEBSOCKET] Sent: Type=progress_update, Size: 290, Duration: 0ms
2026-03-02 07:32:06,245 - Knowledge - INFO - Batch sizing: calculated=10, max_allowed=10, queue=1255, active_workers=20/20
2026-03-02 07:32:06,375 - Knowledge - INFO - [WEBSOCKET] Sent: Type=unknown, Size: ?, Duration: 425ms
2026-03-02 07:32:06,575 - Knowledge - INFO - Progress: 1.4% | Files: 22/1455 | Rate: 0.34 files/sec | Queue: 1245
2026-03-02 07:32:06,577 - Knowledge - INFO - [LLM_CALL] Completed: shapes3D.c:chunk1, Duration: 29574ms, PromptTokens: 3258, CompletionTokens: 627, Cost: $0.00058
2026-03-02 07:32:06,740 - Knowledge - INFO - [kw2] Queue=1245, InProgress=0, PendingWorkers=20/20, Completed=22/1455 (1.5%)
2026-03-02 07:32:06,838 - Knowledge - INFO - done ingest for /app/data/T0015/327504/b918650/lu5-327504/src/bindings/shapes3D.c
2026-03-02 07:32:06,840 - Knowledge - INFO - Async storing batch of 10 embeddings
2026-03-02 07:32:06,895 - Knowledge - INFO - Processing batch of 10 files
2026-03-02 07:32:06,939 - Knowledge - INFO - Batch sizing: calculated=10, max_allowed=10, queue=1245, active_workers=20/20
2026-03-02 07:32:07,105 - Knowledge - INFO - Processing batch of 10 files
2026-03-02 07:32:07,140 - Knowledge - INFO - Worker kw1 processing /app/data/T0015/327504/b918650/lu5-327504/docs/v0.0.6/keyboard/KEY_L/index.html
2026-03-02 07:32:07,213 - Knowledge - INFO - process ingested knowledge for /app/data/T0015/327504/b918650/lu5-327504/src/bindings/mouse.h
2026-03-02 07:32:07,328 - Knowledge - INFO - Async storing batch of 10 embeddings
2026-03-02 07:32:07,419 - Knowledge - INFO - process ingested knowledge for /app/data/T0015/327504/b918650/lu5-327504/src/bindings/shapes3D.c
2026-03-02 07:32:07,502 - Knowledge - INFO - Worker kw1 processing /app/data/T0015/327504/b918650/lu5-327504/docs/v0.0.6/keyboard/KEY_L/meta.json
2026-03-02 07:32:07,616 - Knowledge - INFO - process ingested knowledge for /app/data/T0015/327504/b918650/lu5-327504/src/bindings/setting.c
2026-03-02 07:32:07,723 - Knowledge - INFO - Worker kw2 processing /app/data/T0015/327504/b918650/lu5-327504/docs/v0.0.6/keyboard/DOWN_ARROW/index.html
2026-03-02 07:32:07,799 - Knowledge - INFO - process ingested knowledge for /app/data/T0015/327504/b918650/lu5-327504/src/bindings/transform.h
2026-03-02 07:32:07,901 - Knowledge - INFO - Fast-tracked /app/data/T0015/327504/b918650/lu5-327504/docs/v0.0.6/keyboard/KEY_L/meta.json (ext=.json, size=188)
2026-03-02 07:32:08,044 - Knowledge - INFO - process ingested knowledge for /app/data/T0015/327504/b918650/lu5-327504/src/bindings/camera.h
2026-03-02 07:32:08,124 - Knowledge - INFO - Worker kw2 processing /app/data/T0015/327504/b918650/lu5-327504/docs/v0.0.6/keyboard/DOWN_ARROW/meta.json
2026-03-02 07:32:08,214 - Knowledge - INFO - process ingested knowledge for /app/data/T0015/327504/b918650/lu5-327504/src/bindings/keyboard.c
2026-03-02 07:32:08,337 - Knowledge - INFO - Worker kw1 processing /app/data/T0015/327504/b918650/lu5-327504/docs/v0.0.6/keyboard/KEY_D/index.html
2026-03-02 07:32:08,427 - Knowledge - INFO - process ingested knowledge for /app/data/T0015/327504/b918650/lu5-327504/src/bindings/classes.c
2026-03-02 07:32:08,512 - Knowledge - INFO - Fast-tracked /app/data/T0015/327504/b918650/lu5-327504/docs/v0.0.6/keyboard/DOWN_ARROW/meta.json (ext=.json, size=191)
2026-03-02 07:32:08,618 - Knowledge - INFO - process ingested knowledge for /app/data/T0015/327504/b918650/lu5-327504/src/bindings/models.h
2026-03-02 07:32:08,736 - Knowledge - INFO - Worker kw1 processing /app/data/T0015/327504/b918650/lu5-327504/docs/v0.0.6/keyboard/KEY_D/meta.json
2026-03-02 07:32:08,814 - Knowledge - INFO - process ingested knowledge for /app/data/T0015/327504/b918650/lu5-327504/src/lu5_image.h
2026-03-02 07:32:08,895 - Knowledge - INFO - Worker kw2 processing /app/data/T0015/327504/b918650/lu5-327504/docs/v0.0.6/keyboard/KEY_B/index.html
2026-03-02 07:32:08,974 - Knowledge - INFO - process ingested knowledge for /app/data/T0015/327504/b918650/lu5-327504/src/bindings/shapes.h
2026-03-02 07:32:09,048 - Knowledge - INFO - Fast-tracked /app/data/T0015/327504/b918650/lu5-327504/docs/v0.0.6/keyboard/KEY_D/meta.json (ext=.json, size=188)
2026-03-02 07:32:09,137 - Knowledge - INFO - process ingested knowledge for /app/data/T0015/327504/b918650/lu5-327504/src/lu5_cli_options.h
2026-03-02 07:32:09,255 - Knowledge - INFO - Worker kw2 processing /app/data/T0015/327504/b918650/lu5-327504/docs/v0.0.6/keyboard/KEY_B/meta.json
2026-03-02 07:32:09,355 - Knowledge - INFO - process ingested knowledge for /app/data/T0015/327504/b918650/lu5-327504/src/bindings/camera.c
2026-03-02 07:32:09,431 - Knowledge - INFO - Worker kw1 processing /app/data/T0015/327504/b918650/lu5-327504/docs/v0.0.6/keyboard/KEY_T/index.html
2026-03-02 07:32:09,523 - Knowledge - INFO - process ingested knowledge for /app/data/T0015/327504/b918650/lu5-327504/src/lu5_decorators.h
2026-03-02 07:32:09,614 - Knowledge - INFO - Fast-tracked /app/data/T0015/327504/b918650/lu5-327504/docs/v0.0.6/keyboard/KEY_B/meta.json (ext=.json, size=188)
2026-03-02 07:32:09,720 - Knowledge - INFO - process ingested knowledge for /app/data/T0015/327504/b918650/lu5-327504/src/bindings/window.h
2026-03-02 07:32:09,839 - Knowledge - INFO - Worker kw1 processing /app/data/T0015/327504/b918650/lu5-327504/docs/v0.0.6/keyboard/KEY_T/meta.json
2026-03-02 07:32:09,929 - Knowledge - INFO - process ingested knowledge for /app/data/T0015/327504/b918650/lu5-327504/src/lu5_bindings.h
2026-03-02 07:32:10,037 - Knowledge - INFO - Worker kw2 processing /app/data/T0015/327504/b918650/lu5-327504/docs/v0.0.6/keyboard/KEY_R/index.html
2026-03-02 07:32:10,155 - Knowledge - INFO - process ingested knowledge for /app/data/T0015/327504/b918650/lu5-327504/src/bindings/lu5_vector.h
2026-03-02 07:32:10,282 - Knowledge - INFO - Fast-tracked /app/data/T0015/327504/b918650/lu5-327504/docs/v0.0.6/keyboard/KEY_T/meta.json (ext=.json, size=188)
2026-03-02 07:32:10,365 - Knowledge - INFO - process ingested knowledge for /app/data/T0015/327504/b918650/lu5-327504/src/lu5_setting.h
2026-03-02 07:32:10,482 - Knowledge - INFO - Worker kw2 processing /app/data/T0015/327504/b918650/lu5-327504/docs/v0.0.6/keyboard/KEY_R/meta.json
2026-03-02 07:32:10,611 - Knowledge - INFO - process ingested knowledge for /app/data/T0015/327504/b918650/lu5-327504/src/bindings/io.h
2026-03-02 07:32:10,689 - Knowledge - INFO - Worker kw1 processing /app/data/T0015/327504/b918650/lu5-327504/docs/v0.0.6/keyboard/KEY_Z/index.html
2026-03-02 07:32:10,771 - Knowledge - INFO - process ingested knowledge for /app/data/T0015/327504/b918650/lu5-327504/src/lu5_error.h
2026-03-02 07:32:10,873 - Knowledge - INFO - Fast-tracked /app/data/T0015/327504/b918650/lu5-327504/docs/v0.0.6/keyboard/KEY_R/meta.json (ext=.json, size=188)
2026-03-02 07:32:10,974 - Knowledge - INFO - process ingested knowledge for /app/data/T0015/327504/b918650/lu5-327504/src/bindings/shapes3D.h
2026-03-02 07:32:11,073 - Knowledge - INFO - Worker kw1 processing /app/data/T0015/327504/b918650/lu5-327504/docs/v0.0.6/keyboard/KEY_Z/meta.json
2026-03-02 07:32:11,240 - Knowledge - INFO - Worker kw2 processing /app/data/T0015/327504/b918650/lu5-327504/docs/v0.0.6/keyboard/keyHeld/index.html
2026-03-02 07:32:11,450 - Knowledge - INFO - Fast-tracked /app/data/T0015/327504/b918650/lu5-327504/docs/v0.0.6/keyboard/KEY_Z/meta.json (ext=.json, size=188)
2026-03-02 07:32:11,514 - Knowledge - INFO - Worker kw2 processing /app/data/T0015/327504/b918650/lu5-327504/docs/v0.0.6/keyboard/keyHeld/meta.json
2026-03-02 07:32:11,600 - Knowledge - INFO - Worker kw1 processing /app/data/T0015/327504/b918650/lu5-327504/docs/v0.0.6/keyboard/KEY_J/index.html
2026-03-02 07:32:11,687 - Knowledge - INFO - Fast-tracked /app/data/T0015/327504/b918650/lu5-327504/docs/v0.0.6/keyboard/keyHeld/meta.json (ext=.json, size=386)
2026-03-02 07:32:11,802 - Knowledge - INFO - Worker kw1 processing /app/data/T0015/327504/b918650/lu5-327504/docs/v0.0.6/keyboard/KEY_J/meta.json
2026-03-02 07:32:11,899 - Knowledge - INFO - Worker kw2 processing /app/data/T0015/327504/b918650/lu5-327504/docs/v0.0.6/keyboard/KEY_N/index.html
2026-03-02 07:32:12,076 - Knowledge - INFO - Fast-tracked /app/data/T0015/327504/b918650/lu5-327504/docs/v0.0.6/keyboard/KEY_J/meta.json (ext=.json, size=188)
2026-03-02 07:32:12,195 - Knowledge - INFO - Worker kw2 processing /app/data/T0015/327504/b918650/lu5-327504/docs/v0.0.6/keyboard/KEY_N/meta.json
2026-03-02 07:32:12,376 - Knowledge - INFO - Fast-tracked /app/data/T0015/327504/b918650/lu5-327504/docs/v0.0.6/keyboard/KEY_N/meta.json (ext=.json, size=188)
2026-03-02 07:32:12,779 - Knowledge - INFO - [kw5] Queue=1235, InProgress=0, PendingWorkers=20/20, Completed=40/1455 (2.7%)
2026-03-02 07:32:12,893 - Knowledge - INFO - [kw3] Queue=1235, InProgress=0, PendingWorkers=20/20, Completed=40/1455 (2.7%)
2026-03-02 07:32:12,992 - Knowledge - INFO - Batch sizing: calculated=10, max_allowed=10, queue=1235, active_workers=20/20
2026-03-02 07:32:13,093 - Knowledge - INFO - Batch sizing: calculated=10, max_allowed=10, queue=1235, active_workers=20/20
2026-03-02 07:32:13,207 - Knowledge - INFO - Async storing batch of 10 embeddings
2026-03-02 07:32:13,342 - Knowledge - INFO - Async storing batch of 10 embeddings
2026-03-02 07:32:13,449 - Knowledge - INFO - Worker kw5 processing /app/data/T0015/327504/b918650/lu5-327504/docs/v0.0.6/keyboard/KEY_ENTER/index.html
2026-03-02 07:32:13,577 - Knowledge - INFO - Worker kw3 processing /app/data/T0015/327504/b918650/lu5-327504/docs/v0.0.6/keyboard/KEY_I/index.html
2026-03-02 07:32:13,677 - Knowledge - INFO - Worker kw5 processing /app/data/T0015/327504/b918650/lu5-327504/docs/v0.0.6/keyboard/KEY_ENTER/meta.json
2026-03-02 07:32:13,770 - Knowledge - INFO - Worker kw3 processing /app/data/T0015/327504/b918650/lu5-327504/docs/v0.0.6/keyboard/KEY_I/meta.json
2026-03-02 07:32:13,853 - Knowledge - INFO - Fast-tracked /app/data/T0015/327504/b918650/lu5-327504/docs/v0.0.6/keyboard/KEY_ENTER/meta.json (ext=.json, size=192)
2026-03-02 07:32:14,006 - Knowledge - INFO - Fast-tracked /app/data/T0015/327504/b918650/lu5-327504/docs/v0.0.6/keyboard/KEY_I/meta.json (ext=.json, size=188)
2026-03-02 07:32:14,109 - Knowledge - INFO - Worker kw5 processing /app/data/T0015/327504/b918650/lu5-327504/docs/v0.0.6/keyboard/KEY_F/index.html
2026-03-02 07:32:14,213 - Knowledge - INFO - Worker kw3 processing /app/data/T0015/327504/b918650/lu5-327504/docs/v0.0.6/keyboard/KEY_A/index.html
2026-03-02 07:32:14,353 - Knowledge - INFO - Worker kw5 processing /app/data/T0015/327504/b918650/lu5-327504/docs/v0.0.6/keyboard/KEY_F/meta.json
2026-03-02 07:32:14,470 - Knowledge - INFO - Worker kw3 processing /app/data/T0015/327504/b918650/lu5-327504/docs/v0.0.6/keyboard/KEY_A/meta.json
2026-03-02 07:32:14,555 - Knowledge - INFO - Fast-tracked /app/data/T0015/327504/b918650/lu5-327504/docs/v0.0.6/keyboard/KEY_F/meta.json (ext=.json, size=188)
2026-03-02 07:32:14,653 - Knowledge - INFO - Fast-tracked /app/data/T0015/327504/b918650/lu5-327504/docs/v0.0.6/keyboard/KEY_A/meta.json (ext=.json, size=188)
2026-03-02 07:32:14,720 - Knowledge - INFO - Worker kw5 processing /app/data/T0015/327504/b918650/lu5-327504/docs/v0.0.6/keyboard/KEY_V/index.html
2026-03-02 07:32:14,802 - Knowledge - INFO - Worker kw3 processing /app/data/T0015/327504/b918650/lu5-327504/docs/v0.0.6/keyboard/KEY_Q/index.html
2026-03-02 07:32:14,953 - Knowledge - INFO - Worker kw5 processing /app/data/T0015/327504/b918650/lu5-327504/docs/v0.0.6/keyboard/KEY_V/meta.json
2026-03-02 07:32:15,044 - Knowledge - INFO - Worker kw3 processing /app/data/T0015/327504/b918650/lu5-327504/docs/v0.0.6/keyboard/KEY_Q/meta.json
2026-03-02 07:32:15,126 - Knowledge - INFO - Fast-tracked /app/data/T0015/327504/b918650/lu5-327504/docs/v0.0.6/keyboard/KEY_V/meta.json (ext=.json, size=188)
2026-03-02 07:32:15,265 - Knowledge - INFO - Fast-tracked /app/data/T0015/327504/b918650/lu5-327504/docs/v0.0.6/keyboard/KEY_Q/meta.json (ext=.json, size=188)
2026-03-02 07:32:15,370 - Knowledge - INFO - Worker kw5 processing /app/data/T0015/327504/b918650/lu5-327504/docs/v0.0.6/keyboard/keyReleased/index.html
2026-03-02 07:32:15,469 - Knowledge - INFO - Worker kw3 processing /app/data/T0015/327504/b918650/lu5-327504/docs/v0.0.6/keyboard/KEY_BACKSPACE/index.html
2026-03-02 07:32:15,619 - Knowledge - INFO - Worker kw5 processing /app/data/T0015/327504/b918650/lu5-327504/docs/v0.0.6/keyboard/keyReleased/meta.json
2026-03-02 07:32:15,783 - Knowledge - INFO - Worker kw3 processing /app/data/T0015/327504/b918650/lu5-327504/docs/v0.0.6/keyboard/KEY_BACKSPACE/meta.json
2026-03-02 07:32:15,957 - Knowledge - INFO - Fast-tracked /app/data/T0015/327504/b918650/lu5-327504/docs/v0.0.6/keyboard/keyReleased/meta.json (ext=.json, size=397)
2026-03-02 07:32:16,106 - Knowledge - INFO - Fast-tracked /app/data/T0015/327504/b918650/lu5-327504/docs/v0.0.6/keyboard/KEY_BACKSPACE/meta.json (ext=.json, size=196)
2026-03-02 07:32:16,182 - Knowledge - INFO - Worker kw5 processing /app/data/T0015/327504/b918650/lu5-327504/docs/v0.0.6/keyboard/KEY_Y/index.html
2026-03-02 07:32:16,279 - Knowledge - INFO - Worker kw3 processing /app/data/T0015/327504/b918650/lu5-327504/docs/v0.0.6/keyboard/KEY_M/index.html
2026-03-02 07:32:16,387 - Knowledge - INFO - Worker kw5 processing /app/data/T0015/327504/b918650/lu5-327504/docs/v0.0.6/keyboard/KEY_Y/meta.json
2026-03-02 07:32:16,470 - Knowledge - INFO - Worker kw3 processing /app/data/T0015/327504/b918650/lu5-327504/docs/v0.0.6/keyboard/KEY_M/meta.json
2026-03-02 07:32:16,542 - Knowledge - INFO - Fast-tracked /app/data/T0015/327504/b918650/lu5-327504/docs/v0.0.6/keyboard/KEY_Y/meta.json (ext=.json, size=188)
2026-03-02 07:32:16,576 - Knowledge - INFO - Fast-tracked /app/data/T0015/327504/b918650/lu5-327504/src/platform/lu5_fs.c (small file (2676 bytes))
2026-03-02 07:32:16,660 - Knowledge - INFO - Fast-tracked /app/data/T0015/327504/b918650/lu5-327504/docs/v0.0.6/keyboard/KEY_M/meta.json (ext=.json, size=188)
2026-03-02 07:32:18,956 - Knowledge - INFO - [LLM_CALL] Completed: lu5_cylinder.c:chunk1, Duration: 23226ms, PromptTokens: 4214, CompletionTokens: 295, Cost: $0.00054
2026-03-02 07:32:19,158 - Knowledge - INFO - done ingest for /app/data/T0015/327504/b918650/lu5-327504/src/platform/geometry/3D/lu5_cylinder.c
2026-03-02 07:32:19,429 - Knowledge - INFO - [LLM_CALL] Completed: lu5_color.c:chunk1, Duration: 31810ms, PromptTokens: 4160, CompletionTokens: 467, Cost: $0.00060
2026-03-02 07:32:19,583 - Knowledge - INFO - done ingest for /app/data/T0015/327504/b918650/lu5-327504/src/lu5_color.c
2026-03-02 07:32:19,871 - Knowledge - INFO - Processing batch of 10 files
2026-03-02 07:32:20,062 - Knowledge - INFO - process ingested knowledge for /app/data/T0015/327504/b918650/lu5-327504/src/lu5_color.c
2026-03-02 07:32:20,281 - Knowledge - INFO - process ingested knowledge for /app/data/T0015/327504/b918650/lu5-327504/src/platform/lu5_setting.c
2026-03-02 07:32:20,710 - Knowledge - INFO - process ingested knowledge for /app/data/T0015/327504/b918650/lu5-327504/src/platform/geometry/2D/lu5_ellipse.c
2026-03-02 07:32:20,944 - Knowledge - INFO - process ingested knowledge for /app/data/T0015/327504/b918650/lu5-327504/src/platform/geometry/2D/lu5_triangle.c
2026-03-02 07:32:21,192 - Knowledge - INFO - process ingested knowledge for /app/data/T0015/327504/b918650/lu5-327504/src/platform/geometry/2D/lu5_arc.c
2026-03-02 07:32:21,392 - Knowledge - INFO - process ingested knowledge for /app/data/T0015/327504/b918650/lu5-327504/src/platform/geometry/2D/lu5_line.c
2026-03-02 07:32:21,558 - Knowledge - INFO - process ingested knowledge for /app/data/T0015/327504/b918650/lu5-327504/src/platform/geometry/2D/lu5_quad.c
2026-03-02 07:32:21,739 - Knowledge - INFO - process ingested knowledge for /app/data/T0015/327504/b918650/lu5-327504/src/platform/geometry/3D/lu5_cylinder.c
2026-03-02 07:32:21,909 - Knowledge - INFO - process ingested knowledge for /app/data/T0015/327504/b918650/lu5-327504/src/platform/geometry/3D/lu5_plane.c
2026-03-02 07:32:22,105 - Knowledge - INFO - process ingested knowledge for /app/data/T0015/327504/b918650/lu5-327504/src/platform/geometry/3D/lu5_debug.c
2026-03-02 07:32:26,206 - Knowledge - INFO - [kw6] Queue=1215, InProgress=0, PendingWorkers=20/20, Completed=50/1455 (3.4%)
2026-03-02 07:32:26,215 - Knowledge - INFO - [LLM_CALL] Completed: keyboard.h:chunk1, Duration: 31667ms, PromptTokens: 5222, CompletionTokens: 598, Cost: $0.00076
2026-03-02 07:32:26,424 - Knowledge - INFO - Batch sizing: calculated=10, max_allowed=10, queue=1215, active_workers=20/20
2026-03-02 07:32:26,509 - Knowledge - INFO - done ingest for /app/data/T0015/327504/b918650/lu5-327504/src/bindings/keyboard.h
2026-03-02 07:32:26,597 - Knowledge - INFO - Async storing batch of 10 embeddings
2026-03-02 07:32:27,074 - Knowledge - INFO - Worker kw6 processing /app/data/T0015/327504/b918650/lu5-327504/docs/v0.0.6/keyboard/LEFT_ARROW/index.html
2026-03-02 07:32:27,272 - Knowledge - INFO - [LLM_CALL] Completed: lu5_vector.c:chunk1, Duration: 48264ms, PromptTokens: 7884, CompletionTokens: 625, Cost: $0.00104
2026-03-02 07:32:27,340 - Knowledge - INFO - Worker kw6 processing /app/data/T0015/327504/b918650/lu5-327504/docs/v0.0.6/keyboard/LEFT_ARROW/meta.json
2026-03-02 07:32:27,476 - Knowledge - INFO - done ingest for /app/data/T0015/327504/b918650/lu5-327504/src/bindings/lu5_vector.c
2026-03-02 07:32:27,556 - Knowledge - INFO - Fast-tracked /app/data/T0015/327504/b918650/lu5-327504/docs/v0.0.6/keyboard/LEFT_ARROW/meta.json (ext=.json, size=191)
2026-03-02 07:32:28,201 - Knowledge - INFO - Worker kw6 processing /app/data/T0015/327504/b918650/lu5-327504/docs/v0.0.6/keyboard/KEY_E/index.html
2026-03-02 07:32:28,584 - Knowledge - INFO - Worker kw6 processing /app/data/T0015/327504/b918650/lu5-327504/docs/v0.0.6/keyboard/KEY_E/meta.json
2026-03-02 07:32:28,681 - Knowledge - INFO - Fast-tracked /app/data/T0015/327504/b918650/lu5-327504/src/lu5_geometry_core.h (small file (3049 bytes))
2026-03-02 07:32:28,880 - Knowledge - INFO - Fast-tracked /app/data/T0015/327504/b918650/lu5-327504/docs/v0.0.6/keyboard/KEY_E/meta.json (ext=.json, size=188)
2026-03-02 07:32:29,049 - Knowledge - INFO - [LLM_CALL] Completed: lu5_math.h:chunk1, Duration: 42623ms, PromptTokens: 3620, CompletionTokens: 693, Cost: $0.00064
2026-03-02 07:32:29,160 - Knowledge - INFO - Worker kw6 processing /app/data/T0015/327504/b918650/lu5-327504/docs/v0.0.6/keyboard/keyIsDown/index.html
2026-03-02 07:32:29,252 - Knowledge - INFO - done ingest for /app/data/T0015/327504/b918650/lu5-327504/src/bindings/lu5_math.h
2026-03-02 07:32:29,413 - Knowledge - INFO - Worker kw6 processing /app/data/T0015/327504/b918650/lu5-327504/docs/v0.0.6/keyboard/keyIsDown/meta.json
2026-03-02 07:32:29,647 - Knowledge - INFO - Fast-tracked /app/data/T0015/327504/b918650/lu5-327504/docs/v0.0.6/keyboard/keyIsDown/meta.json (ext=.json, size=677)
2026-03-02 07:32:29,879 - Knowledge - INFO - Worker kw6 processing /app/data/T0015/327504/b918650/lu5-327504/docs/v0.0.6/keyboard/KEY_U/index.html
2026-03-02 07:32:30,040 - Knowledge - INFO - [LLM_CALL] Completed: shapes.c:chunk1, Duration: 46134ms, PromptTokens: 4610, CompletionTokens: 733, Cost: $0.00075
2026-03-02 07:32:30,071 - Knowledge - INFO - Worker kw6 processing /app/data/T0015/327504/b918650/lu5-327504/docs/v0.0.6/keyboard/KEY_U/meta.json
2026-03-02 07:32:30,242 - Knowledge - INFO - done ingest for /app/data/T0015/327504/b918650/lu5-327504/src/bindings/shapes.c
2026-03-02 07:32:30,332 - Knowledge - INFO - Fast-tracked /app/data/T0015/327504/b918650/lu5-327504/docs/v0.0.6/keyboard/KEY_U/meta.json (ext=.json, size=188)
2026-03-02 07:32:30,715 - Knowledge - INFO - Worker kw6 processing /app/data/T0015/327504/b918650/lu5-327504/docs/v0.0.6/keyboard/KEY_K/index.html
2026-03-02 07:32:30,818 - Knowledge - INFO - [LLM_CALL] Completed: window.c:chunk1, Duration: 53492ms, PromptTokens: 3530, CompletionTokens: 655, Cost: $0.00061
2026-03-02 07:32:30,902 - Knowledge - INFO - Worker kw6 processing /app/data/T0015/327504/b918650/lu5-327504/docs/v0.0.6/keyboard/KEY_K/meta.json
2026-03-02 07:32:31,003 - Knowledge - INFO - done ingest for /app/data/T0015/327504/b918650/lu5-327504/src/bindings/window.c
2026-03-02 07:32:31,092 - Knowledge - INFO - Fast-tracked /app/data/T0015/327504/b918650/lu5-327504/docs/v0.0.6/keyboard/KEY_K/meta.json (ext=.json, size=188)
2026-03-02 07:32:31,265 - Knowledge - INFO - Processing batch of 10 files
2026-03-02 07:32:31,456 - Knowledge - INFO - process ingested knowledge for /app/data/T0015/327504/b918650/lu5-327504/src/bindings/window.c
2026-03-02 07:32:31,639 - Knowledge - INFO - process ingested knowledge for /app/data/T0015/327504/b918650/lu5-327504/src/bindings/lu5_vector.c
2026-03-02 07:32:31,795 - Knowledge - INFO - process ingested knowledge for /app/data/T0015/327504/b918650/lu5-327504/src/bindings/image.h
2026-03-02 07:32:31,969 - Knowledge - INFO - process ingested knowledge for /app/data/T0015/327504/b918650/lu5-327504/src/bindings/io.c
2026-03-02 07:32:32,180 - Knowledge - INFO - process ingested knowledge for /app/data/T0015/327504/b918650/lu5-327504/src/bindings/models.c
2026-03-02 07:32:32,345 - Knowledge - INFO - process ingested knowledge for /app/data/T0015/327504/b918650/lu5-327504/src/bindings/shapes.c
2026-03-02 07:32:32,556 - Knowledge - INFO - process ingested knowledge for /app/data/T0015/327504/b918650/lu5-327504/src/bindings/lu5_math.h
2026-03-02 07:32:32,946 - Knowledge - INFO - process ingested knowledge for /app/data/T0015/327504/b918650/lu5-327504/src/bindings/transform.c
2026-03-02 07:32:33,165 - Knowledge - INFO - process ingested knowledge for /app/data/T0015/327504/b918650/lu5-327504/src/bindings/typography.h
2026-03-02 07:32:33,362 - Knowledge - INFO - process ingested knowledge for /app/data/T0015/327504/b918650/lu5-327504/src/bindings/keyboard.h
2026-03-02 07:32:34,495 - Knowledge - INFO - [WEBSOCKET] Sent: Type=progress_update, Size: 290, Duration: 0ms
2026-03-02 07:32:34,689 - Knowledge - INFO - [WEBSOCKET] Sent: Type=unknown, Size: ?, Duration: 194ms
2026-03-02 07:32:34,871 - Knowledge - INFO - Progress: 4.1% | Files: 60/1455 | Rate: 0.64 files/sec | Queue: 1205
2026-03-02 07:32:35,083 - Knowledge - INFO - [kw4] Queue=1205, InProgress=0, PendingWorkers=20/20, Completed=60/1455 (4.1%)
2026-03-02 07:32:35,249 - Knowledge - INFO - Batch sizing: calculated=10, max_allowed=10, queue=1205, active_workers=20/20
2026-03-02 07:32:35,424 - Knowledge - INFO - Async storing batch of 10 embeddings
2026-03-02 07:32:35,617 - Knowledge - INFO - Worker kw4 processing /app/data/T0015/327504/b918650/lu5-327504/docs/v0.0.6/keyboard/KEY_C/index.html
2026-03-02 07:32:35,824 - Knowledge - INFO - Worker kw4 processing /app/data/T0015/327504/b918650/lu5-327504/docs/v0.0.6/keyboard/KEY_C/meta.json
2026-03-02 07:32:36,008 - Knowledge - INFO - Fast-tracked /app/data/T0015/327504/b918650/lu5-327504/docs/v0.0.6/keyboard/KEY_C/meta.json (ext=.json, size=188)
2026-03-02 07:32:36,198 - Knowledge - INFO - Worker kw4 processing /app/data/T0015/327504/b918650/lu5-327504/docs/v0.0.6/keyboard/KEY_S/index.html
2026-03-02 07:32:36,365 - Knowledge - INFO - Worker kw4 processing /app/data/T0015/327504/b918650/lu5-327504/docs/v0.0.6/keyboard/KEY_S/meta.json
2026-03-02 07:32:36,579 - Knowledge - INFO - Fast-tracked /app/data/T0015/327504/b918650/lu5-327504/docs/v0.0.6/keyboard/KEY_S/meta.json (ext=.json, size=188)
2026-03-02 07:32:36,769 - Knowledge - INFO - Worker kw4 processing /app/data/T0015/327504/b918650/lu5-327504/docs/v0.0.6/keyboard/index.html
2026-03-02 07:32:36,951 - Knowledge - INFO - Worker kw4 processing /app/data/T0015/327504/b918650/lu5-327504/docs/v0.0.6/keyboard/KEY_O/index.html
2026-03-02 07:32:37,131 - Knowledge - INFO - Worker kw4 processing /app/data/T0015/327504/b918650/lu5-327504/docs/v0.0.6/keyboard/KEY_O/meta.json
2026-03-02 07:32:37,331 - Knowledge - INFO - Fast-tracked /app/data/T0015/327504/b918650/lu5-327504/docs/v0.0.6/keyboard/KEY_O/meta.json (ext=.json, size=188)
2026-03-02 07:32:37,524 - Knowledge - INFO - Worker kw4 processing /app/data/T0015/327504/b918650/lu5-327504/docs/v0.0.6/keyboard/KEY_G/index.html
2026-03-02 07:32:37,800 - Knowledge - INFO - Worker kw4 processing /app/data/T0015/327504/b918650/lu5-327504/docs/v0.0.6/keyboard/KEY_G/meta.json
2026-03-02 07:32:38,091 - Knowledge - INFO - Fast-tracked /app/data/T0015/327504/b918650/lu5-327504/docs/v0.0.6/keyboard/KEY_G/meta.json (ext=.json, size=188)
2026-03-02 07:32:38,305 - Knowledge - INFO - Worker kw4 processing /app/data/T0015/327504/b918650/lu5-327504/docs/v0.0.6/keyboard/KEY_W/index.html
2026-03-02 07:32:44,347 - Knowledge - INFO - [LLM_CALL] Completed: lu5_font.c:chunk1, Duration: 40113ms, PromptTokens: 5196, CompletionTokens: 840, Cost: $0.00086
2026-03-02 07:32:44,515 - Knowledge - INFO - done ingest for /app/data/T0015/327504/b918650/lu5-327504/src/platform/lu5_font.c
2026-03-02 07:32:45,038 - Knowledge - INFO - [LLM_CALL] Completed: lu5_print.c:chunk1, Duration: 28155ms, PromptTokens: 3346, CompletionTokens: 496, Cost: $0.00053
2026-03-02 07:32:45,230 - Knowledge - INFO - done ingest for /app/data/T0015/327504/b918650/lu5-327504/src/lu5_print.c
2026-03-02 07:32:45,750 - Knowledge - INFO - [LLM_CALL] Completed: lu5_cli_options.c:chunk1, Duration: 56086ms, PromptTokens: 5428, CompletionTokens: 521, Cost: $0.00075
2026-03-02 07:32:45,939 - Knowledge - INFO - done ingest for /app/data/T0015/327504/b918650/lu5-327504/src/platform/lu5_cli_options.c
2026-03-02 07:32:46,221 - Knowledge - INFO - Processing batch of 10 files
2026-03-02 07:32:46,420 - Knowledge - INFO - process ingested knowledge for /app/data/T0015/327504/b918650/lu5-327504/src/platform/lu5_cli_options.c
2026-03-02 07:32:46,633 - Knowledge - INFO - process ingested knowledge for /app/data/T0015/327504/b918650/lu5-327504/src/platform/lu5_font.c
2026-03-02 07:32:46,806 - Knowledge - INFO - process ingested knowledge for /app/data/T0015/327504/b918650/lu5-327504/src/platform/lu5_random.c
2026-03-02 07:32:46,980 - Knowledge - INFO - process ingested knowledge for /app/data/T0015/327504/b918650/lu5-327504/src/platform/lu5_fs.c
2026-03-02 07:32:47,178 - Knowledge - INFO - process ingested knowledge for /app/data/T0015/327504/b918650/lu5-327504/src/lu5_cli.h
2026-03-02 07:32:47,342 - Knowledge - INFO - process ingested knowledge for /app/data/T0015/327504/b918650/lu5-327504/src/lu5_window.h
2026-03-02 07:32:47,511 - Knowledge - INFO - process ingested knowledge for /app/data/T0015/327504/b918650/lu5-327504/src/lu5_print.c
2026-03-02 07:32:47,699 - Knowledge - INFO - process ingested knowledge for /app/data/T0015/327504/b918650/lu5-327504/src/lu5_types.c
2026-03-02 07:32:47,915 - Knowledge - INFO - process ingested knowledge for /app/data/T0015/327504/b918650/lu5-327504/src/lu5_logger.h
2026-03-02 07:32:48,105 - Knowledge - INFO - process ingested knowledge for /app/data/T0015/327504/b918650/lu5-327504/src/lu5_list.h
2026-03-02 07:32:49,478 - Knowledge - INFO - [kw8] Queue=1195, InProgress=0, PendingWorkers=20/20, Completed=70/1455 (4.8%)
2026-03-02 07:32:49,664 - Knowledge - INFO - Batch sizing: calculated=10, max_allowed=10, queue=1195, active_workers=20/20
2026-03-02 07:32:49,831 - Knowledge - INFO - Async storing batch of 10 embeddings
2026-03-02 07:32:50,035 - Knowledge - INFO - Worker kw8 processing /app/data/T0015/327504/b918650/lu5-327504/docs/v0.0.6/keyboard/KEY_W/meta.json
2026-03-02 07:32:50,198 - Knowledge - INFO - Fast-tracked /app/data/T0015/327504/b918650/lu5-327504/docs/v0.0.6/keyboard/KEY_W/meta.json (ext=.json, size=188)
2026-03-02 07:32:50,439 - Knowledge - INFO - Worker kw8 processing /app/data/T0015/327504/b918650/lu5-327504/docs/v0.0.6/keyboard/keyPressed/index.html
2026-03-02 07:32:50,656 - Knowledge - INFO - Worker kw8 processing /app/data/T0015/327504/b918650/lu5-327504/docs/v0.0.6/keyboard/keyPressed/meta.json
2026-03-02 07:32:50,839 - Knowledge - INFO - Fast-tracked /app/data/T0015/327504/b918650/lu5-327504/docs/v0.0.6/keyboard/keyPressed/meta.json (ext=.json, size=578)
2026-03-02 07:32:51,023 - Knowledge - INFO - Worker kw8 processing /app/data/T0015/327504/b918650/lu5-327504/docs/v0.0.6/keyboard/UP_ARROW/index.html
2026-03-02 07:32:51,221 - Knowledge - INFO - Worker kw8 processing /app/data/T0015/327504/b918650/lu5-327504/docs/v0.0.6/keyboard/UP_ARROW/meta.json
2026-03-02 07:32:51,437 - Knowledge - INFO - Fast-tracked /app/data/T0015/327504/b918650/lu5-327504/docs/v0.0.6/keyboard/UP_ARROW/meta.json (ext=.json, size=189)
2026-03-02 07:32:51,598 - Knowledge - INFO - Worker kw8 processing /app/data/T0015/327504/b918650/lu5-327504/docs/v0.0.6/classes.html
2026-03-02 07:32:51,755 - Knowledge - INFO - Worker kw8 processing /app/data/T0015/327504/b918650/lu5-327504/docs/v0.0.6/modules.json
2026-03-02 07:32:51,951 - Knowledge - INFO - Fast-tracked /app/data/T0015/327504/b918650/lu5-327504/docs/v0.0.6/modules.json (ext=.json, size=3687)
2026-03-02 07:32:52,115 - Knowledge - INFO - Worker kw8 processing /app/data/T0015/327504/b918650/lu5-327504/docs/v0.0.6/mouse/mouseY/index.html
2026-03-02 07:32:52,277 - Knowledge - INFO - Worker kw8 processing /app/data/T0015/327504/b918650/lu5-327504/docs/v0.0.6/mouse/mouseY/meta.json
2026-03-02 07:32:52,484 - Knowledge - INFO - Fast-tracked /app/data/T0015/327504/b918650/lu5-327504/docs/v0.0.6/mouse/mouseY/meta.json (ext=.json, size=337)
2026-03-02 07:32:52,676 - Knowledge - INFO - Worker kw8 processing /app/data/T0015/327504/b918650/lu5-327504/docs/v0.0.6/mouse/mouseReleased/index.html
2026-03-02 07:32:56,748 - Knowledge - INFO - Split /app/data/T0015/327504/b918650/lu5-327504/src/platform/stb/stb_image_write.h (71220 bytes) into 3 chunks of ~32KB
2026-03-02 07:33:05,641 - Knowledge - WARNING - Timeout processing /app/data/T0015/327504/b918650/lu5-327504/src/lu5_event_callbacks.c after 90s - using fallback metadata
2026-03-02 07:33:05,830 - Knowledge - WARNING - Timeout processing /app/data/T0015/327504/b918650/lu5-327504/src/lu5_geometry.h after 90s - using fallback metadata
2026-03-02 07:33:06,012 - Knowledge - WARNING - Timeout processing /app/data/T0015/327504/b918650/lu5-327504/src/lu5_core.c after 90s - using fallback metadata
2026-03-02 07:33:08,710 - Knowledge - INFO - [LLM_CALL] Completed: index.html:chunk1, Duration: 47ms, PromptTokens: 4720, CompletionTokens: 59, Cost: $0.00050
2026-03-02 07:33:08,886 - Knowledge - INFO - done ingest for /app/data/T0015/327504/b918650/lu5-327504/docs/v0.0.6/io/loadStrings/index.html
2026-03-02 07:33:11,154 - Knowledge - INFO - [LLM_CALL] Completed: index.html:chunk1, Duration: 815ms, PromptTokens: 4680, CompletionTokens: 59, Cost: $0.00049
2026-03-02 07:33:11,324 - Knowledge - INFO - done ingest for /app/data/T0015/327504/b918650/lu5-327504/docs/v0.0.6/io/loadText/index.html
2026-03-02 07:33:11,607 - Knowledge - INFO - Processing batch of 10 files
2026-03-02 07:33:11,780 - Knowledge - INFO - process ingested knowledge for /app/data/T0015/327504/b918650/lu5-327504/src/lu5_event_callbacks.c
2026-03-02 07:33:11,984 - Knowledge - INFO - process ingested knowledge for /app/data/T0015/327504/b918650/lu5-327504/src/lu5_state.c
2026-03-02 07:33:12,187 - Knowledge - INFO - process ingested knowledge for /app/data/T0015/327504/b918650/lu5-327504/src/lu5_geometry.h
2026-03-02 07:33:12,352 - Knowledge - INFO - process ingested knowledge for /app/data/T0015/327504/b918650/lu5-327504/src/lu5_style.c
2026-03-02 07:33:12,518 - Knowledge - INFO - process ingested knowledge for /app/data/T0015/327504/b918650/lu5-327504/src/lu5_core.c
2026-03-02 07:33:12,682 - Knowledge - INFO - process ingested knowledge for /app/data/T0015/327504/b918650/lu5-327504/src/lu5_geometry_core.h
2026-03-02 07:33:12,850 - Knowledge - INFO - process ingested knowledge for /app/data/T0015/327504/b918650/lu5-327504/docs/v0.0.6/io/loadStrings/index.html
2026-03-02 07:33:13,014 - Knowledge - INFO - process ingested knowledge for /app/data/T0015/327504/b918650/lu5-327504/docs/v0.0.6/io/loadStrings/meta.json
2026-03-02 07:33:13,250 - Knowledge - INFO - process ingested knowledge for /app/data/T0015/327504/b918650/lu5-327504/docs/v0.0.6/io/loadText/index.html
2026-03-02 07:33:13,454 - Knowledge - INFO - process ingested knowledge for /app/data/T0015/327504/b918650/lu5-327504/docs/v0.0.6/io/loadText/meta.json
2026-03-02 07:33:14,676 - Knowledge - INFO - [kw9] Queue=1185, InProgress=0, PendingWorkers=20/20, Completed=80/1455 (5.5%)
2026-03-02 07:33:14,899 - Knowledge - INFO - Batch sizing: calculated=10, max_allowed=10, queue=1185, active_workers=20/20
2026-03-02 07:33:15,060 - Knowledge - INFO - Async storing batch of 10 embeddings
2026-03-02 07:33:15,250 - Knowledge - INFO - Worker kw9 processing /app/data/T0015/327504/b918650/lu5-327504/docs/v0.0.6/mouse/mouseReleased/meta.json
2026-03-02 07:33:15,425 - Knowledge - INFO - Fast-tracked /app/data/T0015/327504/b918650/lu5-327504/docs/v0.0.6/mouse/mouseReleased/meta.json (ext=.json, size=682)
2026-03-02 07:33:15,598 - Knowledge - INFO - Worker kw9 processing /app/data/T0015/327504/b918650/lu5-327504/docs/v0.0.6/mouse/mouseX/index.html
2026-03-02 07:33:15,834 - Knowledge - INFO - Worker kw9 processing /app/data/T0015/327504/b918650/lu5-327504/docs/v0.0.6/mouse/mouseX/meta.json
2026-03-02 07:33:16,023 - Knowledge - INFO - Fast-tracked /app/data/T0015/327504/b918650/lu5-327504/docs/v0.0.6/mouse/mouseX/meta.json (ext=.json, size=337)
2026-03-02 07:33:16,136 - Knowledge - WARNING - Timeout processing /app/data/T0015/327504/b918650/lu5-327504/src/platform/geometry/3D/lu5_torus.c after 90s - using fallback metadata
2026-03-02 07:33:16,189 - Knowledge - INFO - Worker kw9 processing /app/data/T0015/327504/b918650/lu5-327504/docs/v0.0.6/mouse/mouseIsPressed/index.html
2026-03-02 07:33:16,364 - Knowledge - WARNING - Timeout processing /app/data/T0015/327504/b918650/lu5-327504/src/platform/geometry/3D/lu5_ellipsoid.c after 90s - using fallback metadata
2026-03-02 07:33:16,446 - Knowledge - INFO - Worker kw9 processing /app/data/T0015/327504/b918650/lu5-327504/docs/v0.0.6/mouse/mouseIsPressed/meta.json
2026-03-02 07:33:16,547 - Knowledge - WARNING - Timeout processing /app/data/T0015/327504/b918650/lu5-327504/src/platform/lu5_window.c after 90s - using fallback metadata
2026-03-02 07:33:16,622 - Knowledge - INFO - Fast-tracked /app/data/T0015/327504/b918650/lu5-327504/docs/v0.0.6/mouse/mouseIsPressed/meta.json (ext=.json, size=309)
2026-03-02 07:33:16,708 - Knowledge - WARNING - Timeout processing /app/data/T0015/327504/b918650/lu5-327504/src/platform/lu5_obj.c after 90s - using fallback metadata
2026-03-02 07:33:16,797 - Knowledge - INFO - Worker kw9 processing /app/data/T0015/327504/b918650/lu5-327504/docs/v0.0.6/mouse/index.html
2026-03-02 07:33:16,906 - Knowledge - WARNING - Timeout processing /app/data/T0015/327504/b918650/lu5-327504/src/platform/lu5_image.c after 90s - using fallback metadata
2026-03-02 07:33:17,011 - Knowledge - INFO - Worker kw9 processing /app/data/T0015/327504/b918650/lu5-327504/docs/v0.0.6/mouse/mousePressed/index.html
2026-03-02 07:33:17,089 - Knowledge - WARNING - Timeout processing /app/data/T0015/327504/b918650/lu5-327504/src/platform/stb/stb_image_write.h after 90s - using fallback metadata
2026-03-02 07:33:17,198 - Knowledge - INFO - Worker kw9 processing /app/data/T0015/327504/b918650/lu5-327504/docs/v0.0.6/mouse/mousePressed/meta.json
2026-03-02 07:33:17,355 - Knowledge - INFO - Processing batch of 10 files
2026-03-02 07:33:17,397 - Knowledge - INFO - Fast-tracked /app/data/T0015/327504/b918650/lu5-327504/docs/v0.0.6/mouse/mousePressed/meta.json (ext=.json, size=638)
2026-03-02 07:33:17,552 - Knowledge - INFO - process ingested knowledge for /app/data/T0015/327504/b918650/lu5-327504/src/platform/geometry/3D/lu5_torus.c
2026-03-02 07:33:17,628 - Knowledge - INFO - Worker kw9 processing /app/data/T0015/327504/b918650/lu5-327504/docs/v0.0.6/math.html
2026-03-02 07:33:17,768 - Knowledge - INFO - process ingested knowledge for /app/data/T0015/327504/b918650/lu5-327504/src/platform/geometry/3D/lu5_ellipsoid.c
2026-03-02 07:33:17,863 - Knowledge - INFO - Worker kw9 processing /app/data/T0015/327504/b918650/lu5-327504/docs/v0.0.6/image/image/index.html
2026-03-02 07:33:17,962 - Knowledge - INFO - process ingested knowledge for /app/data/T0015/327504/b918650/lu5-327504/src/platform/geometry/3D/lu5_box.c
2026-03-02 07:33:18,182 - Knowledge - INFO - process ingested knowledge for /app/data/T0015/327504/b918650/lu5-327504/src/platform/main.c
2026-03-02 07:33:18,385 - Knowledge - INFO - process ingested knowledge for /app/data/T0015/327504/b918650/lu5-327504/src/platform/lu5_window.c
2026-03-02 07:33:18,544 - Knowledge - INFO - process ingested knowledge for /app/data/T0015/327504/b918650/lu5-327504/src/platform/lu5_cli.c
2026-03-02 07:33:18,704 - Knowledge - INFO - process ingested knowledge for /app/data/T0015/327504/b918650/lu5-327504/src/platform/lu5_obj.c
2026-03-02 07:33:18,881 - Knowledge - INFO - process ingested knowledge for /app/data/T0015/327504/b918650/lu5-327504/src/platform/lu5_image.c
2026-03-02 07:33:19,079 - Knowledge - INFO - process ingested knowledge for /app/data/T0015/327504/b918650/lu5-327504/src/platform/stb/stb_image.h
2026-03-02 07:33:19,266 - Knowledge - INFO - process ingested knowledge for /app/data/T0015/327504/b918650/lu5-327504/src/platform/stb/stb_image_write.h
2026-03-02 07:33:20,524 - Knowledge - INFO - [WEBSOCKET] Sent: Type=progress_update, Size: 292, Duration: 0ms
2026-03-02 07:33:20,684 - Knowledge - INFO - [WEBSOCKET] Sent: Type=unknown, Size: ?, Duration: 160ms
2026-03-02 07:33:20,903 - Knowledge - INFO - Progress: 6.2% | Files: 90/1455 | Rate: 0.64 files/sec | Queue: 1175
2026-03-02 07:33:21,101 - Knowledge - INFO - [kw7] Queue=1175, InProgress=0, PendingWorkers=20/20, Completed=90/1455 (6.2%)
2026-03-02 07:33:21,322 - Knowledge - INFO - Batch sizing: calculated=10, max_allowed=10, queue=1175, active_workers=20/20
2026-03-02 07:33:21,480 - Knowledge - INFO - Async storing batch of 10 embeddings
2026-03-02 07:33:21,656 - Knowledge - INFO - Worker kw7 processing /app/data/T0015/327504/b918650/lu5-327504/docs/v0.0.6/image/image/meta.json
2026-03-02 07:33:21,687 - Knowledge - WARNING - Timeout processing /app/data/T0015/327504/b918650/lu5-327504/docs/v0.0.6/math/randomSeed/index.html after 90s - using fallback metadata
2026-03-02 07:33:21,884 - Knowledge - INFO - Fast-tracked /app/data/T0015/327504/b918650/lu5-327504/docs/v0.0.6/image/image/meta.json (ext=.json, size=562)
2026-03-02 07:33:21,959 - Knowledge - WARNING - Timeout processing /app/data/T0015/327504/b918650/lu5-327504/docs/v0.0.6/math/floor/index.html after 90s - using fallback metadata
2026-03-02 07:33:22,056 - Knowledge - INFO - Worker kw7 processing /app/data/T0015/327504/b918650/lu5-327504/docs/v0.0.6/image/loadImage/index.html
2026-03-02 07:33:22,146 - Knowledge - WARNING - Timeout processing /app/data/T0015/327504/b918650/lu5-327504/docs/v0.0.6/math/sin/index.html after 90s - using fallback metadata
2026-03-02 07:33:22,295 - Knowledge - INFO - Worker kw7 processing /app/data/T0015/327504/b918650/lu5-327504/docs/v0.0.6/image/loadImage/meta.json
2026-03-02 07:33:22,515 - Knowledge - INFO - Fast-tracked /app/data/T0015/327504/b918650/lu5-327504/docs/v0.0.6/image/loadImage/meta.json (ext=.json, size=508)
2026-03-02 07:33:22,724 - Knowledge - INFO - Worker kw7 processing /app/data/T0015/327504/b918650/lu5-327504/docs/v0.0.6/image/index.html
2026-03-02 07:33:22,924 - Knowledge - INFO - Worker kw7 processing /app/data/T0015/327504/b918650/lu5-327504/docs/v0.0.6/vector/Vector.add/index.html
2026-03-02 07:33:23,082 - Knowledge - INFO - Worker kw7 processing /app/data/T0015/327504/b918650/lu5-327504/docs/v0.0.6/vector/Vector.add/meta.json
2026-03-02 07:33:23,263 - Knowledge - INFO - Fast-tracked /app/data/T0015/327504/b918650/lu5-327504/docs/v0.0.6/vector/Vector.add/meta.json (ext=.json, size=482)
2026-03-02 07:33:23,439 - Knowledge - INFO - Worker kw7 processing /app/data/T0015/327504/b918650/lu5-327504/docs/v0.0.6/vector/Vector.print/index.html
2026-03-02 07:33:23,571 - Knowledge - WARNING - Timeout processing /app/data/T0015/327504/b918650/lu5-327504/docs/v0.0.6/math/map/index.html after 90s - using fallback metadata
2026-03-02 07:33:23,664 - Knowledge - INFO - Worker kw7 processing /app/data/T0015/327504/b918650/lu5-327504/docs/v0.0.6/vector/Vector.print/meta.json
2026-03-02 07:33:23,796 - Knowledge - WARNING - Timeout processing /app/data/T0015/327504/b918650/lu5-327504/docs/v0.0.6/math/constrain/index.html after 90s - using fallback metadata
2026-03-02 07:33:23,880 - Knowledge - INFO - Fast-tracked /app/data/T0015/327504/b918650/lu5-327504/docs/v0.0.6/vector/Vector.print/meta.json (ext=.json, size=552)
2026-03-02 07:33:23,986 - Knowledge - WARNING - Timeout processing /app/data/T0015/327504/b918650/lu5-327504/docs/v0.0.6/math/random/index.html after 90s - using fallback metadata
2026-03-02 07:33:24,068 - Knowledge - INFO - Worker kw7 processing /app/data/T0015/327504/b918650/lu5-327504/docs/v0.0.6/vector/Vector.mult/index.html
2026-03-02 07:33:24,265 - Knowledge - INFO - Worker kw7 processing /app/data/T0015/327504/b918650/lu5-327504/docs/v0.0.6/vector/Vector.mult/meta.json
2026-03-02 07:33:24,429 - Knowledge - INFO - Fast-tracked /app/data/T0015/327504/b918650/lu5-327504/docs/v0.0.6/vector/Vector.mult/meta.json (ext=.json, size=480)
2026-03-02 07:33:24,859 - Knowledge - INFO - [LLM_CALL] Completed: index.html:chunk1, Duration: 221ms, PromptTokens: 4936, CompletionTokens: 59, Cost: $0.00052
2026-03-02 07:33:25,032 - Knowledge - INFO - done ingest for /app/data/T0015/327504/b918650/lu5-327504/docs/v0.0.6/math/max/index.html
2026-03-02 07:33:26,083 - Knowledge - WARNING - Timeout processing /app/data/T0015/327504/b918650/lu5-327504/docs/v0.0.6/shapes/arc/index.html after 90s - using fallback metadata
2026-03-02 07:33:26,286 - Knowledge - WARNING - Timeout processing /app/data/T0015/327504/b918650/lu5-327504/docs/v0.0.6/shapes/circle/index.html after 90s - using fallback metadata
2026-03-02 07:33:26,489 - Knowledge - WARNING - Timeout processing /app/data/T0015/327504/b918650/lu5-327504/docs/v0.0.6/shapes/point/index.html after 90s - using fallback metadata
2026-03-02 07:33:26,651 - Knowledge - WARNING - Timeout processing /app/data/T0015/327504/b918650/lu5-327504/docs/v0.0.6/shapes/beginShape/index.html after 90s - using fallback metadata
2026-03-02 07:33:26,788 - Knowledge - INFO - done ingest for /app/data/T0015/327504/b918650/lu5-327504/docs/v0.0.6/math/PI/index.html
2026-03-02 07:33:26,854 - Knowledge - WARNING - Timeout processing /app/data/T0015/327504/b918650/lu5-327504/docs/v0.0.6/shapes/triangle/index.html after 90s - using fallback metadata
2026-03-02 07:33:27,076 - Knowledge - INFO - Processing batch of 10 files
2026-03-02 07:33:27,291 - Knowledge - INFO - done ingest for /app/data/T0015/327504/b918650/lu5-327504/docs/v0.0.6/math/abs/index.html
2026-03-02 07:33:27,396 - Knowledge - INFO - process ingested knowledge for /app/data/T0015/327504/b918650/lu5-327504/docs/v0.0.6/shapes/endShape/meta.json
2026-03-02 07:33:27,503 - Knowledge - INFO - Processing batch of 10 files
2026-03-02 07:33:27,590 - Knowledge - INFO - process ingested knowledge for /app/data/T0015/327504/b918650/lu5-327504/docs/v0.0.6/shapes/circle/index.html
2026-03-02 07:33:27,692 - Knowledge - INFO - process ingested knowledge for /app/data/T0015/327504/b918650/lu5-327504/docs/v0.0.6/math/TWO_PI/meta.json
2026-03-02 07:33:27,798 - Knowledge - INFO - process ingested knowledge for /app/data/T0015/327504/b918650/lu5-327504/docs/v0.0.6/shapes/circle/meta.json
2026-03-02 07:33:27,870 - Knowledge - WARNING - Timeout processing /app/data/T0015/327504/b918650/lu5-327504/docs/v0.0.6/setting.html after 90s - using fallback metadata
2026-03-02 07:33:27,899 - Knowledge - INFO - process ingested knowledge for /app/data/T0015/327504/b918650/lu5-327504/docs/v0.0.6/math/randomSeed/index.html
2026-03-02 07:33:27,993 - Knowledge - INFO - process ingested knowledge for /app/data/T0015/327504/b918650/lu5-327504/docs/v0.0.6/shapes/point/index.html
2026-03-02 07:33:28,138 - Knowledge - WARNING - Timeout processing /app/data/T0015/327504/b918650/lu5-327504/docs/v0.0.6/keyboard/KEY_X/index.html after 90s - using fallback metadata
2026-03-02 07:33:28,249 - Knowledge - INFO - process ingested knowledge for /app/data/T0015/327504/b918650/lu5-327504/docs/v0.0.6/math/randomSeed/meta.json
2026-03-02 07:33:28,337 - Knowledge - INFO - process ingested knowledge for /app/data/T0015/327504/b918650/lu5-327504/docs/v0.0.6/shapes/point/meta.json
2026-03-02 07:33:28,471 - Knowledge - WARNING - Timeout processing /app/data/T0015/327504/b918650/lu5-327504/docs/v0.0.6/keyboard/KEY_H/index.html after 90s - using fallback metadata
2026-03-02 07:33:28,551 - Knowledge - INFO - process ingested knowledge for /app/data/T0015/327504/b918650/lu5-327504/docs/v0.0.6/math/floor/index.html
2026-03-02 07:33:28,668 - Knowledge - INFO - process ingested knowledge for /app/data/T0015/327504/b918650/lu5-327504/docs/v0.0.6/shapes/beginShape/index.html
2026-03-02 07:33:28,745 - Knowledge - WARNING - Timeout processing /app/data/T0015/327504/b918650/lu5-327504/docs/v0.0.6/keyboard/KEY_P/index.html after 90s - using fallback metadata
2026-03-02 07:33:28,861 - Knowledge - INFO - process ingested knowledge for /app/data/T0015/327504/b918650/lu5-327504/docs/v0.0.6/math/floor/meta.json
2026-03-02 07:33:28,945 - Knowledge - INFO - process ingested knowledge for /app/data/T0015/327504/b918650/lu5-327504/docs/v0.0.6/shapes/beginShape/meta.json
2026-03-02 07:33:29,018 - Knowledge - WARNING - Timeout processing /app/data/T0015/327504/b918650/lu5-327504/docs/v0.0.6/keyboard/RIGHT_ARROW/index.html after 90s - using fallback metadata
2026-03-02 07:33:29,151 - Knowledge - INFO - process ingested knowledge for /app/data/T0015/327504/b918650/lu5-327504/docs/v0.0.6/math/sin/index.html
2026-03-02 07:33:29,241 - Knowledge - INFO - process ingested knowledge for /app/data/T0015/327504/b918650/lu5-327504/docs/v0.0.6/shapes/triangle/index.html
2026-03-02 07:33:29,349 - Knowledge - INFO - Processing batch of 10 files
2026-03-02 07:33:29,439 - Knowledge - INFO - process ingested knowledge for /app/data/T0015/327504/b918650/lu5-327504/docs/v0.0.6/math/sin/meta.json
2026-03-02 07:33:29,527 - Knowledge - WARNING - Timeout processing /app/data/T0015/327504/b918650/lu5-327504/docs/v0.0.6/window/height/index.html after 90s - using fallback metadata
2026-03-02 07:33:29,531 - Knowledge - INFO - process ingested knowledge for /app/data/T0015/327504/b918650/lu5-327504/docs/v0.0.6/shapes/triangle/meta.json
2026-03-02 07:33:29,604 - Knowledge - INFO - process ingested knowledge for /app/data/T0015/327504/b918650/lu5-327504/docs/v0.0.6/setting/pop/meta.json
2026-03-02 07:33:29,682 - Knowledge - INFO - process ingested knowledge for /app/data/T0015/327504/b918650/lu5-327504/docs/v0.0.6/math/abs/index.html
2026-03-02 07:33:29,766 - Knowledge - WARNING - Timeout processing /app/data/T0015/327504/b918650/lu5-327504/docs/v0.0.6/io/print/index.html after 90s - using fallback metadata
2026-03-02 07:33:29,856 - Knowledge - INFO - process ingested knowledge for /app/data/T0015/327504/b918650/lu5-327504/docs/v0.0.6/shapes/arc/index.html
2026-03-02 07:33:29,971 - Knowledge - INFO - process ingested knowledge for /app/data/T0015/327504/b918650/lu5-327504/docs/v0.0.6/setting.html
2026-03-02 07:33:30,100 - Knowledge - INFO - process ingested knowledge for /app/data/T0015/327504/b918650/lu5-327504/docs/v0.0.6/math/abs/meta.json
2026-03-02 07:33:30,192 - Knowledge - WARNING - Timeout processing /app/data/T0015/327504/b918650/lu5-327504/docs/v0.0.6/io/index.html after 90s - using fallback metadata
2026-03-02 07:33:30,439 - Knowledge - INFO - process ingested knowledge for /app/data/T0015/327504/b918650/lu5-327504/docs/v0.0.6/keyboard/KEY_X/index.html
2026-03-02 07:33:30,487 - Knowledge - INFO - process ingested knowledge for /app/data/T0015/327504/b918650/lu5-327504/docs/v0.0.6/math/max/index.html
2026-03-02 07:33:30,533 - Knowledge - INFO - [LLM_CALL] Completed: index.html:chunk1, Duration: 31ms, PromptTokens: 4668, CompletionTokens: 59, Cost: $0.00049
2026-03-02 07:33:30,602 - Knowledge - WARNING - Timeout processing /app/data/T0015/327504/b918650/lu5-327504/docs/v0.0.6/window/width/index.html after 90s - using fallback metadata
2026-03-02 07:33:30,752 - Knowledge - INFO - process ingested knowledge for /app/data/T0015/327504/b918650/lu5-327504/docs/v0.0.6/keyboard/KEY_X/meta.json
2026-03-02 07:33:30,972 - Knowledge - INFO - done ingest for /app/data/T0015/327504/b918650/lu5-327504/docs/v0.0.6/math/cos/index.html
2026-03-02 07:33:31,074 - Knowledge - WARNING - Timeout processing /app/data/T0015/327504/b918650/lu5-327504/docs/v0.0.6/window/createWindow/index.html after 90s - using fallback metadata
2026-03-02 07:33:31,226 - Knowledge - INFO - process ingested knowledge for /app/data/T0015/327504/b918650/lu5-327504/docs/v0.0.6/keyboard/KEY_H/index.html
2026-03-02 07:33:31,337 - Knowledge - WARNING - Timeout processing /app/data/T0015/327504/b918650/lu5-327504/docs/v0.0.6/window/windowResized/index.html after 90s - using fallback metadata
2026-03-02 07:33:31,481 - Knowledge - INFO - process ingested knowledge for /app/data/T0015/327504/b918650/lu5-327504/docs/v0.0.6/keyboard/KEY_H/meta.json
2026-03-02 07:33:31,551 - Knowledge - INFO - Processing batch of 10 files
2026-03-02 07:33:31,580 - Knowledge - INFO - Async storage completed for 10 embeddings
2026-03-02 07:33:31,624 - Knowledge - INFO - Processing batch of 10 files
2026-03-02 07:33:31,836 - Knowledge - INFO - process ingested knowledge for /app/data/T0015/327504/b918650/lu5-327504/docs/v0.0.6/math/max/meta.json
2026-03-02 07:33:31,905 - Knowledge - INFO - process ingested knowledge for /app/data/T0015/327504/b918650/lu5-327504/docs/v0.0.6/keyboard/KEY_P/index.html
2026-03-02 07:33:32,045 - Knowledge - INFO - process ingested knowledge for /app/data/T0015/327504/b918650/lu5-327504/docs/v0.0.6/io/print/index.html
2026-03-02 07:33:32,195 - Knowledge - INFO - [WEBSOCKET] Sent: Type=progress_update, Size: 294, Duration: 0ms
2026-03-02 07:33:32,206 - Knowledge - INFO - process ingested knowledge for /app/data/T0015/327504/b918650/lu5-327504/docs/v0.0.6/math/map/index.html
2026-03-02 07:33:32,308 - Knowledge - INFO - process ingested knowledge for /app/data/T0015/327504/b918650/lu5-327504/docs/v0.0.6/keyboard/KEY_P/meta.json
2026-03-02 07:33:32,435 - Knowledge - INFO - process ingested knowledge for /app/data/T0015/327504/b918650/lu5-327504/docs/v0.0.6/io/print/meta.json
2026-03-02 07:33:32,516 - Knowledge - INFO - [WEBSOCKET] Sent: Type=unknown, Size: ?, Duration: 321ms
2026-03-02 07:33:32,603 - Knowledge - INFO - process ingested knowledge for /app/data/T0015/327504/b918650/lu5-327504/docs/v0.0.6/math/map/meta.json
2026-03-02 07:33:32,682 - Knowledge - INFO - process ingested knowledge for /app/data/T0015/327504/b918650/lu5-327504/docs/v0.0.6/keyboard/RIGHT_ARROW/index.html
2026-03-02 07:33:32,767 - Knowledge - INFO - process ingested knowledge for /app/data/T0015/327504/b918650/lu5-327504/docs/v0.0.6/io/index.html
2026-03-02 07:33:32,880 - Knowledge - WARNING - Timeout processing /app/data/T0015/327504/b918650/lu5-327504/docs/v0.0.6/shapes/index.html after 90s - using fallback metadata
2026-03-02 07:33:32,936 - Knowledge - INFO - Progress: 9.6% | Files: 140/1455 | Rate: 0.92 files/sec | Queue: 1165
2026-03-02 07:33:32,939 - Knowledge - INFO - [kw15] Queue=1165, InProgress=0, PendingWorkers=20/20, Completed=140/1455 (9.6%)
2026-03-02 07:33:33,024 - Knowledge - INFO - process ingested knowledge for /app/data/T0015/327504/b918650/lu5-327504/docs/v0.0.6/math/constrain/index.html
2026-03-02 07:33:33,121 - Knowledge - INFO - process ingested knowledge for /app/data/T0015/327504/b918650/lu5-327504/docs/v0.0.6/keyboard/RIGHT_ARROW/meta.json
2026-03-02 07:33:33,237 - Knowledge - INFO - process ingested knowledge for /app/data/T0015/327504/b918650/lu5-327504/docs/v0.0.6/window/width/index.html
2026-03-02 07:33:33,343 - Knowledge - WARNING - Timeout processing /app/data/T0015/327504/b918650/lu5-327504/docs/v0.0.6/mouse.html after 90s - using fallback metadata
2026-03-02 07:33:33,347 - Knowledge - WARNING - Timeout processing /app/data/T0015/327504/b918650/lu5-327504/docs/v0.0.6/shapes/ellipse/index.html after 90s - using fallback metadata
2026-03-02 07:33:33,440 - Knowledge - INFO - [kw12] Queue=1165, InProgress=0, PendingWorkers=20/20, Completed=140/1455 (9.6%)
2026-03-02 07:33:33,523 - Knowledge - INFO - Batch sizing: calculated=10, max_allowed=10, queue=1165, active_workers=20/20
2026-03-02 07:33:33,601 - Knowledge - INFO - process ingested knowledge for /app/data/T0015/327504/b918650/lu5-327504/docs/v0.0.6/math/constrain/meta.json
2026-03-02 07:33:33,946 - Knowledge - WARNING - Timeout processing /app/data/T0015/327504/b918650/lu5-327504/docs/v0.0.6/math/round/index.html after 90s - using fallback metadata
2026-03-02 07:33:33,962 - Knowledge - INFO - process ingested knowledge for /app/data/T0015/327504/b918650/lu5-327504/docs/v0.0.6/window/width/meta.json
2026-03-02 07:33:34,038 - Knowledge - WARNING - Timeout processing /app/data/T0015/327504/b918650/lu5-327504/docs/v0.0.6/shapes/vertex/index.html after 90s - using fallback metadata
2026-03-02 07:33:34,182 - Knowledge - INFO - Batch sizing: calculated=10, max_allowed=10, queue=1165, active_workers=20/20
2026-03-02 07:33:34,352 - Knowledge - INFO - Async storing batch of 10 embeddings
2026-03-02 07:33:34,380 - Knowledge - INFO - process ingested knowledge for /app/data/T0015/327504/b918650/lu5-327504/docs/v0.0.6/math/random/index.html
2026-03-02 07:33:34,494 - Knowledge - WARNING - Timeout processing /app/data/T0015/327504/b918650/lu5-327504/docs/v0.0.6/math/min/index.html after 90s - using fallback metadata
2026-03-02 07:33:34,587 - Knowledge - INFO - process ingested knowledge for /app/data/T0015/327504/b918650/lu5-327504/docs/v0.0.6/window/createWindow/index.html
2026-03-02 07:33:34,674 - Knowledge - WARNING - Timeout processing /app/data/T0015/327504/b918650/lu5-327504/docs/v0.0.6/shapes/rect/index.html after 90s - using fallback metadata
2026-03-02 07:33:34,862 - Knowledge - INFO - Async storing batch of 10 embeddings
2026-03-02 07:33:34,894 - Knowledge - INFO - Worker kw15 processing /app/data/T0015/327504/b918650/lu5-327504/docs/v0.0.6/vector/index.html
2026-03-02 07:33:35,020 - Knowledge - INFO - [LLM_CALL] Completed: index.html:chunk1, Duration: 3244ms, PromptTokens: 4492, CompletionTokens: 59, Cost: $0.00047
2026-03-02 07:33:35,078 - Knowledge - INFO - process ingested knowledge for /app/data/T0015/327504/b918650/lu5-327504/docs/v0.0.6/math/random/meta.json
2026-03-02 07:33:35,110 - Knowledge - WARNING - Timeout processing /app/data/T0015/327504/b918650/lu5-327504/docs/v0.0.6/math/QUARTER_PI/index.html after 90s - using fallback metadata
2026-03-02 07:33:35,200 - Knowledge - INFO - process ingested knowledge for /app/data/T0015/327504/b918650/lu5-327504/docs/v0.0.6/window/createWindow/meta.json
2026-03-02 07:33:35,290 - Knowledge - WARNING - Timeout processing /app/data/T0015/327504/b918650/lu5-327504/docs/v0.0.6/shapes/square/index.html after 90s - using fallback metadata
2026-03-02 07:33:35,367 - Knowledge - INFO - Worker kw12 processing /app/data/T0015/327504/b918650/lu5-327504/docs/v0.0.6/typography/textFont/meta.json
2026-03-02 07:33:35,454 - Knowledge - INFO - Worker kw15 processing /app/data/T0015/327504/b918650/lu5-327504/docs/v0.0.6/vector/createVector/index.html
2026-03-02 07:33:35,568 - Knowledge - INFO - done ingest for /app/data/T0015/327504/b918650/lu5-327504/docs/v0.0.6/keyboard/KEY_J/index.html
2026-03-02 07:33:35,575 - Knowledge - INFO - [kw20] Queue=1145, InProgress=0, PendingWorkers=20/20, Completed=140/1455 (9.6%)
2026-03-02 07:33:35,672 - Knowledge - INFO - process ingested knowledge for /app/data/T0015/327504/b918650/lu5-327504/docs/v0.0.6/math/PI/index.html
2026-03-02 07:33:35,767 - Knowledge - WARNING - Timeout processing /app/data/T0015/327504/b918650/lu5-327504/docs/v0.0.6/math/TWO_PI/index.html after 90s - using fallback metadata
2026-03-02 07:33:35,886 - Knowledge - INFO - process ingested knowledge for /app/data/T0015/327504/b918650/lu5-327504/docs/v0.0.6/window/windowResized/index.html
2026-03-02 07:33:35,987 - Knowledge - WARNING - Timeout processing /app/data/T0015/327504/b918650/lu5-327504/docs/v0.0.6/shapes/quad/index.html after 90s - using fallback metadata
2026-03-02 07:33:36,115 - Knowledge - INFO - Fast-tracked /app/data/T0015/327504/b918650/lu5-327504/docs/v0.0.6/typography/textFont/meta.json (ext=.json, size=363)
2026-03-02 07:33:36,191 - Knowledge - INFO - Worker kw15 processing /app/data/T0015/327504/b918650/lu5-327504/docs/v0.0.6/vector/createVector/meta.json
2026-03-02 07:33:36,403 - Knowledge - INFO - Batch sizing: calculated=10, max_allowed=10, queue=1145, active_workers=20/20
2026-03-02 07:33:36,443 - Knowledge - WARNING - Timeout processing /app/data/T0015/327504/b918650/lu5-327504/docs/v0.0.6/window/deltaTime/index.html after 90s - using fallback metadata
2026-03-02 07:33:36,476 - Knowledge - INFO - process ingested knowledge for /app/data/T0015/327504/b918650/lu5-327504/docs/v0.0.6/math/PI/meta.json
2026-03-02 07:33:36,550 - Knowledge - INFO - Processing batch of 10 files
2026-03-02 07:33:36,640 - Knowledge - INFO - process ingested knowledge for /app/data/T0015/327504/b918650/lu5-327504/docs/v0.0.6/window/windowResized/meta.json
2026-03-02 07:33:36,733 - Knowledge - INFO - Processing batch of 10 files
2026-03-02 07:33:36,809 - Knowledge - INFO - Worker kw12 processing /app/data/T0015/327504/b918650/lu5-327504/docs/v0.0.6/typography/text/index.html
2026-03-02 07:33:36,882 - Knowledge - INFO - Fast-tracked /app/data/T0015/327504/b918650/lu5-327504/docs/v0.0.6/vector/createVector/meta.json (ext=.json, size=529)
2026-03-02 07:33:37,009 - Knowledge - INFO - Async storing batch of 10 embeddings
2026-03-02 07:33:37,106 - Knowledge - WARNING - Timeout processing /app/data/T0015/327504/b918650/lu5-327504/docs/v0.0.6/window/index.html after 90s - using fallback metadata
2026-03-02 07:33:37,262 - Knowledge - INFO - process ingested knowledge for /app/data/T0015/327504/b918650/lu5-327504/docs/v0.0.6/math/cos/index.html
2026-03-02 07:33:37,377 - Knowledge - INFO - process ingested knowledge for /app/data/T0015/327504/b918650/lu5-327504/docs/v0.0.6/shapes/quad/meta.json
2026-03-02 07:33:37,464 - Knowledge - INFO - process ingested knowledge for /app/data/T0015/327504/b918650/lu5-327504/docs/v0.0.6/window/height/index.html
2026-03-02 07:33:37,578 - Knowledge - INFO - process ingested knowledge for /app/data/T0015/327504/b918650/lu5-327504/docs/v0.0.6/shapes/arc/meta.json
2026-03-02 07:33:37,732 - Knowledge - INFO - Worker kw12 processing /app/data/T0015/327504/b918650/lu5-327504/docs/v0.0.6/typography/text/meta.json
2026-03-02 07:33:37,775 - Knowledge - INFO - [LLM_CALL] Completed: index.html:chunk1, Duration: 1720ms, PromptTokens: 4492, CompletionTokens: 59, Cost: $0.00047
2026-03-02 07:33:37,780 - Knowledge - INFO - Worker kw15 processing /app/data/T0015/327504/b918650/lu5-327504/docs/v0.0.6/window.html
2026-03-02 07:33:37,873 - Knowledge - INFO - Worker kw20 processing /app/data/T0015/327504/b918650/lu5-327504/docs/v0.0.2/window/background/meta.json
2026-03-02 07:33:37,961 - Knowledge - WARNING - Timeout processing /app/data/T0015/327504/b918650/lu5-327504/docs/v0.0.6/window/frameRate/index.html after 90s - using fallback metadata
2026-03-02 07:33:38,146 - Knowledge - INFO - process ingested knowledge for /app/data/T0015/327504/b918650/lu5-327504/docs/v0.0.6/shapes/index.html
2026-03-02 07:33:38,324 - Knowledge - INFO - Async storage completed for 10 embeddings
2026-03-02 07:33:38,377 - Knowledge - INFO - process ingested knowledge for /app/data/T0015/327504/b918650/lu5-327504/docs/v0.0.6/shapes/ellipse/index.html
2026-03-02 07:33:38,378 - Knowledge - INFO - Fast-tracked /app/data/T0015/327504/b918650/lu5-327504/docs/v0.0.6/typography/text/meta.json (ext=.json, size=475)
2026-03-02 07:33:38,510 - Knowledge - INFO - done ingest for /app/data/T0015/327504/b918650/lu5-327504/docs/v0.0.6/keyboard/KEY_L/index.html
2026-03-02 07:33:38,608 - Knowledge - INFO - Worker kw15 processing /app/data/T0015/327504/b918650/lu5-327504/docs/v0.0.6/io.html
2026-03-02 07:33:38,689 - Knowledge - INFO - Fast-tracked /app/data/T0015/327504/b918650/lu5-327504/docs/v0.0.2/window/background/meta.json (ext=.json, size=392)
2026-03-02 07:33:38,771 - Knowledge - WARNING - Timeout processing /app/data/T0015/327504/b918650/lu5-327504/docs/v0.0.6/keyboard.html after 90s - using fallback metadata
2026-03-02 07:33:38,945 - Knowledge - INFO - process ingested knowledge for /app/data/T0015/327504/b918650/lu5-327504/docs/v0.0.6/mouse.html
2026-03-02 07:33:38,983 - Knowledge - WARNING - Timeout processing /app/data/T0015/327504/b918650/lu5-327504/docs/v0.0.6/keyboard/DOWN_ARROW/index.html after 90s - using fallback metadata
2026-03-02 07:33:39,143 - Knowledge - INFO - process ingested knowledge for /app/data/T0015/327504/b918650/lu5-327504/docs/v0.0.6/shapes/ellipse/meta.json
2026-03-02 07:33:39,203 - Knowledge - INFO - Worker kw12 processing /app/data/T0015/327504/b918650/lu5-327504/docs/v0.0.6/typography/index.html
2026-03-02 07:33:39,394 - Knowledge - INFO - Worker kw15 processing /app/data/T0015/327504/b918650/lu5-327504/docs/v0.0.6/index.html
2026-03-02 07:33:39,533 - Knowledge - INFO - Worker kw20 processing /app/data/T0015/327504/b918650/lu5-327504/docs/v0.0.2/window/createWindow/index.html
2026-03-02 07:33:39,614 - Knowledge - WARNING - Timeout processing /app/data/T0015/327504/b918650/lu5-327504/docs/v0.0.6/shapes/line/index.html after 90s - using fallback metadata
2026-03-02 07:33:39,793 - Knowledge - INFO - process ingested knowledge for /app/data/T0015/327504/b918650/lu5-327504/docs/v0.0.6/math/round/index.html
2026-03-02 07:33:39,793 - Knowledge - INFO - [kw16] Queue=1135, InProgress=0, PendingWorkers=20/20, Completed=160/1455 (11.0%)
2026-03-02 07:33:39,833 - Knowledge - WARNING - Timeout processing /app/data/T0015/327504/b918650/lu5-327504/docs/v0.0.6/math/ceil/index.html after 90s - using fallback metadata
2026-03-02 07:33:39,951 - Knowledge - INFO - process ingested knowledge for /app/data/T0015/327504/b918650/lu5-327504/docs/v0.0.6/shapes/vertex/index.html
2026-03-02 07:33:39,986 - Knowledge - INFO - [kw10] Queue=1135, InProgress=0, PendingWorkers=20/20, Completed=160/1455 (11.0%)
2026-03-02 07:33:40,034 - Knowledge - INFO - Worker kw12 processing /app/data/T0015/327504/b918650/lu5-327504/docs/v0.0.6/typography/loadFont/index.html
2026-03-02 07:33:40,148 - Knowledge - INFO - Worker kw15 processing /app/data/T0015/327504/b918650/lu5-327504/docs/v0.0.6/shapes.html
2026-03-02 07:33:40,242 - Knowledge - INFO - Worker kw20 processing /app/data/T0015/327504/b918650/lu5-327504/docs/v0.0.2/window/createWindow/meta.json
2026-03-02 07:33:40,301 - Knowledge - WARNING - Timeout processing /app/data/T0015/327504/b918650/lu5-327504/docs/v0.0.6/shapes/endShape/index.html after 90s - using fallback metadata
2026-03-02 07:33:40,391 - Knowledge - INFO - process ingested knowledge for /app/data/T0015/327504/b918650/lu5-327504/docs/v0.0.6/math/round/meta.json
2026-03-02 07:33:40,393 - Knowledge - INFO - [LLM_CALL] Completed: index.html:chunk1, Duration: 1883ms, PromptTokens: 4492, CompletionTokens: 59, Cost: $0.00047
2026-03-02 07:33:40,505 - Knowledge - INFO - Batch sizing: calculated=10, max_allowed=10, queue=1135, active_workers=20/20
2026-03-02 07:33:40,597 - Knowledge - WARNING - Timeout processing /app/data/T0015/327504/b918650/lu5-327504/docs/v0.0.6/math/HALF_PI/index.html after 90s - using fallback metadata
2026-03-02 07:33:40,668 - Knowledge - INFO - Async storage completed for 10 embeddings
2026-03-02 07:33:40,722 - Knowledge - INFO - process ingested knowledge for /app/data/T0015/327504/b918650/lu5-327504/docs/v0.0.6/shapes/vertex/meta.json
2026-03-02 07:33:40,811 - Knowledge - INFO - Batch sizing: calculated=10, max_allowed=10, queue=1135, active_workers=20/20
2026-03-02 07:33:40,943 - Knowledge - INFO - Worker kw12 processing /app/data/T0015/327504/b918650/lu5-327504/docs/v0.0.6/typography/loadFont/meta.json
2026-03-02 07:33:40,961 - Knowledge - WARNING - Timeout processing /app/data/T0015/327504/b918650/lu5-327504/docs/v0.0.6/keyboard/KEY_B/index.html after 90s - using fallback metadata
2026-03-02 07:33:41,054 - Knowledge - INFO - Worker kw15 processing /app/data/T0015/327504/b918650/lu5-327504/docs/v0.0.6/typography/textSize/index.html
2026-03-02 07:33:41,131 - Knowledge - INFO - Fast-tracked /app/data/T0015/327504/b918650/lu5-327504/docs/v0.0.2/window/createWindow/meta.json (ext=.json, size=517)
2026-03-02 07:33:41,331 - Knowledge - INFO - process ingested knowledge for /app/data/T0015/327504/b918650/lu5-327504/docs/v0.0.6/math/min/index.html
2026-03-02 07:33:41,435 - Knowledge - INFO - done ingest for /app/data/T0015/327504/b918650/lu5-327504/docs/v0.0.6/keyboard/KEY_D/index.html
2026-03-02 07:33:41,435 - Knowledge - INFO - Processing batch of 10 files
2026-03-02 07:33:41,567 - Knowledge - INFO - Async storing batch of 10 embeddings
2026-03-02 07:33:41,691 - Knowledge - WARNING - Timeout processing /app/data/T0015/327504/b918650/lu5-327504/docs/v0.0.6/math/tan/index.html after 90s - using fallback metadata
2026-03-02 07:33:41,866 - Knowledge - INFO - process ingested knowledge for /app/data/T0015/327504/b918650/lu5-327504/docs/v0.0.6/shapes/rect/index.html
2026-03-02 07:33:41,946 - Knowledge - INFO - Async storing batch of 10 embeddings
2026-03-02 07:33:42,035 - Knowledge - INFO - Fast-tracked /app/data/T0015/327504/b918650/lu5-327504/docs/v0.0.6/typography/loadFont/meta.json (ext=.json, size=547)
2026-03-02 07:33:42,062 - Knowledge - INFO - Async storage completed for 10 embeddings
2026-03-02 07:33:42,178 - Knowledge - WARNING - Timeout processing /app/data/T0015/327504/b918650/lu5-327504/docs/v0.0.6/keyboard/KEY_R/index.html after 90s - using fallback metadata
2026-03-02 07:33:42,269 - Knowledge - INFO - Worker kw15 processing /app/data/T0015/327504/b918650/lu5-327504/docs/v0.0.6/typography/textSize/meta.json
2026-03-02 07:33:42,360 - Knowledge - INFO - Worker kw20 processing /app/data/T0015/327504/b918650/lu5-327504/docs/v0.0.2/window/index.html
2026-03-02 07:33:42,448 - Knowledge - INFO - process ingested knowledge for /app/data/T0015/327504/b918650/lu5-327504/docs/v0.0.6/math/min/meta.json
2026-03-02 07:33:42,610 - Knowledge - INFO - process ingested knowledge for /app/data/T0015/327504/b918650/lu5-327504/docs/v0.0.6/window/height/meta.json
2026-03-02 07:33:42,734 - Knowledge - INFO - Worker kw16 processing /app/data/T0015/327504/b918650/lu5-327504/docs/v0.0.2/shapes/triangle/index.html
2026-03-02 07:33:42,846 - Knowledge - WARNING - Timeout processing /app/data/T0015/327504/b918650/lu5-327504/docs/v0.0.6/math/index.html after 90s - using fallback metadata
2026-03-02 07:33:42,925 - Knowledge - INFO - process ingested knowledge for /app/data/T0015/327504/b918650/lu5-327504/docs/v0.0.6/shapes/rect/meta.json
2026-03-02 07:33:43,026 - Knowledge - INFO - Worker kw10 processing /app/data/T0015/327504/b918650/lu5-327504/docs/v0.0.2/shapes/text/index.html
2026-03-02 07:33:43,126 - Knowledge - INFO - Worker kw12 processing /app/data/T0015/327504/b918650/lu5-327504/docs/v0.0.2/io/print/index.html
2026-03-02 07:33:43,139 - Knowledge - WARNING - Timeout processing /app/data/T0015/327504/b918650/lu5-327504/docs/v0.0.6/setting/stroke/index.html after 90s - using fallback metadata
2026-03-02 07:33:43,316 - Knowledge - WARNING - Timeout processing /app/data/T0015/327504/b918650/lu5-327504/docs/v0.0.6/keyboard/keyHeld/index.html after 90s - using fallback metadata
2026-03-02 07:33:43,480 - Knowledge - INFO - Fast-tracked /app/data/T0015/327504/b918650/lu5-327504/docs/v0.0.6/typography/textSize/meta.json (ext=.json, size=476)
2026-03-02 07:33:43,547 - Knowledge - INFO - [LLM_CALL] Completed: index.html:chunk1, Duration: 710ms, PromptTokens: 4492, CompletionTokens: 59, Cost: $0.00047
2026-03-02 07:33:43,657 - Knowledge - INFO - Worker kw20 processing /app/data/T0015/327504/b918650/lu5-327504/docs/v0.0.2/shapes/line/index.html
2026-03-02 07:33:43,736 - Knowledge - INFO - process ingested knowledge for /app/data/T0015/327504/b918650/lu5-327504/docs/v0.0.6/math/QUARTER_PI/index.html
2026-03-02 07:33:43,910 - Knowledge - INFO - process ingested knowledge for /app/data/T0015/327504/b918650/lu5-327504/docs/v0.0.6/window/deltaTime/index.html
2026-03-02 07:33:44,025 - Knowledge - INFO - Worker kw16 processing /app/data/T0015/327504/b918650/lu5-327504/docs/v0.0.2/shapes/triangle/meta.json
2026-03-02 07:33:44,105 - Knowledge - WARNING - Timeout processing /app/data/T0015/327504/b918650/lu5-327504/docs/v0.0.6/typography.html after 90s - using fallback metadata
2026-03-02 07:33:44,230 - Knowledge - INFO - process ingested knowledge for /app/data/T0015/327504/b918650/lu5-327504/docs/v0.0.6/shapes/square/index.html
2026-03-02 07:33:44,348 - Knowledge - INFO - Worker kw10 processing /app/data/T0015/327504/b918650/lu5-327504/docs/v0.0.2/shapes/text/meta.json
2026-03-02 07:33:44,430 - Knowledge - INFO - Worker kw12 processing /app/data/T0015/327504/b918650/lu5-327504/docs/v0.0.2/io/print/meta.json
2026-03-02 07:33:44,499 - Knowledge - WARNING - Timeout processing /app/data/T0015/327504/b918650/lu5-327504/docs/v0.0.6/setting/noFill/index.html after 90s - using fallback metadata
2026-03-02 07:33:44,627 - Knowledge - WARNING - Timeout processing /app/data/T0015/327504/b918650/lu5-327504/docs/v0.0.6/keyboard/KEY_N/index.html after 90s - using fallback metadata
2026-03-02 07:33:44,748 - Knowledge - INFO - Worker kw15 processing /app/data/T0015/327504/b918650/lu5-327504/docs/v0.0.6/typography/textFont/index.html
2026-03-02 07:33:44,851 - Knowledge - INFO - done ingest for /app/data/T0015/327504/b918650/lu5-327504/docs/v0.0.6/keyboard/KEY_Z/index.html
2026-03-02 07:33:44,853 - Knowledge - INFO - done ingest for /app/data/T0015/327504/b918650/lu5-327504/docs/v0.0.6/keyboard/KEY_I/index.html
2026-03-02 07:33:44,856 - Knowledge - INFO - done ingest for /app/data/T0015/327504/b918650/lu5-327504/docs/v0.0.6/keyboard/KEY_ENTER/index.html
2026-03-02 07:33:44,879 - Knowledge - WARNING - Timeout processing /app/data/T0015/327504/b918650/lu5-327504/docs/v0.0.6/vector.html after 90s - using fallback metadata
2026-03-02 07:33:44,967 - Knowledge - INFO - Worker kw20 processing /app/data/T0015/327504/b918650/lu5-327504/docs/v0.0.2/shapes/line/meta.json
2026-03-02 07:33:45,050 - Knowledge - INFO - process ingested knowledge for /app/data/T0015/327504/b918650/lu5-327504/docs/v0.0.6/math/QUARTER_PI/meta.json
2026-03-02 07:33:45,136 - Knowledge - INFO - process ingested knowledge for /app/data/T0015/327504/b918650/lu5-327504/docs/v0.0.6/window/deltaTime/meta.json
2026-03-02 07:33:45,221 - Knowledge - INFO - Fast-tracked /app/data/T0015/327504/b918650/lu5-327504/docs/v0.0.2/shapes/triangle/meta.json (ext=.json, size=218)
2026-03-02 07:33:45,260 - Knowledge - INFO - Async storage completed for 10 embeddings
2026-03-02 07:33:45,296 - Knowledge - WARNING - Timeout processing /app/data/T0015/327504/b918650/lu5-327504/docs/v0.0.6/image.html after 90s - using fallback metadata
2026-03-02 07:33:45,419 - Knowledge - INFO - process ingested knowledge for /app/data/T0015/327504/b918650/lu5-327504/docs/v0.0.6/shapes/square/meta.json
2026-03-02 07:33:45,509 - Knowledge - INFO - Fast-tracked /app/data/T0015/327504/b918650/lu5-327504/docs/v0.0.2/shapes/text/meta.json (ext=.json, size=492)
2026-03-02 07:33:45,625 - Knowledge - INFO - Fast-tracked /app/data/T0015/327504/b918650/lu5-327504/docs/v0.0.2/io/print/meta.json (ext=.json, size=297)
2026-03-02 07:33:45,738 - Knowledge - WARNING - Timeout processing /app/data/T0015/327504/b918650/lu5-327504/docs/v0.0.6/setting/noStroke/index.html after 90s - using fallback metadata
2026-03-02 07:33:45,834 - Knowledge - INFO - Processing batch of 10 files
2026-03-02 07:33:46,369 - Knowledge - WARNING - Timeout processing /app/data/T0015/327504/b918650/lu5-327504/docs/v0.0.6/classes/class/index.html after 90s - using fallback metadata
2026-03-02 07:33:46,495 - Knowledge - INFO - Fast-tracked /app/data/T0015/327504/b918650/lu5-327504/docs/v0.0.2/shapes/line/meta.json (ext=.json, size=473)
2026-03-02 07:33:46,693 - Knowledge - INFO - process ingested knowledge for /app/data/T0015/327504/b918650/lu5-327504/docs/v0.0.6/math/TWO_PI/index.html
2026-03-02 07:33:46,717 - Knowledge - INFO - [LLM_CALL] Completed: index.html:chunk1, Duration: 776ms, PromptTokens: 4492, CompletionTokens: 59, Cost: $0.00047
2026-03-02 07:33:46,840 - Knowledge - INFO - process ingested knowledge for /app/data/T0015/327504/b918650/lu5-327504/docs/v0.0.6/window/index.html
2026-03-02 07:33:46,949 - Knowledge - INFO - Worker kw16 processing /app/data/T0015/327504/b918650/lu5-327504/docs/v0.0.2/shapes/arc/index.html
2026-03-02 07:33:47,338 - Knowledge - INFO - process ingested knowledge for /app/data/T0015/327504/b918650/lu5-327504/docs/v0.0.6/shapes/quad/index.html
2026-03-02 07:33:47,422 - Knowledge - INFO - Worker kw10 processing /app/data/T0015/327504/b918650/lu5-327504/docs/v0.0.2/shapes/quad/index.html
2026-03-02 07:33:47,504 - Knowledge - INFO - Worker kw12 processing /app/data/T0015/327504/b918650/lu5-327504/docs/v0.0.2/io/index.html
2026-03-02 07:33:47,593 - Knowledge - WARNING - Timeout processing /app/data/T0015/327504/b918650/lu5-327504/docs/v0.0.6/setting/index.html after 90s - using fallback metadata
2026-03-02 07:33:47,763 - Knowledge - INFO - process ingested knowledge for /app/data/T0015/327504/b918650/lu5-327504/docs/v0.0.6/keyboard/DOWN_ARROW/index.html
2026-03-02 07:33:47,881 - Knowledge - WARNING - Timeout processing /app/data/T0015/327504/b918650/lu5-327504/docs/v0.0.6/classes/index.html after 90s - using fallback metadata
2026-03-02 07:33:47,959 - Knowledge - INFO - Worker kw20 processing /app/data/T0015/327504/b918650/lu5-327504/docs/v0.0.2/shapes/circle/index.html
2026-03-02 07:33:48,125 - Knowledge - INFO - done ingest for /app/data/T0015/327504/b918650/lu5-327504/docs/v0.0.6/keyboard/KEY_T/index.html
2026-03-02 07:33:48,128 - Knowledge - INFO - done ingest for /app/data/T0015/327504/b918650/lu5-327504/docs/v0.0.6/keyboard/KEY_BACKSPACE/index.html
2026-03-02 07:33:48,128 - Knowledge - INFO - Processing batch of 10 files
2026-03-02 07:33:48,129 - Knowledge - INFO - [LLM_CALL] Completed: index.html:chunk1, Duration: 1ms, PromptTokens: 4492, CompletionTokens: 59, Cost: $0.00047
2026-03-02 07:33:48,275 - Knowledge - INFO - process ingested knowledge for /app/data/T0015/327504/b918650/lu5-327504/docs/v0.0.6/window/frameRate/index.html
2026-03-02 07:33:48,398 - Knowledge - INFO - Worker kw16 processing /app/data/T0015/327504/b918650/lu5-327504/docs/v0.0.2/shapes/arc/meta.json
2026-03-02 07:33:48,516 - Knowledge - INFO - Async storage completed for 10 embeddings
2026-03-02 07:33:48,587 - Knowledge - INFO - Worker kw10 processing /app/data/T0015/327504/b918650/lu5-327504/docs/v0.0.2/shapes/quad/meta.json
2026-03-02 07:33:48,702 - Knowledge - INFO - Worker kw12 processing /app/data/T0015/327504/b918650/lu5-327504/docs/v0.0.2/window/background/index.html
2026-03-02 07:33:48,779 - Knowledge - WARNING - Timeout processing /app/data/T0015/327504/b918650/lu5-327504/docs/v0.0.6/setting/fill/index.html after 90s - using fallback metadata
2026-03-02 07:33:48,984 - Knowledge - WARNING - Timeout processing /app/data/T0015/327504/b918650/lu5-327504/docs/v0.0.6/setting/strokeWeight/index.html after 90s - using fallback metadata
2026-03-02 07:33:49,071 - Knowledge - INFO - process ingested knowledge for /app/data/T0015/327504/b918650/lu5-327504/docs/v0.0.6/keyboard/DOWN_ARROW/meta.json
2026-03-02 07:33:49,078 - Knowledge - INFO - Worker kw20 processing /app/data/T0015/327504/b918650/lu5-327504/docs/v0.0.2/shapes/circle/meta.json
2026-03-02 07:33:49,366 - Knowledge - INFO - process ingested knowledge for /app/data/T0015/327504/b918650/lu5-327504/docs/v0.0.6/math/cos/meta.json
2026-03-02 07:33:49,438 - Knowledge - INFO - done ingest for /app/data/T0015/327504/b918650/lu5-327504/docs/v0.0.6/keyboard/KEY_F/index.html
2026-03-02 07:33:49,438 - Knowledge - INFO - done ingest for /app/data/T0015/327504/b918650/lu5-327504/docs/v0.0.6/keyboard/keyIsDown/index.html
2026-03-02 07:33:49,655 - Knowledge - INFO - Fast-tracked /app/data/T0015/327504/b918650/lu5-327504/docs/v0.0.2/shapes/arc/meta.json (ext=.json, size=207)
2026-03-02 07:33:49,939 - Knowledge - INFO - Fast-tracked /app/data/T0015/327504/b918650/lu5-327504/docs/v0.0.2/shapes/quad/meta.json (ext=.json, size=723)
2026-03-02 07:33:49,967 - Knowledge - INFO - [LLM_CALL] Completed: index.html:chunk1, Duration: 529ms, PromptTokens: 4492, CompletionTokens: 59, Cost: $0.00047
2026-03-02 07:33:50,058 - Knowledge - INFO - process ingested knowledge for /app/data/T0015/327504/b918650/lu5-327504/docs/v0.0.6/window/frameRate/meta.json
2026-03-02 07:33:50,157 - Knowledge - WARNING - Timeout processing /app/data/T0015/327504/b918650/lu5-327504/docs/v0.0.6/setting/pop/index.html after 90s - using fallback metadata
2026-03-02 07:33:50,310 - Knowledge - WARNING - Timeout processing /app/data/T0015/327504/b918650/lu5-327504/docs/v0.0.6/setting/push/index.html after 90s - using fallback metadata
2026-03-02 07:33:50,488 - Knowledge - INFO - process ingested knowledge for /app/data/T0015/327504/b918650/lu5-327504/docs/v0.0.6/keyboard/KEY_B/index.html
2026-03-02 07:33:50,524 - Knowledge - INFO - Fast-tracked /app/data/T0015/327504/b918650/lu5-327504/docs/v0.0.2/shapes/circle/meta.json (ext=.json, size=391)
2026-03-02 07:33:50,831 - Knowledge - INFO - process ingested knowledge for /app/data/T0015/327504/b918650/lu5-327504/docs/v0.0.6/math/ceil/index.html
2026-03-02 07:33:50,944 - Knowledge - INFO - Worker kw16 processing /app/data/T0015/327504/b918650/lu5-327504/docs/v0.0.2/shapes/ellipse/index.html
2026-03-02 07:33:51,027 - Knowledge - INFO - Async storage completed for 10 embeddings
2026-03-02 07:33:51,046 - Knowledge - INFO - Worker kw10 processing /app/data/T0015/327504/b918650/lu5-327504/docs/v0.0.2/shapes/index.html
2026-03-02 07:33:51,126 - Knowledge - INFO - done ingest for /app/data/T0015/327504/b918650/lu5-327504/docs/v0.0.6/keyboard/KEY_A/index.html
2026-03-02 07:33:51,127 - Knowledge - INFO - Processing batch of 10 files
2026-03-02 07:33:51,137 - Knowledge - INFO - [WEBSOCKET] Sent: Type=progress_update, Size: 295, Duration: 0ms
2026-03-02 07:33:51,269 - Knowledge - INFO - process ingested knowledge for /app/data/T0015/327504/b918650/lu5-327504/docs/v0.0.6/keyboard.html
2026-03-02 07:33:51,468 - Knowledge - WARNING - Timeout processing /app/data/T0015/327504/b918650/lu5-327504/docs/v0.0.6/setting/background/index.html after 90s - using fallback metadata
2026-03-02 07:33:51,567 - Knowledge - INFO - process ingested knowledge for /app/data/T0015/327504/b918650/lu5-327504/docs/v0.0.6/keyboard/KEY_B/meta.json
2026-03-02 07:33:51,733 - Knowledge - INFO - Worker kw20 processing /app/data/T0015/327504/b918650/lu5-327504/docs/v0.0.2/shapes/point/index.html
2026-03-02 07:33:51,858 - Knowledge - INFO - process ingested knowledge for /app/data/T0015/327504/b918650/lu5-327504/docs/v0.0.6/math/ceil/meta.json
2026-03-02 07:33:51,954 - Knowledge - INFO - Worker kw16 processing /app/data/T0015/327504/b918650/lu5-327504/docs/v0.0.2/shapes/ellipse/meta.json
2026-03-02 07:33:52,173 - Knowledge - INFO - Worker kw10 processing /app/data/T0015/327504/b918650/lu5-327504/docs/v0.0.2/loaders/index.html
2026-03-02 07:33:52,374 - Knowledge - INFO - process ingested knowledge for /app/data/T0015/327504/b918650/lu5-327504/docs/v0.0.6/keyboard/KEY_L/index.html
2026-03-02 07:33:52,463 - Knowledge - INFO - Processing batch of 10 files
2026-03-02 07:33:52,468 - Knowledge - INFO - [LLM_CALL] Completed: index.html:chunk1, Duration: 0ms, PromptTokens: 4492, CompletionTokens: 59, Cost: $0.00047
2026-03-02 07:33:52,544 - Knowledge - INFO - process ingested knowledge for /app/data/T0015/327504/b918650/lu5-327504/docs/v0.0.6/shapes/line/index.html
2026-03-02 07:33:52,699 - Knowledge - INFO - process ingested knowledge for /app/data/T0015/327504/b918650/lu5-327504/docs/v0.0.6/keyboard/KEY_R/index.html
2026-03-02 07:33:52,783 - Knowledge - INFO - Worker kw20 processing /app/data/T0015/327504/b918650/lu5-327504/docs/v0.0.2/shapes/point/meta.json
2026-03-02 07:33:52,889 - Knowledge - INFO - process ingested knowledge for /app/data/T0015/327504/b918650/lu5-327504/docs/v0.0.6/math/HALF_PI/index.html
2026-03-02 07:33:52,974 - Knowledge - INFO - Fast-tracked /app/data/T0015/327504/b918650/lu5-327504/docs/v0.0.2/shapes/ellipse/meta.json (ext=.json, size=223)
2026-03-02 07:33:53,157 - Knowledge - INFO - Worker kw10 processing /app/data/T0015/327504/b918650/lu5-327504/docs/v0.0.2/loaders/loadFont/index.html
2026-03-02 07:33:53,194 - Knowledge - INFO - process ingested knowledge for /app/data/T0015/327504/b918650/lu5-327504/docs/v0.0.6/keyboard/KEY_L/meta.json
2026-03-02 07:33:53,306 - Knowledge - INFO - process ingested knowledge for /app/data/T0015/327504/b918650/lu5-327504/docs/v0.0.6/setting/stroke/index.html
2026-03-02 07:33:53,416 - Knowledge - INFO - done ingest for /app/data/T0015/327504/b918650/lu5-327504/docs/v0.0.6/keyboard/KEY_V/index.html
2026-03-02 07:33:53,416 - Knowledge - INFO - done ingest for /app/data/T0015/327504/b918650/lu5-327504/docs/v0.0.6/keyboard/KEY_K/index.html
2026-03-02 07:33:53,419 - Knowledge - INFO - done ingest for /app/data/T0015/327504/b918650/lu5-327504/docs/v0.0.6/keyboard/KEY_C/index.html
2026-03-02 07:33:53,419 - Knowledge - INFO - [kw13] Queue=1115, InProgress=0, PendingWorkers=20/20, Completed=220/1455 (15.1%)
2026-03-02 07:33:53,420 - Knowledge - INFO - [WEBSOCKET] Sent: Type=unknown, Size: ?, Duration: 2283ms
2026-03-02 07:33:53,494 - Knowledge - INFO - process ingested knowledge for /app/data/T0015/327504/b918650/lu5-327504/docs/v0.0.6/shapes/line/meta.json
2026-03-02 07:33:53,618 - Knowledge - INFO - process ingested knowledge for /app/data/T0015/327504/b918650/lu5-327504/docs/v0.0.6/keyboard/KEY_R/meta.json
2026-03-02 07:33:53,725 - Knowledge - INFO - Fast-tracked /app/data/T0015/327504/b918650/lu5-327504/docs/v0.0.2/shapes/point/meta.json (ext=.json, size=210)
2026-03-02 07:33:53,808 - Knowledge - INFO - process ingested knowledge for /app/data/T0015/327504/b918650/lu5-327504/docs/v0.0.6/math/HALF_PI/meta.json
2026-03-02 07:33:53,952 - Knowledge - INFO - Worker kw16 processing /app/data/T0015/327504/b918650/lu5-327504/docs/v0.0.2/shapes/rect/index.html
2026-03-02 07:33:54,099 - Knowledge - INFO - Worker kw10 processing /app/data/T0015/327504/b918650/lu5-327504/docs/v0.0.2/loaders/loadFont/meta.json
2026-03-02 07:33:54,169 - Knowledge - INFO - process ingested knowledge for /app/data/T0015/327504/b918650/lu5-327504/docs/v0.0.6/keyboard/KEY_D/index.html
2026-03-02 07:33:54,245 - Knowledge - INFO - process ingested knowledge for /app/data/T0015/327504/b918650/lu5-327504/docs/v0.0.6/setting/stroke/meta.json
2026-03-02 07:33:54,727 - Knowledge - INFO - Batch sizing: calculated=10, max_allowed=10, queue=1115, active_workers=20/20
2026-03-02 07:33:54,823 - Knowledge - INFO - Progress: 13.7% | Files: 220/1455 | Rate: 1.29 files/sec | Queue: 1115
2026-03-02 07:33:54,826 - Knowledge - INFO - Processing batch of 10 files
2026-03-02 07:33:54,840 - Knowledge - INFO - done ingest for /app/data/T0015/327504/b918650/lu5-327504/docs/v0.0.6/keyboard/UP_ARROW/index.html
2026-03-02 07:33:54,846 - Knowledge - INFO - done ingest for /app/data/T0015/327504/b918650/lu5-327504/docs/v0.0.6/keyboard/KEY_M/index.html
2026-03-02 07:33:54,857 - Knowledge - INFO - [LLM_CALL] Completed: index.html:chunk1, Duration: 9ms, PromptTokens: 4492, CompletionTokens: 59, Cost: $0.00047
2026-03-02 07:33:54,906 - Knowledge - INFO - process ingested knowledge for /app/data/T0015/327504/b918650/lu5-327504/docs/v0.0.6/shapes/endShape/index.html
2026-03-02 07:33:54,984 - Knowledge - INFO - process ingested knowledge for /app/data/T0015/327504/b918650/lu5-327504/docs/v0.0.6/keyboard/keyHeld/index.html
2026-03-02 07:33:55,170 - Knowledge - INFO - process ingested knowledge for /app/data/T0015/327504/b918650/lu5-327504/docs/v0.0.6/math/tan/index.html
2026-03-02 07:33:55,330 - Knowledge - INFO - Worker kw16 processing /app/data/T0015/327504/b918650/lu5-327504/docs/v0.0.2/shapes/rect/meta.json
2026-03-02 07:33:55,417 - Knowledge - INFO - Fast-tracked /app/data/T0015/327504/b918650/lu5-327504/docs/v0.0.2/loaders/loadFont/meta.json (ext=.json, size=492)
2026-03-02 07:33:55,516 - Knowledge - INFO - process ingested knowledge for /app/data/T0015/327504/b918650/lu5-327504/docs/v0.0.6/keyboard/KEY_D/meta.json
2026-03-02 07:33:55,635 - Knowledge - INFO - process ingested knowledge for /app/data/T0015/327504/b918650/lu5-327504/docs/v0.0.6/setting/noFill/index.html
2026-03-02 07:33:55,804 - Knowledge - INFO - [kw14] Queue=1105, InProgress=0, PendingWorkers=20/20, Completed=220/1455 (15.1%)
2026-03-02 07:33:55,902 - Knowledge - INFO - process ingested knowledge for /app/data/T0015/327504/b918650/lu5-327504/docs/v0.0.6/vector.html
2026-03-02 07:33:56,215 - Knowledge - INFO - done ingest for /app/data/T0015/327504/b918650/lu5-327504/docs/v0.0.6/keyboard/KEY_S/index.html
2026-03-02 07:33:56,215 - Knowledge - INFO - done ingest for /app/data/T0015/327504/b918650/lu5-327504/docs/v0.0.6/keyboard/KEY_Y/index.html
2026-03-02 07:33:56,216 - Knowledge - INFO - [LLM_CALL] Completed: index.html:chunk1, Duration: 0ms, PromptTokens: 4492, CompletionTokens: 59, Cost: $0.00047
2026-03-02 07:33:56,637 - Knowledge - INFO - process ingested knowledge for /app/data/T0015/327504/b918650/lu5-327504/docs/v0.0.6/keyboard/keyHeld/meta.json
2026-03-02 07:33:56,640 - Knowledge - INFO - process ingested knowledge for /app/data/T0015/327504/b918650/lu5-327504/docs/v0.0.6/math/tan/meta.json
2026-03-02 07:33:56,696 - Knowledge - INFO - Fast-tracked /app/data/T0015/327504/b918650/lu5-327504/docs/v0.0.2/shapes/rect/meta.json (ext=.json, size=423)
2026-03-02 07:33:56,911 - Knowledge - INFO - Worker kw10 processing /app/data/T0015/327504/b918650/lu5-327504/docs/v0.0.2/math/round/index.html
2026-03-02 07:33:57,001 - Knowledge - INFO - process ingested knowledge for /app/data/T0015/327504/b918650/lu5-327504/docs/v0.0.6/keyboard/KEY_T/index.html
2026-03-02 07:33:57,107 - Knowledge - INFO - process ingested knowledge for /app/data/T0015/327504/b918650/lu5-327504/docs/v0.0.6/setting/noFill/meta.json
2026-03-02 07:33:57,235 - Knowledge - INFO - Batch sizing: calculated=10, max_allowed=10, queue=1105, active_workers=20/20
2026-03-02 07:33:57,344 - Knowledge - INFO - process ingested knowledge for /app/data/T0015/327504/b918650/lu5-327504/docs/v0.0.6/classes/class/index.html
2026-03-02 07:33:57,590 - Knowledge - INFO - done ingest for /app/data/T0015/327504/b918650/lu5-327504/docs/v0.0.6/keyboard/KEY_U/index.html
2026-03-02 07:33:57,592 - Knowledge - INFO - Async storing batch of 10 embeddings
2026-03-02 07:33:57,593 - Knowledge - INFO - [LLM_CALL] Completed: index.html:chunk1, Duration: 3ms, PromptTokens: 4864, CompletionTokens: 59, Cost: $0.00051
2026-03-02 07:33:57,778 - Knowledge - INFO - process ingested knowledge for /app/data/T0015/327504/b918650/lu5-327504/docs/v0.0.6/keyboard/KEY_N/index.html
2026-03-02 07:33:57,865 - Knowledge - INFO - process ingested knowledge for /app/data/T0015/327504/b918650/lu5-327504/docs/v0.0.6/math/index.html
2026-03-02 07:33:57,970 - Knowledge - INFO - Worker kw16 processing /app/data/T0015/327504/b918650/lu5-327504/docs/v0.0.2/shapes/square/index.html
2026-03-02 07:33:58,078 - Knowledge - INFO - Worker kw10 processing /app/data/T0015/327504/b918650/lu5-327504/docs/v0.0.2/math/round/meta.json
2026-03-02 07:33:58,407 - Knowledge - INFO - process ingested knowledge for /app/data/T0015/327504/b918650/lu5-327504/docs/v0.0.6/keyboard/KEY_T/meta.json
2026-03-02 07:33:58,410 - Knowledge - INFO - process ingested knowledge for /app/data/T0015/327504/b918650/lu5-327504/docs/v0.0.6/setting/noStroke/index.html
2026-03-02 07:33:58,647 - Knowledge - INFO - process ingested knowledge for /app/data/T0015/327504/b918650/lu5-327504/docs/v0.0.6/classes/class/meta.json
2026-03-02 07:33:58,728 - Knowledge - INFO - Worker kw13 processing /app/data/T0015/327504/b918650/lu5-327504/docs/v0.0.2/math/index.html
2026-03-02 07:33:58,836 - Knowledge - INFO - done ingest for /app/data/T0015/327504/b918650/lu5-327504/docs/v0.0.6/keyboard/keyPressed/index.html
2026-03-02 07:33:58,838 - Knowledge - INFO - done ingest for /app/data/T0015/327504/b918650/lu5-327504/docs/v0.0.6/keyboard/KEY_Q/index.html
2026-03-02 07:33:58,839 - Knowledge - INFO - [LLM_CALL] Completed: index.html:chunk1, Duration: 0ms, PromptTokens: 4718, CompletionTokens: 59, Cost: $0.00050
2026-03-02 07:33:58,920 - Knowledge - INFO - process ingested knowledge for /app/data/T0015/327504/b918650/lu5-327504/docs/v0.0.6/keyboard/KEY_N/meta.json
2026-03-02 07:33:59,017 - Knowledge - INFO - process ingested knowledge for /app/data/T0015/327504/b918650/lu5-327504/docs/v0.0.6/typography.html
2026-03-02 07:33:59,187 - Knowledge - INFO - Worker kw16 processing /app/data/T0015/327504/b918650/lu5-327504/docs/v0.0.2/shapes/square/meta.json
2026-03-02 07:33:59,263 - Knowledge - INFO - Fast-tracked /app/data/T0015/327504/b918650/lu5-327504/docs/v0.0.2/math/round/meta.json (ext=.json, size=305)
2026-03-02 07:33:59,353 - Knowledge - INFO - process ingested knowledge for /app/data/T0015/327504/b918650/lu5-327504/docs/v0.0.6/keyboard/KEY_Z/index.html
2026-03-02 07:33:59,432 - Knowledge - INFO - process ingested knowledge for /app/data/T0015/327504/b918650/lu5-327504/docs/v0.0.6/setting/noStroke/meta.json
2026-03-02 07:33:59,575 - Knowledge - INFO - process ingested knowledge for /app/data/T0015/327504/b918650/lu5-327504/docs/v0.0.6/classes/index.html
2026-03-02 07:33:59,673 - Knowledge - INFO - Worker kw13 processing /app/data/T0015/327504/b918650/lu5-327504/docs/v0.0.2/setting/strokeWeight/index.html
2026-03-02 07:33:59,996 - Knowledge - INFO - done ingest for /app/data/T0015/327504/b918650/lu5-327504/docs/v0.0.6/keyboard/keyReleased/index.html
2026-03-02 07:34:00,002 - Knowledge - INFO - Async storing batch of 10 embeddings
2026-03-02 07:34:00,002 - Knowledge - INFO - [WEBSOCKET] Sent: Type=progress_update, Size: 294, Duration: 0ms
2026-03-02 07:34:00,228 - Knowledge - INFO - process ingested knowledge for /app/data/T0015/327504/b918650/lu5-327504/docs/v0.0.6/image.html
2026-03-02 07:34:00,300 - Knowledge - INFO - Fast-tracked /app/data/T0015/327504/b918650/lu5-327504/docs/v0.0.2/shapes/square/meta.json (ext=.json, size=387)
2026-03-02 07:34:00,495 - Knowledge - INFO - process ingested knowledge for /app/data/T0015/327504/b918650/lu5-327504/docs/v0.0.6/keyboard/KEY_Z/meta.json
2026-03-02 07:34:00,562 - Knowledge - INFO - process ingested knowledge for /app/data/T0015/327504/b918650/lu5-327504/docs/v0.0.6/setting/index.html
2026-03-02 07:34:00,668 - Knowledge - INFO - process ingested knowledge for /app/data/T0015/327504/b918650/lu5-327504/docs/v0.0.6/setting/strokeWeight/index.html
2026-03-02 07:34:00,825 - Knowledge - INFO - Worker kw13 processing /app/data/T0015/327504/b918650/lu5-327504/docs/v0.0.2/setting/strokeWeight/meta.json
2026-03-02 07:34:01,123 - Knowledge - INFO - Worker kw14 processing /app/data/T0015/327504/b918650/lu5-327504/docs/v0.0.2/setting/textFont/meta.json
2026-03-02 07:34:01,230 - Knowledge - INFO - [WEBSOCKET] Sent: Type=unknown, Size: ?, Duration: 1228ms
2026-03-02 07:34:01,624 - Knowledge - INFO - process ingested knowledge for /app/data/T0015/327504/b918650/lu5-327504/docs/v0.0.6/keyboard/KEY_J/index.html
2026-03-02 07:34:01,919 - Knowledge - INFO - Fast-tracked /app/data/T0015/327504/b918650/lu5-327504/docs/v0.0.2/setting/strokeWeight/meta.json (ext=.json, size=323)
2026-03-02 07:34:02,032 - Knowledge - INFO - Fast-tracked /app/data/T0015/327504/b918650/lu5-327504/docs/v0.0.2/setting/textFont/meta.json (ext=.json, size=503)
2026-03-02 07:34:02,036 - Knowledge - INFO - process ingested knowledge for /app/data/T0015/327504/b918650/lu5-327504/docs/v0.0.6/setting/fill/index.html
2026-03-02 07:34:02,037 - Knowledge - INFO - process ingested knowledge for /app/data/T0015/327504/b918650/lu5-327504/docs/v0.0.6/setting/strokeWeight/meta.json
2026-03-02 07:34:02,116 - Knowledge - INFO - Progress: 15.8% | Files: 240/1455 | Rate: 1.34 files/sec | Queue: 1095
2026-03-02 07:34:02,118 - Knowledge - INFO - done ingest for /app/data/T0015/327504/b918650/lu5-327504/docs/v0.0.6/keyboard/KEY_G/index.html
2026-03-02 07:34:02,150 - Knowledge - INFO - done ingest for /app/data/T0015/327504/b918650/lu5-327504/docs/v0.0.6/keyboard/LEFT_ARROW/index.html
2026-03-02 07:34:02,160 - Knowledge - INFO - Async storage completed for 10 embeddings
2026-03-02 07:34:02,163 - Knowledge - INFO - [LLM_CALL] Completed: classes.html:chunk1, Duration: 31191ms, PromptTokens: 3000, CompletionTokens: 59, Cost: $0.00032
2026-03-02 07:34:02,310 - Knowledge - INFO - Worker kw13 processing /app/data/T0015/327504/b918650/lu5-327504/docs/v0.0.2/setting/textSize/index.html
2026-03-02 07:34:02,320 - Knowledge - INFO - process ingested knowledge for /app/data/T0015/327504/b918650/lu5-327504/docs/v0.0.6/keyboard/KEY_J/meta.json
2026-03-02 07:34:02,334 - Knowledge - INFO - Async storage completed for 10 embeddings
2026-03-02 07:34:02,393 - Knowledge - INFO - Worker kw14 processing /app/data/T0015/327504/b918650/lu5-327504/docs/v0.0.2/setting/noStroke/index.html
2026-03-02 07:34:02,781 - Knowledge - INFO - process ingested knowledge for /app/data/T0015/327504/b918650/lu5-327504/docs/v0.0.6/setting/fill/meta.json
2026-03-02 07:34:02,782 - Knowledge - INFO - process ingested knowledge for /app/data/T0015/327504/b918650/lu5-327504/docs/v0.0.6/setting/push/index.html
2026-03-02 07:34:02,782 - Knowledge - INFO - [kw11] Queue=1095, InProgress=0, PendingWorkers=20/20, Completed=240/1455 (16.5%)
2026-03-02 07:34:03,663 - Knowledge - INFO - done ingest for /app/data/T0015/327504/b918650/lu5-327504/docs/v0.0.6/classes.html
2026-03-02 07:34:03,665 - Knowledge - INFO - Processing batch of 10 files
2026-03-02 07:34:03,667 - Knowledge - INFO - Processing batch of 10 files
2026-03-02 07:34:03,679 - Knowledge - INFO - [LLM_CALL] Completed: index.html:chunk1, Duration: 6ms, PromptTokens: 4492, CompletionTokens: 59, Cost: $0.00047
2026-03-02 07:34:03,754 - Knowledge - INFO - Worker kw13 processing /app/data/T0015/327504/b918650/lu5-327504/docs/v0.0.2/setting/textSize/meta.json
2026-03-02 07:34:04,157 - Knowledge - INFO - Worker kw14 processing /app/data/T0015/327504/b918650/lu5-327504/docs/v0.0.2/setting/noStroke/meta.json
2026-03-02 07:34:04,429 - Knowledge - INFO - Batch sizing: calculated=10, max_allowed=10, queue=1095, active_workers=20/20
2026-03-02 07:34:04,451 - Knowledge - INFO - process ingested knowledge for /app/data/T0015/327504/b918650/lu5-327504/docs/v0.0.6/setting/pop/index.html
2026-03-02 07:34:04,603 - Knowledge - INFO - process ingested knowledge for /app/data/T0015/327504/b918650/lu5-327504/docs/v0.0.6/setting/push/meta.json
2026-03-02 07:34:04,619 - Knowledge - INFO - process ingested knowledge for /app/data/T0015/327504/b918650/lu5-327504/docs/v0.0.6/keyboard/KEY_I/index.html
2026-03-02 07:34:04,702 - Knowledge - INFO - process ingested knowledge for /app/data/T0015/327504/b918650/lu5-327504/docs/v0.0.6/keyboard/KEY_ENTER/index.html
2026-03-02 07:34:04,778 - Knowledge - INFO - done ingest for /app/data/T0015/327504/b918650/lu5-327504/docs/v0.0.6/keyboard/KEY_E/index.html
2026-03-02 07:34:04,779 - Knowledge - INFO - done ingest for /app/data/T0015/327504/b918650/lu5-327504/docs/v0.0.6/keyboard/KEY_W/index.html
2026-03-02 07:34:04,908 - Knowledge - INFO - Fast-tracked /app/data/T0015/327504/b918650/lu5-327504/docs/v0.0.2/setting/textSize/meta.json (ext=.json, size=407)
2026-03-02 07:34:05,010 - Knowledge - INFO - Fast-tracked /app/data/T0015/327504/b918650/lu5-327504/docs/v0.0.2/setting/noStroke/meta.json (ext=.json, size=303)
2026-03-02 07:34:05,011 - Knowledge - INFO - [kw2] Queue=1095, InProgress=0, PendingWorkers=20/20, Completed=240/1455 (16.5%)
2026-03-02 07:34:05,370 - Knowledge - INFO - done ingest for /app/data/T0015/327504/b918650/lu5-327504/docs/v0.0.6/mouse/mouseY/index.html
2026-03-02 07:34:05,493 - Knowledge - INFO - Async storing batch of 10 embeddings
2026-03-02 07:34:05,494 - Knowledge - INFO - process ingested knowledge for /app/data/T0015/327504/b918650/lu5-327504/docs/v0.0.6/setting/background/index.html
2026-03-02 07:34:05,772 - Knowledge - INFO - done ingest for /app/data/T0015/327504/b918650/lu5-327504/docs/v0.0.6/vector/Vector.print/index.html
2026-03-02 07:34:05,782 - Knowledge - INFO - [kw17] Queue=1085, InProgress=0, PendingWorkers=20/20, Completed=240/1455 (16.5%)
2026-03-02 07:34:05,783 - Knowledge - INFO - process ingested knowledge for /app/data/T0015/327504/b918650/lu5-327504/docs/v0.0.6/keyboard/KEY_ENTER/meta.json
2026-03-02 07:34:05,901 - Knowledge - INFO - process ingested knowledge for /app/data/T0015/327504/b918650/lu5-327504/docs/v0.0.6/keyboard/KEY_I/meta.json
2026-03-02 07:34:05,986 - Knowledge - INFO - Worker kw13 processing /app/data/T0015/327504/b918650/lu5-327504/docs/v0.0.2/setting/stroke/index.html
2026-03-02 07:34:06,132 - Knowledge - INFO - Worker kw14 processing /app/data/T0015/327504/b918650/lu5-327504/docs/v0.0.2/setting/index.html
2026-03-02 07:34:06,164 - Knowledge - INFO - Processing batch of 10 files
2026-03-02 07:34:06,236 - Knowledge - INFO - Batch sizing: calculated=10, max_allowed=10, queue=1095, active_workers=20/20
2026-03-02 07:34:06,427 - Knowledge - INFO - Worker kw11 processing /app/data/T0015/327504/b918650/lu5-327504/docs/v0.0.2/index.html
2026-03-02 07:34:06,695 - Knowledge - INFO - [LLM_CALL] Completed: index.html:chunk1, Duration: 642ms, PromptTokens: 13542, CompletionTokens: 59, Cost: $0.00138
2026-03-02 07:34:06,745 - Knowledge - INFO - process ingested knowledge for /app/data/T0015/327504/b918650/lu5-327504/docs/v0.0.6/setting/background/meta.json
2026-03-02 07:34:06,780 - Knowledge - INFO - Batch sizing: calculated=10, max_allowed=10, queue=1085, active_workers=20/20
2026-03-02 07:34:06,963 - Knowledge - INFO - process ingested knowledge for /app/data/T0015/327504/b918650/lu5-327504/docs/v0.0.6/keyboard/KEY_F/index.html
2026-03-02 07:34:07,074 - Knowledge - INFO - Worker kw13 processing /app/data/T0015/327504/b918650/lu5-327504/docs/v0.0.2/setting/stroke/meta.json
2026-03-02 07:34:07,100 - Knowledge - INFO - process ingested knowledge for /app/data/T0015/327504/b918650/lu5-327504/docs/v0.0.6/keyboard/KEY_A/index.html
2026-03-02 07:34:07,151 - Knowledge - INFO - Worker kw14 processing /app/data/T0015/327504/b918650/lu5-327504/docs/v0.0.2/setting/fill/index.html
2026-03-02 07:34:07,241 - Knowledge - INFO - process ingested knowledge for /app/data/T0015/327504/b918650/lu5-327504/docs/v0.0.6/keyboard/LEFT_ARROW/index.html
2026-03-02 07:34:07,556 - Knowledge - INFO - Worker kw11 processing /app/data/T0015/327504/b918650/lu5-327504/docs/v0.1.7/io/loadStrings/index.html
2026-03-02 07:34:07,652 - Knowledge - INFO - done ingest for /app/data/T0015/327504/b918650/lu5-327504/docs/v0.0.6/keyboard/index.html
2026-03-02 07:34:07,660 - Knowledge - INFO - [kw1] Queue=1075, InProgress=0, PendingWorkers=20/20, Completed=250/1455 (17.2%)
2026-03-02 07:34:07,666 - Knowledge - INFO - done ingest for /app/data/T0015/327504/b918650/lu5-327504/docs/v0.0.6/mouse/mousePressed/index.html
2026-03-02 07:34:07,684 - Knowledge - INFO - Async storing batch of 10 embeddings
2026-03-02 07:34:07,867 - Knowledge - INFO - done ingest for /app/data/T0015/327504/b918650/lu5-327504/docs/v0.0.6/vector/Vector.mult/index.html
2026-03-02 07:34:07,979 - Knowledge - INFO - Async storing batch of 10 embeddings
2026-03-02 07:34:08,145 - Knowledge - INFO - Fast-tracked /app/data/T0015/327504/b918650/lu5-327504/docs/v0.0.2/setting/stroke/meta.json (ext=.json, size=485)
2026-03-02 07:34:08,219 - Knowledge - INFO - process ingested knowledge for /app/data/T0015/327504/b918650/lu5-327504/docs/v0.0.6/keyboard/KEY_F/meta.json
2026-03-02 07:34:08,221 - Knowledge - INFO - [kw19] Queue=1065, InProgress=0, PendingWorkers=20/20, Completed=250/1455 (17.2%)
2026-03-02 07:34:08,257 - Knowledge - INFO - process ingested knowledge for /app/data/T0015/327504/b918650/lu5-327504/docs/v0.0.6/keyboard/KEY_A/meta.json
2026-03-02 07:34:08,410 - Knowledge - INFO - Worker kw14 processing /app/data/T0015/327504/b918650/lu5-327504/docs/v0.0.2/setting/fill/meta.json
2026-03-02 07:34:08,494 - Knowledge - INFO - process ingested knowledge for /app/data/T0015/327504/b918650/lu5-327504/docs/v0.0.6/keyboard/LEFT_ARROW/meta.json
2026-03-02 07:34:08,712 - Knowledge - INFO - Worker kw11 processing /app/data/T0015/327504/b918650/lu5-327504/docs/v0.1.7/io/loadStrings/meta.json
2026-03-02 07:34:08,850 - Knowledge - INFO - [LLM_CALL] Completed: index.html:chunk1, Duration: 689ms, PromptTokens: 4878, CompletionTokens: 59, Cost: $0.00051
2026-03-02 07:34:08,867 - Knowledge - INFO - Batch sizing: calculated=10, max_allowed=10, queue=1075, active_workers=20/20
2026-03-02 07:34:09,043 - Knowledge - INFO - Worker kw2 processing /app/data/T0015/327504/b918650/lu5-327504/docs/v0.1.7/window/createWindow/index.html
2026-03-02 07:34:09,235 - Knowledge - INFO - Worker kw17 processing /app/data/T0015/327504/b918650/lu5-327504/docs/v0.1.7/window/index.html
2026-03-02 07:34:09,385 - Knowledge - INFO - Worker kw13 processing /app/data/T0015/327504/b918650/lu5-327504/docs/v0.0.2/setting/noFill/index.html
2026-03-02 07:34:09,536 - Knowledge - INFO - process ingested knowledge for /app/data/T0015/327504/b918650/lu5-327504/docs/v0.0.6/keyboard/KEY_V/index.html
2026-03-02 07:34:09,654 - Knowledge - INFO - Batch sizing: calculated=10, max_allowed=10, queue=1065, active_workers=20/20
2026-03-02 07:34:09,797 - Knowledge - INFO - process ingested knowledge for /app/data/T0015/327504/b918650/lu5-327504/docs/v0.0.6/keyboard/KEY_Q/index.html
2026-03-02 07:34:09,946 - Knowledge - INFO - Fast-tracked /app/data/T0015/327504/b918650/lu5-327504/docs/v0.0.2/setting/fill/meta.json (ext=.json, size=507)
2026-03-02 07:34:10,158 - Knowledge - INFO - process ingested knowledge for /app/data/T0015/327504/b918650/lu5-327504/docs/v0.0.6/keyboard/KEY_E/index.html
2026-03-02 07:34:10,231 - Knowledge - INFO - Fast-tracked /app/data/T0015/327504/b918650/lu5-327504/docs/v0.1.7/io/loadStrings/meta.json (ext=.json, size=371)
2026-03-02 07:34:10,324 - Knowledge - INFO - done ingest for /app/data/T0015/327504/b918650/lu5-327504/docs/v0.0.6/mouse/mouseReleased/index.html
2026-03-02 07:34:10,324 - Knowledge - INFO - [LLM_CALL] Completed: index.html:chunk1, Duration: 0ms, PromptTokens: 4492, CompletionTokens: 59, Cost: $0.00047
2026-03-02 07:34:10,583 - Knowledge - INFO - Worker kw2 processing /app/data/T0015/327504/b918650/lu5-327504/docs/v0.1.7/window/createWindow/meta.json
2026-03-02 07:34:10,714 - Knowledge - INFO - Worker kw17 processing /app/data/T0015/327504/b918650/lu5-327504/docs/v0.1.7/window/noLoop/index.html
2026-03-02 07:34:10,833 - Knowledge - INFO - Worker kw13 processing /app/data/T0015/327504/b918650/lu5-327504/docs/v0.0.2/setting/noFill/meta.json
2026-03-02 07:34:10,952 - Knowledge - INFO - process ingested knowledge for /app/data/T0015/327504/b918650/lu5-327504/docs/v0.0.6/keyboard/KEY_V/meta.json
2026-03-02 07:34:11,113 - Knowledge - INFO - process ingested knowledge for /app/data/T0015/327504/b918650/lu5-327504/docs/v0.0.6/keyboard/KEY_Q/meta.json
2026-03-02 07:34:11,225 - Knowledge - INFO - Worker kw14 processing /app/data/T0015/327504/b918650/lu5-327504/docs/v0.0.2/modules.json
2026-03-02 07:34:11,322 - Knowledge - INFO - process ingested knowledge for /app/data/T0015/327504/b918650/lu5-327504/docs/v0.0.6/keyboard/KEY_E/meta.json
2026-03-02 07:34:11,418 - Knowledge - INFO - Worker kw11 processing /app/data/T0015/327504/b918650/lu5-327504/docs/v0.1.7/io/loadText/index.html
2026-03-02 07:34:11,633 - Knowledge - INFO - done ingest for /app/data/T0015/327504/b918650/lu5-327504/docs/v0.0.6/keyboard/KEY_O/index.html
2026-03-02 07:34:11,634 - Knowledge - INFO - done ingest for /app/data/T0015/327504/b918650/lu5-327504/docs/v0.0.6/image/image/index.html
2026-03-02 07:34:11,634 - Knowledge - INFO - done ingest for /app/data/T0015/327504/b918650/lu5-327504/docs/v0.0.6/image/index.html
2026-03-02 07:34:11,637 - Knowledge - INFO - Async storing batch of 10 embeddings
2026-03-02 07:34:11,637 - Knowledge - INFO - Async storing batch of 10 embeddings
2026-03-02 07:34:11,638 - Knowledge - INFO - Processing batch of 10 files
2026-03-02 07:34:11,638 - Knowledge - INFO - [WEBSOCKET] Sent: Type=progress_update, Size: 294, Duration: 0ms
2026-03-02 07:34:11,746 - Knowledge - INFO - Fast-tracked /app/data/T0015/327504/b918650/lu5-327504/docs/v0.1.7/window/createWindow/meta.json (ext=.json, size=539)
2026-03-02 07:34:11,865 - Knowledge - INFO - Worker kw17 processing /app/data/T0015/327504/b918650/lu5-327504/docs/v0.1.7/window/noLoop/meta.json
2026-03-02 07:34:11,975 - Knowledge - INFO - Fast-tracked /app/data/T0015/327504/b918650/lu5-327504/docs/v0.0.2/setting/noFill/meta.json (ext=.json, size=198)
2026-03-02 07:34:12,061 - Knowledge - INFO - process ingested knowledge for /app/data/T0015/327504/b918650/lu5-327504/docs/v0.0.6/keyboard/keyReleased/index.html
2026-03-02 07:34:12,178 - Knowledge - INFO - process ingested knowledge for /app/data/T0015/327504/b918650/lu5-327504/docs/v0.0.6/keyboard/KEY_BACKSPACE/index.html
2026-03-02 07:34:12,270 - Knowledge - INFO - Fast-tracked /app/data/T0015/327504/b918650/lu5-327504/docs/v0.0.2/modules.json (ext=.json, size=857)
2026-03-02 07:34:12,343 - Knowledge - INFO - process ingested knowledge for /app/data/T0015/327504/b918650/lu5-327504/docs/v0.0.6/keyboard/keyIsDown/index.html
2026-03-02 07:34:12,433 - Knowledge - INFO - Worker kw11 processing /app/data/T0015/327504/b918650/lu5-327504/docs/v0.1.7/io/loadText/meta.json
2026-03-02 07:34:12,795 - Knowledge - INFO - Worker kw19 processing /app/data/T0015/327504/b918650/lu5-327504/docs/v0.1.7/shapes/beginShape/index.html
2026-03-02 07:34:12,930 - Knowledge - INFO - Worker kw1 processing /app/data/T0015/327504/b918650/lu5-327504/docs/v0.1.7/models/model/meta.json
2026-03-02 07:34:13,016 - Knowledge - INFO - process ingested knowledge for /app/data/T0015/327504/b918650/lu5-327504/docs/v0.0.6/keyboard/KEY_W/meta.json
2026-03-02 07:34:13,122 - Knowledge - INFO - Processing batch of 10 files
2026-03-02 07:34:13,125 - Knowledge - INFO - [WEBSOCKET] Sent: Type=unknown, Size: ?, Duration: 1487ms
2026-03-02 07:34:13,243 - Knowledge - INFO - Worker kw2 processing /app/data/T0015/327504/b918650/lu5-327504/docs/v0.1.7/window/loop/index.html
2026-03-02 07:34:13,366 - Knowledge - INFO - Fast-tracked /app/data/T0015/327504/b918650/lu5-327504/docs/v0.1.7/window/noLoop/meta.json (ext=.json, size=836)
2026-03-02 07:34:13,443 - Knowledge - INFO - Worker kw13 processing /app/data/T0015/327504/b918650/lu5-327504/docs/v0.0.2/setting/textFont/index.html
2026-03-02 07:34:13,575 - Knowledge - INFO - process ingested knowledge for /app/data/T0015/327504/b918650/lu5-327504/docs/v0.0.6/keyboard/keyReleased/meta.json
2026-03-02 07:34:13,666 - Knowledge - INFO - process ingested knowledge for /app/data/T0015/327504/b918650/lu5-327504/docs/v0.0.6/keyboard/KEY_BACKSPACE/meta.json
2026-03-02 07:34:13,743 - Knowledge - INFO - Worker kw14 processing /app/data/T0015/327504/b918650/lu5-327504/docs/v0.0.2/events/isKeyDown/index.html
2026-03-02 07:34:13,867 - Knowledge - INFO - process ingested knowledge for /app/data/T0015/327504/b918650/lu5-327504/docs/v0.0.6/keyboard/keyIsDown/meta.json
2026-03-02 07:34:13,959 - Knowledge - INFO - Fast-tracked /app/data/T0015/327504/b918650/lu5-327504/docs/v0.1.7/io/loadText/meta.json (ext=.json, size=340)
2026-03-02 07:34:14,034 - Knowledge - INFO - Worker kw19 processing /app/data/T0015/327504/b918650/lu5-327504/docs/v0.1.7/shapes/beginShape/meta.json
2026-03-02 07:34:14,171 - Knowledge - INFO - Fast-tracked /app/data/T0015/327504/b918650/lu5-327504/docs/v0.1.7/models/model/meta.json (ext=.json, size=441)
2026-03-02 07:34:14,266 - Knowledge - INFO - process ingested knowledge for /app/data/T0015/327504/b918650/lu5-327504/docs/v0.0.6/keyboard/keyPressed/index.html
2026-03-02 07:34:14,428 - Knowledge - INFO - process ingested knowledge for /app/data/T0015/327504/b918650/lu5-327504/docs/v0.0.6/keyboard/KEY_C/index.html
2026-03-02 07:34:14,516 - Knowledge - INFO - Progress: 17.9% | Files: 270/1455 | Rate: 1.41 files/sec | Queue: 1045
2026-03-02 07:34:14,517 - Knowledge - INFO - [LLM_CALL] Completed: index.html:chunk1, Duration: 1409ms, PromptTokens: 6212, CompletionTokens: 59, Cost: $0.00064
2026-03-02 07:34:14,648 - Knowledge - INFO - Worker kw2 processing /app/data/T0015/327504/b918650/lu5-327504/docs/v0.1.7/window/loop/meta.json
2026-03-02 07:34:14,727 - Knowledge - INFO - Worker kw17 processing /app/data/T0015/327504/b918650/lu5-327504/docs/v0.1.7/window/frameRate/index.html
2026-03-02 07:34:14,890 - Knowledge - INFO - process ingested knowledge for /app/data/T0015/327504/b918650/lu5-327504/docs/v0.0.6/keyboard/KEY_Y/index.html
2026-03-02 07:34:15,033 - Knowledge - INFO - process ingested knowledge for /app/data/T0015/327504/b918650/lu5-327504/docs/v0.0.6/keyboard/KEY_M/index.html
2026-03-02 07:34:15,143 - Knowledge - INFO - Worker kw14 processing /app/data/T0015/327504/b918650/lu5-327504/docs/v0.0.2/events/isKeyDown/meta.json
2026-03-02 07:34:15,217 - Knowledge - INFO - process ingested knowledge for /app/data/T0015/327504/b918650/lu5-327504/docs/v0.0.6/keyboard/KEY_U/index.html
2026-03-02 07:34:15,296 - Knowledge - INFO - Worker kw11 processing /app/data/T0015/327504/b918650/lu5-327504/docs/v0.1.7/io/print/index.html
2026-03-02 07:34:15,378 - Knowledge - INFO - Fast-tracked /app/data/T0015/327504/b918650/lu5-327504/docs/v0.1.7/shapes/beginShape/meta.json (ext=.json, size=805)
2026-03-02 07:34:15,453 - Knowledge - INFO - Worker kw1 processing /app/data/T0015/327504/b918650/lu5-327504/docs/v0.1.7/models/index.html
2026-03-02 07:34:15,534 - Knowledge - INFO - process ingested knowledge for /app/data/T0015/327504/b918650/lu5-327504/docs/v0.0.6/keyboard/keyPressed/meta.json
2026-03-02 07:34:15,600 - Knowledge - INFO - process ingested knowledge for /app/data/T0015/327504/b918650/lu5-327504/docs/v0.0.6/keyboard/KEY_C/meta.json
2026-03-02 07:34:15,747 - Knowledge - INFO - [kw18] Queue=1045, InProgress=0, PendingWorkers=20/20, Completed=270/1455 (18.6%)
2026-03-02 07:34:15,822 - Knowledge - INFO - done ingest for /app/data/T0015/327504/b918650/lu5-327504/docs/v0.0.6/mouse/index.html
2026-03-02 07:34:15,822 - Knowledge - INFO - done ingest for /app/data/T0015/327504/b918650/lu5-327504/docs/v0.0.6/vector/Vector.add/index.html
2026-03-02 07:34:15,926 - Knowledge - INFO - Fast-tracked /app/data/T0015/327504/b918650/lu5-327504/docs/v0.1.7/window/loop/meta.json (ext=.json, size=721)
2026-03-02 07:34:16,047 - Knowledge - INFO - Worker kw17 processing /app/data/T0015/327504/b918650/lu5-327504/docs/v0.1.7/window/frameRate/meta.json
2026-03-02 07:34:16,159 - Knowledge - INFO - process ingested knowledge for /app/data/T0015/327504/b918650/lu5-327504/docs/v0.0.6/keyboard/KEY_Y/meta.json
2026-03-02 07:34:16,261 - Knowledge - INFO - process ingested knowledge for /app/data/T0015/327504/b918650/lu5-327504/docs/v0.0.6/keyboard/KEY_M/meta.json
2026-03-02 07:34:16,358 - Knowledge - INFO - Fast-tracked /app/data/T0015/327504/b918650/lu5-327504/docs/v0.0.2/events/isKeyDown/meta.json (ext=.json, size=469)
2026-03-02 07:34:16,444 - Knowledge - INFO - process ingested knowledge for /app/data/T0015/327504/b918650/lu5-327504/docs/v0.0.6/keyboard/KEY_U/meta.json
2026-03-02 07:34:16,558 - Knowledge - INFO - Worker kw11 processing /app/data/T0015/327504/b918650/lu5-327504/docs/v0.1.7/io/print/meta.json
2026-03-02 07:34:16,657 - Knowledge - INFO - Worker kw19 processing /app/data/T0015/327504/b918650/lu5-327504/docs/v0.1.7/shapes/triangle/index.html
2026-03-02 07:34:16,811 - Knowledge - INFO - Worker kw1 processing /app/data/T0015/327504/b918650/lu5-327504/docs/v0.1.7/shapes/line/index.html
2026-03-02 07:34:16,886 - Knowledge - INFO - process ingested knowledge for /app/data/T0015/327504/b918650/lu5-327504/docs/v0.0.6/keyboard/UP_ARROW/index.html
2026-03-02 07:34:16,994 - Knowledge - INFO - process ingested knowledge for /app/data/T0015/327504/b918650/lu5-327504/docs/v0.0.6/keyboard/KEY_S/index.html
2026-03-02 07:34:17,089 - Knowledge - INFO - Batch sizing: calculated=10, max_allowed=10, queue=1045, active_workers=20/20
2026-03-02 07:34:17,362 - Knowledge - INFO - Worker kw2 processing /app/data/T0015/327504/b918650/lu5-327504/docs/v0.1.7/window/windowResized/index.html
2026-03-02 07:34:17,451 - Knowledge - INFO - Fast-tracked /app/data/T0015/327504/b918650/lu5-327504/docs/v0.1.7/window/frameRate/meta.json (ext=.json, size=1030)
2026-03-02 07:34:17,756 - Knowledge - INFO - Worker kw14 processing /app/data/T0015/327504/b918650/lu5-327504/docs/v0.0.2/events/index.html
2026-03-02 07:34:18,114 - Knowledge - INFO - Fast-tracked /app/data/T0015/327504/b918650/lu5-327504/docs/v0.1.7/io/print/meta.json (ext=.json, size=382)
2026-03-02 07:34:18,129 - Knowledge - INFO - process ingested knowledge for /app/data/T0015/327504/b918650/lu5-327504/docs/v0.0.6/keyboard/KEY_K/index.html
2026-03-02 07:34:18,197 - Knowledge - INFO - [LLM_CALL] Completed: math.html:chunk1, Duration: 23359ms, PromptTokens: 7834, CompletionTokens: 59, Cost: $0.00081
2026-03-02 07:34:18,236 - Knowledge - INFO - Worker kw19 processing /app/data/T0015/327504/b918650/lu5-327504/docs/v0.1.7/shapes/triangle/meta.json
2026-03-02 07:34:18,327 - Knowledge - INFO - Worker kw1 processing /app/data/T0015/327504/b918650/lu5-327504/docs/v0.1.7/shapes/line/meta.json
2026-03-02 07:34:18,511 - Knowledge - INFO - process ingested knowledge for /app/data/T0015/327504/b918650/lu5-327504/docs/v0.0.6/keyboard/UP_ARROW/meta.json
2026-03-02 07:34:18,511 - Knowledge - INFO - process ingested knowledge for /app/data/T0015/327504/b918650/lu5-327504/docs/v0.0.6/keyboard/KEY_S/meta.json
2026-03-02 07:34:18,741 - Knowledge - INFO - Worker kw2 processing /app/data/T0015/327504/b918650/lu5-327504/docs/v0.1.7/window/windowResized/meta.json
2026-03-02 07:34:18,823 - Knowledge - INFO - Worker kw17 processing /app/data/T0015/327504/b918650/lu5-327504/docs/v0.1.7/window/saveWindow/index.html
2026-03-02 07:34:19,011 - Knowledge - INFO - Worker kw11 processing /app/data/T0015/327504/b918650/lu5-327504/docs/v0.1.7/io/index.html
2026-03-02 07:34:19,171 - Knowledge - INFO - done ingest for /app/data/T0015/327504/b918650/lu5-327504/docs/v0.0.6/math.html
2026-03-02 07:34:19,171 - Knowledge - INFO - [LLM_CALL] Completed: index.html:chunk1, Duration: 2192ms, PromptTokens: 4824, CompletionTokens: 59, Cost: $0.00051
2026-03-02 07:34:19,303 - Knowledge - INFO - Fast-tracked /app/data/T0015/327504/b918650/lu5-327504/docs/v0.1.7/shapes/triangle/meta.json (ext=.json, size=775)
2026-03-02 07:34:19,378 - Knowledge - INFO - Fast-tracked /app/data/T0015/327504/b918650/lu5-327504/docs/v0.1.7/shapes/line/meta.json (ext=.json, size=694)
2026-03-02 07:34:19,384 - Knowledge - INFO - process ingested knowledge for /app/data/T0015/327504/b918650/lu5-327504/docs/v0.0.6/keyboard/KEY_K/meta.json
2026-03-02 07:34:19,632 - Knowledge - INFO - process ingested knowledge for /app/data/T0015/327504/b918650/lu5-327504/docs/v0.0.6/classes.html
2026-03-02 07:34:19,632 - Knowledge - INFO - process ingested knowledge for /app/data/T0015/327504/b918650/lu5-327504/docs/v0.0.6/keyboard/index.html
2026-03-02 07:34:19,751 - Knowledge - INFO - Fast-tracked /app/data/T0015/327504/b918650/lu5-327504/docs/v0.1.7/window/windowResized/meta.json (ext=.json, size=411)
2026-03-02 07:34:19,832 - Knowledge - INFO - Worker kw17 processing /app/data/T0015/327504/b918650/lu5-327504/docs/v0.1.7/window/saveWindow/meta.json
2026-03-02 07:34:19,943 - Knowledge - INFO - Worker kw11 processing /app/data/T0015/327504/b918650/lu5-327504/docs/v0.1.7/window/width/index.html
2026-03-02 07:34:20,124 - Knowledge - INFO - done ingest for /app/data/T0015/327504/b918650/lu5-327504/docs/v0.0.6/image/loadImage/index.html
2026-03-02 07:34:20,125 - Knowledge - INFO - Async storing batch of 10 embeddings
2026-03-02 07:34:20,125 - Knowledge - INFO - [LLM_CALL] Completed: index.html:chunk1, Duration: 0ms, PromptTokens: 4654, CompletionTokens: 59, Cost: $0.00049
2026-03-02 07:34:20,249 - Knowledge - INFO - Worker kw19 processing /app/data/T0015/327504/b918650/lu5-327504/docs/v0.1.7/shapes/arc/index.html
2026-03-02 07:34:20,345 - Knowledge - INFO - Worker kw1 processing /app/data/T0015/327504/b918650/lu5-327504/docs/v0.1.7/shapes/endShape/index.html
2026-03-02 07:34:20,668 - Knowledge - INFO - process ingested knowledge for /app/data/T0015/327504/b918650/lu5-327504/docs/v0.0.6/modules.json
2026-03-02 07:34:20,675 - Knowledge - INFO - process ingested knowledge for /app/data/T0015/327504/b918650/lu5-327504/docs/v0.0.6/keyboard/KEY_O/index.html
2026-03-02 07:34:20,766 - Knowledge - INFO - Worker kw2 processing /app/data/T0015/327504/b918650/lu5-327504/docs/v0.1.7/window/height/index.html
2026-03-02 07:34:20,870 - Knowledge - INFO - Fast-tracked /app/data/T0015/327504/b918650/lu5-327504/docs/v0.1.7/window/saveWindow/meta.json (ext=.json, size=619)
2026-03-02 07:34:20,962 - Knowledge - INFO - Worker kw11 processing /app/data/T0015/327504/b918650/lu5-327504/docs/v0.1.7/window/width/meta.json
2026-03-02 07:34:21,140 - Knowledge - INFO - Worker kw18 processing /app/data/T0015/327504/b918650/lu5-327504/docs/v0.1.7/shapes/rect/index.html
2026-03-02 07:34:21,230 - Knowledge - INFO - done ingest for /app/data/T0015/327504/b918650/lu5-327504/docs/v0.0.6/mouse/mouseIsPressed/index.html
2026-03-02 07:34:21,232 - Knowledge - INFO - [kw5] Queue=1035, InProgress=0, PendingWorkers=20/20, Completed=280/1455 (19.2%)
2026-03-02 07:34:21,237 - Knowledge - INFO - Processing batch of 10 files
2026-03-02 07:34:21,237 - Knowledge - INFO - [kw3] Queue=1035, InProgress=0, PendingWorkers=20/20, Completed=280/1455 (19.2%)
2026-03-02 07:34:21,320 - Knowledge - INFO - Worker kw19 processing /app/data/T0015/327504/b918650/lu5-327504/docs/v0.1.7/shapes/arc/meta.json
2026-03-02 07:34:21,412 - Knowledge - INFO - Worker kw1 processing /app/data/T0015/327504/b918650/lu5-327504/docs/v0.1.7/shapes/endShape/meta.json
2026-03-02 07:34:21,463 - Knowledge - INFO - Async storage completed for 10 embeddings
2026-03-02 07:34:21,520 - Knowledge - INFO - process ingested knowledge for /app/data/T0015/327504/b918650/lu5-327504/docs/v0.0.6/mouse/mouseY/index.html
2026-03-02 07:34:21,657 - Knowledge - INFO - process ingested knowledge for /app/data/T0015/327504/b918650/lu5-327504/docs/v0.0.6/keyboard/KEY_O/meta.json
2026-03-02 07:34:21,757 - Knowledge - INFO - Worker kw2 processing /app/data/T0015/327504/b918650/lu5-327504/docs/v0.1.7/window/height/meta.json
2026-03-02 07:34:21,851 - Knowledge - INFO - Worker kw17 processing /app/data/T0015/327504/b918650/lu5-327504/docs/v0.1.7/models/loadModel/index.html
2026-03-02 07:34:21,943 - Knowledge - INFO - Fast-tracked /app/data/T0015/327504/b918650/lu5-327504/docs/v0.1.7/window/width/meta.json (ext=.json, size=290)
2026-03-02 07:34:22,068 - Knowledge - INFO - Worker kw18 processing /app/data/T0015/327504/b918650/lu5-327504/docs/v0.1.7/shapes/rect/meta.json
2026-03-02 07:34:22,117 - Knowledge - INFO - [kw6] Queue=1035, InProgress=0, PendingWorkers=20/20, Completed=280/1455 (19.2%)
2026-03-02 07:34:22,176 - Knowledge - INFO - [LLM_CALL] Completed: index.html:chunk1, Duration: 914ms, PromptTokens: 4648, CompletionTokens: 59, Cost: $0.00049
2026-03-02 07:34:22,254 - Knowledge - INFO - Batch sizing: calculated=10, max_allowed=10, queue=1035, active_workers=20/20
2026-03-02 07:34:22,347 - Knowledge - INFO - process ingested knowledge for /app/data/T0015/327504/b918650/lu5-327504/docs/v0.0.6/image/image/meta.json
2026-03-02 07:34:22,438 - Knowledge - INFO - Batch sizing: calculated=10, max_allowed=10, queue=1035, active_workers=20/20
2026-03-02 07:34:22,558 - Knowledge - INFO - Fast-tracked /app/data/T0015/327504/b918650/lu5-327504/docs/v0.1.7/shapes/arc/meta.json (ext=.json, size=762)
2026-03-02 07:34:22,693 - Knowledge - INFO - Fast-tracked /app/data/T0015/327504/b918650/lu5-327504/docs/v0.1.7/shapes/endShape/meta.json (ext=.json, size=279)
2026-03-02 07:34:22,885 - Knowledge - INFO - process ingested knowledge for /app/data/T0015/327504/b918650/lu5-327504/docs/v0.0.6/mouse/mouseY/meta.json
2026-03-02 07:34:22,969 - Knowledge - INFO - process ingested knowledge for /app/data/T0015/327504/b918650/lu5-327504/docs/v0.0.6/keyboard/KEY_G/index.html
2026-03-02 07:34:23,050 - Knowledge - INFO - Fast-tracked /app/data/T0015/327504/b918650/lu5-327504/docs/v0.1.7/window/height/meta.json (ext=.json, size=292)
2026-03-02 07:34:23,148 - Knowledge - INFO - Worker kw17 processing /app/data/T0015/327504/b918650/lu5-327504/docs/v0.1.7/models/loadModel/meta.json
2026-03-02 07:34:23,331 - Knowledge - INFO - Fast-tracked /app/data/T0015/327504/b918650/lu5-327504/docs/v0.1.7/shapes/rect/meta.json (ext=.json, size=605)
2026-03-02 07:34:23,408 - Knowledge - INFO - Batch sizing: calculated=10, max_allowed=10, queue=1035, active_workers=20/20
2026-03-02 07:34:23,530 - Knowledge - INFO - done ingest for /app/data/T0015/327504/b918650/lu5-327504/docs/v0.0.6/mouse/mouseX/index.html
2026-03-02 07:34:23,653 - Knowledge - INFO - Async storing batch of 10 embeddings
2026-03-02 07:34:23,817 - Knowledge - INFO - process ingested knowledge for /app/data/T0015/327504/b918650/lu5-327504/docs/v0.0.6/image/loadImage/index.html
2026-03-02 07:34:23,843 - Knowledge - INFO - [LLM_CALL] Completed: index.html:chunk1, Duration: 312ms, PromptTokens: 4828, CompletionTokens: 59, Cost: $0.00051
2026-03-02 07:34:24,019 - Knowledge - INFO - Worker kw19 processing /app/data/T0015/327504/b918650/lu5-327504/docs/v0.1.7/shapes/ellipse/index.html
2026-03-02 07:34:24,148 - Knowledge - INFO - Worker kw1 processing /app/data/T0015/327504/b918650/lu5-327504/docs/v0.1.7/shapes/circle/index.html
2026-03-02 07:34:24,240 - Knowledge - INFO - process ingested knowledge for /app/data/T0015/327504/b918650/lu5-327504/docs/v0.0.6/mouse/mouseReleased/index.html
2026-03-02 07:34:24,332 - Knowledge - INFO - process ingested knowledge for /app/data/T0015/327504/b918650/lu5-327504/docs/v0.0.6/keyboard/KEY_G/meta.json
2026-03-02 07:34:24,405 - Knowledge - INFO - Worker kw2 processing /app/data/T0015/327504/b918650/lu5-327504/docs/v0.1.7/window/deltaTime/index.html
2026-03-02 07:34:24,495 - Knowledge - INFO - Fast-tracked /app/data/T0015/327504/b918650/lu5-327504/docs/v0.1.7/models/loadModel/meta.json (ext=.json, size=444)
2026-03-02 07:34:24,572 - Knowledge - INFO - Worker kw18 processing /app/data/T0015/327504/b918650/lu5-327504/docs/v0.1.7/shapes/square/index.html
2026-03-02 07:34:24,867 - Knowledge - INFO - Worker kw5 processing /app/data/T0015/327504/b918650/lu5-327504/docs/v0.1.7/transform/scale/meta.json
2026-03-02 07:34:25,015 - Knowledge - INFO - process ingested knowledge for /app/data/T0015/327504/b918650/lu5-327504/docs/v0.0.6/image/loadImage/meta.json
2026-03-02 07:34:25,095 - Knowledge - INFO - done ingest for /app/data/T0015/327504/b918650/lu5-327504/docs/v0.0.6/typography/loadFont/index.html
2026-03-02 07:34:25,096 - Knowledge - INFO - Async storing batch of 10 embeddings
2026-03-02 07:34:25,096 - Knowledge - INFO - Processing batch of 10 files
2026-03-02 07:34:25,098 - Knowledge - INFO - Async storing batch of 10 embeddings
2026-03-02 07:34:25,223 - Knowledge - INFO - Worker kw19 processing /app/data/T0015/327504/b918650/lu5-327504/docs/v0.1.7/shapes/ellipse/meta.json
2026-03-02 07:34:25,306 - Knowledge - INFO - Worker kw1 processing /app/data/T0015/327504/b918650/lu5-327504/docs/v0.1.7/shapes/circle/meta.json
2026-03-02 07:34:25,487 - Knowledge - INFO - process ingested knowledge for /app/data/T0015/327504/b918650/lu5-327504/docs/v0.0.6/keyboard/KEY_W/index.html
2026-03-02 07:34:25,599 - Knowledge - INFO - Worker kw2 processing /app/data/T0015/327504/b918650/lu5-327504/docs/v0.1.7/window/deltaTime/meta.json
2026-03-02 07:34:25,665 - Knowledge - INFO - Worker kw17 processing /app/data/T0015/327504/b918650/lu5-327504/docs/v0.1.7/models/model/index.html
2026-03-02 07:34:25,753 - Knowledge - INFO - Worker kw18 processing /app/data/T0015/327504/b918650/lu5-327504/docs/v0.1.7/shapes/square/meta.json
2026-03-02 07:34:25,854 - Knowledge - INFO - Fast-tracked /app/data/T0015/327504/b918650/lu5-327504/docs/v0.1.7/transform/scale/meta.json (ext=.json, size=332)
2026-03-02 07:34:25,930 - Knowledge - INFO - process ingested knowledge for /app/data/T0015/327504/b918650/lu5-327504/docs/v0.0.6/image/index.html
2026-03-02 07:34:26,127 - Knowledge - INFO - Worker kw3 processing /app/data/T0015/327504/b918650/lu5-327504/docs/v0.1.7/math/round/index.html
2026-03-02 07:34:26,206 - Knowledge - INFO - process ingested knowledge for /app/data/T0015/327504/b918650/lu5-327504/docs/v0.0.6/mouse/mouseReleased/meta.json
2026-03-02 07:34:26,305 - Knowledge - INFO - Worker kw6 processing /app/data/T0015/327504/b918650/lu5-327504/docs/v0.1.7/math/abs/index.html
2026-03-02 07:34:26,392 - Knowledge - INFO - Fast-tracked /app/data/T0015/327504/b918650/lu5-327504/docs/v0.1.7/shapes/ellipse/meta.json (ext=.json, size=615)
2026-03-02 07:34:26,491 - Knowledge - INFO - Fast-tracked /app/data/T0015/327504/b918650/lu5-327504/docs/v0.1.7/shapes/circle/meta.json (ext=.json, size=535)
2026-03-02 07:34:26,675 - Knowledge - INFO - Fast-tracked /app/data/T0015/327504/b918650/lu5-327504/docs/v0.1.7/window/deltaTime/meta.json (ext=.json, size=529)
2026-03-02 07:34:26,907 - Knowledge - INFO - Fast-tracked /app/data/T0015/327504/b918650/lu5-327504/docs/v0.1.7/shapes/square/meta.json (ext=.json, size=564)
2026-03-02 07:34:26,947 - Knowledge - INFO - [LLM_CALL] Completed: index.html:chunk1, Duration: 11ms, PromptTokens: 4392, CompletionTokens: 59, Cost: $0.00046
2026-03-02 07:34:26,975 - Knowledge - INFO - Worker kw5 processing /app/data/T0015/327504/b918650/lu5-327504/docs/v0.1.7/transform/translate/index.html
2026-03-02 07:34:27,184 - Knowledge - INFO - Worker kw3 processing /app/data/T0015/327504/b918650/lu5-327504/docs/v0.1.7/math/round/meta.json
2026-03-02 07:34:27,213 - Knowledge - INFO - process ingested knowledge for /app/data/T0015/327504/b918650/lu5-327504/docs/v0.0.6/vector/Vector.add/index.html
2026-03-02 07:34:27,338 - Knowledge - INFO - process ingested knowledge for /app/data/T0015/327504/b918650/lu5-327504/docs/v0.0.6/mouse/mouseX/index.html
2026-03-02 07:34:27,385 - Knowledge - INFO - Worker kw6 processing /app/data/T0015/327504/b918650/lu5-327504/docs/v0.1.7/math/abs/meta.json
2026-03-02 07:34:27,457 - Knowledge - INFO - Worker kw19 processing /app/data/T0015/327504/b918650/lu5-327504/docs/v0.1.7/shapes/vertex/index.html
2026-03-02 07:34:27,544 - Knowledge - INFO - Worker kw1 processing /app/data/T0015/327504/b918650/lu5-327504/docs/v0.1.7/shapes/point/index.html
2026-03-02 07:34:27,750 - Knowledge - INFO - Worker kw18 processing /app/data/T0015/327504/b918650/lu5-327504/docs/v0.1.7/shapes/quad/index.html
2026-03-02 07:34:27,831 - Knowledge - INFO - done ingest for /app/data/T0015/327504/b918650/lu5-327504/docs/v0.0.2/io/print/index.html
2026-03-02 07:34:27,875 - Knowledge - INFO - [WEBSOCKET] Sent: Type=progress_update, Size: 295, Duration: 0ms
2026-03-02 07:34:27,952 - Knowledge - INFO - Worker kw5 processing /app/data/T0015/327504/b918650/lu5-327504/docs/v0.1.7/transform/translate/meta.json
2026-03-02 07:34:28,093 - Knowledge - INFO - Fast-tracked /app/data/T0015/327504/b918650/lu5-327504/docs/v0.1.7/math/round/meta.json (ext=.json, size=329)
2026-03-02 07:34:28,208 - Knowledge - INFO - process ingested knowledge for /app/data/T0015/327504/b918650/lu5-327504/docs/v0.0.6/vector/Vector.add/meta.json
2026-03-02 07:34:28,380 - Knowledge - INFO - process ingested knowledge for /app/data/T0015/327504/b918650/lu5-327504/docs/v0.0.6/mouse/mouseX/meta.json
2026-03-02 07:34:28,386 - Knowledge - INFO - Fast-tracked /app/data/T0015/327504/b918650/lu5-327504/docs/v0.1.7/math/abs/meta.json (ext=.json, size=337)
2026-03-02 07:34:28,495 - Knowledge - INFO - Worker kw19 processing /app/data/T0015/327504/b918650/lu5-327504/docs/v0.1.7/shapes/vertex/meta.json
2026-03-02 07:34:28,610 - Knowledge - INFO - Worker kw1 processing /app/data/T0015/327504/b918650/lu5-327504/docs/v0.1.7/shapes/point/meta.json
2026-03-02 07:34:28,718 - Knowledge - INFO - Worker kw18 processing /app/data/T0015/327504/b918650/lu5-327504/docs/v0.1.7/shapes/quad/meta.json
2026-03-02 07:34:28,794 - Knowledge - INFO - Async storage completed for 10 embeddings
2026-03-02 07:34:28,956 - Knowledge - INFO - [kw4] Queue=1005, InProgress=0, PendingWorkers=20/20, Completed=290/1455 (19.9%)
2026-03-02 07:34:28,958 - Knowledge - INFO - [WEBSOCKET] Sent: Type=unknown, Size: ?, Duration: 1082ms
2026-03-02 07:34:29,036 - Knowledge - INFO - Fast-tracked /app/data/T0015/327504/b918650/lu5-327504/docs/v0.1.7/transform/translate/meta.json (ext=.json, size=352)
2026-03-02 07:34:29,170 - Knowledge - INFO - Worker kw3 processing /app/data/T0015/327504/b918650/lu5-327504/docs/v0.1.7/math/min/index.html
2026-03-02 07:34:29,258 - Knowledge - INFO - process ingested knowledge for /app/data/T0015/327504/b918650/lu5-327504/docs/v0.0.6/vector/Vector.print/index.html
2026-03-02 07:34:29,359 - Knowledge - INFO - process ingested knowledge for /app/data/T0015/327504/b918650/lu5-327504/docs/v0.0.6/mouse/mouseIsPressed/index.html
2026-03-02 07:34:29,432 - Knowledge - INFO - Worker kw6 processing /app/data/T0015/327504/b918650/lu5-327504/docs/v0.1.7/math/max/index.html
2026-03-02 07:34:29,523 - Knowledge - INFO - Fast-tracked /app/data/T0015/327504/b918650/lu5-327504/docs/v0.1.7/shapes/vertex/meta.json (ext=.json, size=367)
2026-03-02 07:34:29,609 - Knowledge - INFO - Fast-tracked /app/data/T0015/327504/b918650/lu5-327504/docs/v0.1.7/shapes/point/meta.json (ext=.json, size=762)
2026-03-02 07:34:29,751 - Knowledge - INFO - Fast-tracked /app/data/T0015/327504/b918650/lu5-327504/docs/v0.1.7/shapes/quad/meta.json (ext=.json, size=895)
2026-03-02 07:34:29,957 - Knowledge - INFO - Batch sizing: calculated=10, max_allowed=10, queue=1005, active_workers=20/20
2026-03-02 07:34:30,075 - Knowledge - INFO - Progress: 19.9% | Files: 290/1455 | Rate: 1.40 files/sec | Queue: 1005
2026-03-02 07:34:30,075 - Knowledge - INFO - [LLM_CALL] Completed: index.html:chunk1, Duration: 2243ms, PromptTokens: 4810, CompletionTokens: 59, Cost: $0.00050
2026-03-02 07:34:30,153 - Knowledge - INFO - Worker kw5 processing /app/data/T0015/327504/b918650/lu5-327504/docs/v0.1.7/transform/rotateZ/index.html
2026-03-02 07:34:30,230 - Knowledge - INFO - Worker kw3 processing /app/data/T0015/327504/b918650/lu5-327504/docs/v0.1.7/math/min/meta.json
2026-03-02 07:34:30,310 - Knowledge - INFO - process ingested knowledge for /app/data/T0015/327504/b918650/lu5-327504/docs/v0.0.6/vector/Vector.print/meta.json
2026-03-02 07:34:30,422 - Knowledge - INFO - process ingested knowledge for /app/data/T0015/327504/b918650/lu5-327504/docs/v0.0.6/mouse/mouseIsPressed/meta.json
2026-03-02 07:34:30,536 - Knowledge - INFO - Worker kw6 processing /app/data/T0015/327504/b918650/lu5-327504/docs/v0.1.7/math/max/meta.json
2026-03-02 07:34:30,876 - Knowledge - INFO - Worker kw18 processing /app/data/T0015/327504/b918650/lu5-327504/docs/v0.1.7/shapes/index.html
2026-03-02 07:34:31,101 - Knowledge - INFO - [kw8] Queue=995, InProgress=0, PendingWorkers=20/20, Completed=290/1455 (19.9%)
2026-03-02 07:34:31,190 - Knowledge - INFO - done ingest for /app/data/T0015/327504/b918650/lu5-327504/docs/v0.0.6/typography/text/index.html
2026-03-02 07:34:31,193 - Knowledge - INFO - Async storing batch of 10 embeddings
2026-03-02 07:34:31,193 - Knowledge - INFO - [LLM_CALL] Completed: index.html:chunk1, Duration: 1ms, PromptTokens: 4498, CompletionTokens: 59, Cost: $0.00047
2026-03-02 07:34:31,340 - Knowledge - INFO - Worker kw5 processing /app/data/T0015/327504/b918650/lu5-327504/docs/v0.1.7/transform/rotateZ/meta.json
2026-03-02 07:34:31,423 - Knowledge - INFO - Fast-tracked /app/data/T0015/327504/b918650/lu5-327504/docs/v0.1.7/math/min/meta.json (ext=.json, size=530)
2026-03-02 07:34:31,532 - Knowledge - INFO - process ingested knowledge for /app/data/T0015/327504/b918650/lu5-327504/docs/v0.0.6/vector/Vector.mult/index.html
2026-03-02 07:34:31,610 - Knowledge - INFO - process ingested knowledge for /app/data/T0015/327504/b918650/lu5-327504/docs/v0.0.6/mouse/index.html
2026-03-02 07:34:31,724 - Knowledge - INFO - Fast-tracked /app/data/T0015/327504/b918650/lu5-327504/docs/v0.1.7/math/max/meta.json (ext=.json, size=529)
2026-03-02 07:34:31,804 - Knowledge - INFO - Worker kw18 processing /app/data/T0015/327504/b918650/lu5-327504/docs/v0.1.7/transform/rotateY/index.html
2026-03-02 07:34:31,904 - Knowledge - INFO - Batch sizing: calculated=8, max_allowed=10, queue=995, active_workers=20/20
2026-03-02 07:34:32,151 - Knowledge - INFO - Worker kw4 processing /app/data/T0015/327504/b918650/lu5-327504/docs/v0.1.7/math/cos/index.html
2026-03-02 07:34:32,229 - Knowledge - INFO - done ingest for /app/data/T0015/327504/b918650/lu5-327504/docs/v0.0.2/shapes/circle/index.html
2026-03-02 07:34:32,354 - Knowledge - INFO - Fast-tracked /app/data/T0015/327504/b918650/lu5-327504/docs/v0.1.7/transform/rotateZ/meta.json (ext=.json, size=277)
2026-03-02 07:34:32,430 - Knowledge - INFO - Worker kw3 processing /app/data/T0015/327504/b918650/lu5-327504/docs/v0.1.7/math/randomSeed/index.html
2026-03-02 07:34:32,534 - Knowledge - INFO - process ingested knowledge for /app/data/T0015/327504/b918650/lu5-327504/docs/v0.0.6/vector/Vector.mult/meta.json
2026-03-02 07:34:32,603 - Knowledge - INFO - process ingested knowledge for /app/data/T0015/327504/b918650/lu5-327504/docs/v0.0.6/mouse/mousePressed/index.html
2026-03-02 07:34:32,714 - Knowledge - INFO - Worker kw6 processing /app/data/T0015/327504/b918650/lu5-327504/docs/v0.1.7/math/map/index.html
2026-03-02 07:34:32,813 - Knowledge - INFO - Worker kw18 processing /app/data/T0015/327504/b918650/lu5-327504/docs/v0.1.7/transform/rotateY/meta.json
2026-03-02 07:34:32,933 - Knowledge - INFO - Async storing batch of 10 embeddings
2026-03-02 07:34:33,054 - Knowledge - INFO - Worker kw4 processing /app/data/T0015/327504/b918650/lu5-327504/docs/v0.1.7/math/cos/meta.json
2026-03-02 07:34:33,277 - Knowledge - INFO - Worker kw5 processing /app/data/T0015/327504/b918650/lu5-327504/docs/v0.1.7/transform/index.html
2026-03-02 07:34:33,330 - Knowledge - INFO - done ingest for /app/data/T0015/327504/b918650/lu5-327504/docs/v0.0.2/io/index.html
2026-03-02 07:34:33,437 - Knowledge - INFO - Worker kw3 processing /app/data/T0015/327504/b918650/lu5-327504/docs/v0.1.7/math/randomSeed/meta.json
2026-03-02 07:34:33,539 - Knowledge - INFO - Async storage completed for 10 embeddings
2026-03-02 07:34:33,624 - Knowledge - INFO - process ingested knowledge for /app/data/T0015/327504/b918650/lu5-327504/docs/v0.0.6/mouse/mousePressed/meta.json
2026-03-02 07:34:33,676 - Knowledge - INFO - Worker kw6 processing /app/data/T0015/327504/b918650/lu5-327504/docs/v0.1.7/math/map/meta.json
2026-03-02 07:34:33,794 - Knowledge - INFO - Fast-tracked /app/data/T0015/327504/b918650/lu5-327504/docs/v0.1.7/transform/rotateY/meta.json (ext=.json, size=277)
2026-03-02 07:34:33,879 - Knowledge - INFO - Worker kw8 processing /app/data/T0015/327504/b918650/lu5-327504/docs/v0.1.7/setting/strokeWeight/index.html
2026-03-02 07:34:33,991 - Knowledge - INFO - Fast-tracked /app/data/T0015/327504/b918650/lu5-327504/docs/v0.1.7/math/cos/meta.json (ext=.json, size=321)
2026-03-02 07:34:34,082 - Knowledge - INFO - Worker kw5 processing /app/data/T0015/327504/b918650/lu5-327504/docs/v0.1.7/transform/rotateX/index.html
2026-03-02 07:34:34,242 - Knowledge - INFO - Fast-tracked /app/data/T0015/327504/b918650/lu5-327504/docs/v0.1.7/math/randomSeed/meta.json (ext=.json, size=314)
2026-03-02 07:34:34,463 - Knowledge - INFO - process ingested knowledge for /app/data/T0015/327504/b918650/lu5-327504/docs/v0.0.6/math.html
2026-03-02 07:34:34,511 - Knowledge - INFO - Fast-tracked /app/data/T0015/327504/b918650/lu5-327504/docs/v0.1.7/math/map/meta.json (ext=.json, size=717)
2026-03-02 07:34:34,524 - Knowledge - INFO - [LLM_CALL] Completed: index.html:chunk1, Duration: 779ms, PromptTokens: 4806, CompletionTokens: 59, Cost: $0.00050
2026-03-02 07:34:34,622 - Knowledge - INFO - Async storage completed for 10 embeddings
2026-03-02 07:34:34,624 - Knowledge - INFO - Worker kw18 processing /app/data/T0015/327504/b918650/lu5-327504/docs/v0.1.7/transform/scale/index.html
2026-03-02 07:34:34,737 - Knowledge - INFO - Worker kw8 processing /app/data/T0015/327504/b918650/lu5-327504/docs/v0.1.7/setting/strokeWeight/meta.json
2026-03-02 07:34:34,918 - Knowledge - INFO - Worker kw4 processing /app/data/T0015/327504/b918650/lu5-327504/docs/v0.1.7/math/ceil/index.html
2026-03-02 07:34:35,008 - Knowledge - INFO - Worker kw5 processing /app/data/T0015/327504/b918650/lu5-327504/docs/v0.1.7/transform/rotateX/meta.json
2026-03-02 07:34:35,088 - Knowledge - INFO - Worker kw3 processing /app/data/T0015/327504/b918650/lu5-327504/docs/v0.1.7/math/floor/index.html
2026-03-02 07:34:35,208 - Knowledge - INFO - process ingested knowledge for /app/data/T0015/327504/b918650/lu5-327504/docs/v0.0.6/image/image/index.html
2026-03-02 07:34:35,283 - Knowledge - INFO - Worker kw6 processing /app/data/T0015/327504/b918650/lu5-327504/docs/v0.1.7/math/constrain/index.html
2026-03-02 07:34:35,472 - Knowledge - INFO - done ingest for /app/data/T0015/327504/b918650/lu5-327504/docs/v0.0.2/window/index.html
2026-03-02 07:34:35,473 - Knowledge - INFO - [kw7] Queue=987, InProgress=0, PendingWorkers=20/20, Completed=290/1455 (19.9%)
2026-03-02 07:34:35,473 - Knowledge - INFO - done ingest for /app/data/T0015/327504/b918650/lu5-327504/docs/v0.0.6/typography/index.html
2026-03-02 07:34:35,769 - Knowledge - INFO - Fast-tracked /app/data/T0015/327504/b918650/lu5-327504/docs/v0.1.7/setting/strokeWeight/meta.json (ext=.json, size=346)
2026-03-02 07:34:35,848 - Knowledge - INFO - Worker kw4 processing /app/data/T0015/327504/b918650/lu5-327504/docs/v0.1.7/math/ceil/meta.json
2026-03-02 07:34:35,951 - Knowledge - INFO - Fast-tracked /app/data/T0015/327504/b918650/lu5-327504/docs/v0.1.7/transform/rotateX/meta.json (ext=.json, size=276)
2026-03-02 07:34:36,103 - Knowledge - INFO - Async storage completed for 10 embeddings
2026-03-02 07:34:36,123 - Knowledge - INFO - Worker kw3 processing /app/data/T0015/327504/b918650/lu5-327504/docs/v0.1.7/math/floor/meta.json
2026-03-02 07:34:36,127 - Knowledge - INFO - [LLM_CALL] Completed: index.html:chunk1, Duration: 423ms, PromptTokens: 4538, CompletionTokens: 59, Cost: $0.00048
2026-03-02 07:34:36,310 - Knowledge - INFO - Worker kw6 processing /app/data/T0015/327504/b918650/lu5-327504/docs/v0.1.7/math/constrain/meta.json
2026-03-02 07:34:36,496 - Knowledge - INFO - Batch sizing: calculated=8, max_allowed=10, queue=987, active_workers=20/20
2026-03-02 07:34:36,719 - Knowledge - INFO - Worker kw8 processing /app/data/T0015/327504/b918650/lu5-327504/docs/v0.1.7/setting/push/index.html
2026-03-02 07:34:36,792 - Knowledge - INFO - Fast-tracked /app/data/T0015/327504/b918650/lu5-327504/docs/v0.1.7/math/ceil/meta.json (ext=.json, size=388)
2026-03-02 07:34:36,868 - Knowledge - INFO - Worker kw5 processing /app/data/T0015/327504/b918650/lu5-327504/docs/v0.1.7/transform/rotate/index.html
2026-03-02 07:34:37,104 - Knowledge - INFO - Fast-tracked /app/data/T0015/327504/b918650/lu5-327504/docs/v0.1.7/math/floor/meta.json (ext=.json, size=411)
2026-03-02 07:34:37,220 - Knowledge - INFO - done ingest for /app/data/T0015/327504/b918650/lu5-327504/docs/v0.0.2/loaders/loadFont/index.html
2026-03-02 07:34:37,224 - Knowledge - INFO - done ingest for /app/data/T0015/327504/b918650/lu5-327504/docs/v0.0.2/shapes/arc/index.html
2026-03-02 07:34:37,296 - Knowledge - INFO - Fast-tracked /app/data/T0015/327504/b918650/lu5-327504/docs/v0.1.7/math/constrain/meta.json (ext=.json, size=439)
2026-03-02 07:34:37,551 - Knowledge - INFO - Worker kw8 processing /app/data/T0015/327504/b918650/lu5-327504/docs/v0.1.7/setting/push/meta.json
2026-03-02 07:34:37,551 - Knowledge - INFO - Async storing batch of 10 embeddings
2026-03-02 07:34:37,578 - Knowledge - INFO - done ingest for /app/data/T0015/327504/b918650/lu5-327504/docs/v0.0.2/shapes/line/index.html
2026-03-02 07:34:37,628 - Knowledge - INFO - Worker kw4 processing /app/data/T0015/327504/b918650/lu5-327504/docs/v0.1.7/math/tan/index.html
2026-03-02 07:34:37,726 - Knowledge - INFO - Worker kw5 processing /app/data/T0015/327504/b918650/lu5-327504/docs/v0.1.7/transform/rotate/meta.json
2026-03-02 07:34:37,766 - Knowledge - INFO - [kw9] Queue=979, InProgress=0, PendingWorkers=20/20, Completed=290/1455 (19.9%)
2026-03-02 07:34:37,829 - Knowledge - INFO - Worker kw3 processing /app/data/T0015/327504/b918650/lu5-327504/docs/v0.1.7/math/sin/index.html
2026-03-02 07:34:38,140 - Knowledge - INFO - Worker kw6 processing /app/data/T0015/327504/b918650/lu5-327504/docs/v0.1.7/math/random/index.html
2026-03-02 07:34:38,314 - Knowledge - INFO - Fast-tracked /app/data/T0015/327504/b918650/lu5-327504/docs/v0.1.7/setting/push/meta.json (ext=.json, size=982)
2026-03-02 07:34:38,404 - Knowledge - INFO - Worker kw7 processing /app/data/T0015/327504/b918650/lu5-327504/docs/v0.1.7/setting/noFill/index.html
2026-03-02 07:34:38,602 - Knowledge - INFO - Worker kw4 processing /app/data/T0015/327504/b918650/lu5-327504/docs/v0.1.7/math/tan/meta.json
2026-03-02 07:34:38,709 - Knowledge - INFO - Fast-tracked /app/data/T0015/327504/b918650/lu5-327504/docs/v0.1.7/transform/rotate/meta.json (ext=.json, size=264)
2026-03-02 07:34:38,804 - Knowledge - INFO - Batch sizing: calculated=8, max_allowed=10, queue=979, active_workers=20/20
2026-03-02 07:34:38,906 - Knowledge - INFO - [LLM_CALL] Completed: index.html:chunk1, Duration: 1317ms, PromptTokens: 4516, CompletionTokens: 59, Cost: $0.00048
2026-03-02 07:34:38,933 - Knowledge - INFO - Worker kw3 processing /app/data/T0015/327504/b918650/lu5-327504/docs/v0.1.7/math/sin/meta.json
2026-03-02 07:34:39,028 - Knowledge - INFO - Worker kw6 processing /app/data/T0015/327504/b918650/lu5-327504/docs/v0.1.7/math/random/meta.json
2026-03-02 07:34:39,109 - Knowledge - INFO - Worker kw8 processing /app/data/T0015/327504/b918650/lu5-327504/docs/v0.1.7/setting/background/index.html
2026-03-02 07:34:39,316 - Knowledge - INFO - Worker kw7 processing /app/data/T0015/327504/b918650/lu5-327504/docs/v0.1.7/setting/noFill/meta.json
2026-03-02 07:34:39,446 - Knowledge - INFO - Fast-tracked /app/data/T0015/327504/b918650/lu5-327504/docs/v0.1.7/math/tan/meta.json (ext=.json, size=322)
2026-03-02 07:34:39,714 - Knowledge - INFO - done ingest for /app/data/T0015/327504/b918650/lu5-327504/docs/v0.0.2/window/background/index.html
2026-03-02 07:34:39,714 - Knowledge - INFO - done ingest for /app/data/T0015/327504/b918650/lu5-327504/docs/v0.0.2/loaders/index.html
2026-03-02 07:34:39,714 - Knowledge - INFO - done ingest for /app/data/T0015/327504/b918650/lu5-327504/docs/v0.0.2/shapes/triangle/index.html
2026-03-02 07:34:39,715 - Knowledge - INFO - Async storing batch of 10 embeddings
2026-03-02 07:34:39,801 - Knowledge - INFO - Fast-tracked /app/data/T0015/327504/b918650/lu5-327504/docs/v0.1.7/math/sin/meta.json (ext=.json, size=319)
2026-03-02 07:34:39,905 - Knowledge - INFO - Fast-tracked /app/data/T0015/327504/b918650/lu5-327504/docs/v0.1.7/math/random/meta.json (ext=.json, size=843)
2026-03-02 07:34:40,004 - Knowledge - INFO - Worker kw8 processing /app/data/T0015/327504/b918650/lu5-327504/docs/v0.1.7/setting/background/meta.json
2026-03-02 07:34:40,066 - Knowledge - INFO - [LLM_CALL] Completed: index.html:chunk1, Duration: 352ms, PromptTokens: 4704, CompletionTokens: 59, Cost: $0.00049
2026-03-02 07:34:40,091 - Knowledge - INFO - Fast-tracked /app/data/T0015/327504/b918650/lu5-327504/docs/v0.1.7/setting/noFill/meta.json (ext=.json, size=260)
2026-03-02 07:34:40,222 - Knowledge - INFO - Worker kw4 processing /app/data/T0015/327504/b918650/lu5-327504/docs/v0.1.7/math/index.html
2026-03-02 07:34:40,605 - Knowledge - INFO - Worker kw9 processing /app/data/T0015/327504/b918650/lu5-327504/docs/v0.1.7/setting/index.html
2026-03-02 07:34:40,932 - Knowledge - INFO - Fast-tracked /app/data/T0015/327504/b918650/lu5-327504/docs/v0.1.7/setting/background/meta.json (ext=.json, size=1047)
2026-03-02 07:34:41,052 - Knowledge - INFO - done ingest for /app/data/T0015/327504/b918650/lu5-327504/docs/v0.0.6/typography/textFont/index.html
2026-03-02 07:34:41,053 - Knowledge - INFO - Processing batch of 10 files
2026-03-02 07:34:41,172 - Knowledge - INFO - [LLM_CALL] Completed: index.html:chunk1, Duration: 105ms, PromptTokens: 4272, CompletionTokens: 59, Cost: $0.00045
2026-03-02 07:34:41,176 - Knowledge - INFO - Worker kw7 processing /app/data/T0015/327504/b918650/lu5-327504/docs/v0.1.7/setting/debugMode/index.html
2026-03-02 07:34:41,260 - Knowledge - INFO - Worker kw4 processing /app/data/T0015/327504/b918650/lu5-327504/docs/v0.1.7/classes/class/index.html
2026-03-02 07:34:41,341 - Knowledge - INFO - Worker kw9 processing /app/data/T0015/327504/b918650/lu5-327504/docs/v0.1.7/setting/fill/index.html
2026-03-02 07:34:41,422 - Knowledge - INFO - Worker kw8 processing /app/data/T0015/327504/b918650/lu5-327504/docs/v0.1.7/setting/stroke/index.html
2026-03-02 07:34:41,577 - Knowledge - INFO - process ingested knowledge for /app/data/T0015/327504/b918650/lu5-327504/docs/v0.0.6/typography/textFont/meta.json
2026-03-02 07:34:41,768 - Knowledge - INFO - done ingest for /app/data/T0015/327504/b918650/lu5-327504/docs/v0.0.2/shapes/point/index.html
2026-03-02 07:34:41,770 - Knowledge - INFO - done ingest for /app/data/T0015/327504/b918650/lu5-327504/docs/v0.0.6/vector/index.html
2026-03-02 07:34:41,770 - Knowledge - INFO - done ingest for /app/data/T0015/327504/b918650/lu5-327504/docs/v0.0.2/math/round/index.html
2026-03-02 07:34:41,848 - Knowledge - INFO - Worker kw7 processing /app/data/T0015/327504/b918650/lu5-327504/docs/v0.1.7/setting/debugMode/meta.json
2026-03-02 07:34:41,986 - Knowledge - INFO - done ingest for /app/data/T0015/327504/b918650/lu5-327504/docs/v0.0.2/shapes/square/index.html
2026-03-02 07:34:41,991 - Knowledge - INFO - Worker kw4 processing /app/data/T0015/327504/b918650/lu5-327504/docs/v0.1.7/classes/class/meta.json
2026-03-02 07:34:42,110 - Knowledge - INFO - Worker kw9 processing /app/data/T0015/327504/b918650/lu5-327504/docs/v0.1.7/setting/fill/meta.json
2026-03-02 07:34:42,230 - Knowledge - INFO - Worker kw8 processing /app/data/T0015/327504/b918650/lu5-327504/docs/v0.1.7/setting/stroke/meta.json
2026-03-02 07:34:42,309 - Knowledge - INFO - process ingested knowledge for /app/data/T0015/327504/b918650/lu5-327504/docs/v0.0.6/typography/text/index.html
2026-03-02 07:34:42,469 - Knowledge - INFO - done ingest for /app/data/T0015/327504/b918650/lu5-327504/docs/v0.0.2/window/createWindow/index.html
2026-03-02 07:34:42,786 - Knowledge - INFO - Fast-tracked /app/data/T0015/327504/b918650/lu5-327504/docs/v0.1.7/setting/debugMode/meta.json (ext=.json, size=796)
2026-03-02 07:34:42,985 - Knowledge - INFO - Fast-tracked /app/data/T0015/327504/b918650/lu5-327504/docs/v0.1.7/classes/class/meta.json (ext=.json, size=856)
2026-03-02 07:34:43,062 - Knowledge - INFO - Fast-tracked /app/data/T0015/327504/b918650/lu5-327504/docs/v0.1.7/setting/fill/meta.json (ext=.json, size=1010)
2026-03-02 07:34:43,142 - Knowledge - INFO - Fast-tracked /app/data/T0015/327504/b918650/lu5-327504/docs/v0.1.7/setting/stroke/meta.json (ext=.json, size=897)
2026-03-02 07:34:43,209 - Knowledge - INFO - process ingested knowledge for /app/data/T0015/327504/b918650/lu5-327504/docs/v0.0.6/typography/text/meta.json
2026-03-02 07:34:43,358 - Knowledge - INFO - Processing batch of 10 files
2026-03-02 07:34:43,458 - Knowledge - INFO - Worker kw7 processing /app/data/T0015/327504/b918650/lu5-327504/docs/v0.1.7/setting/noStroke/index.html
2026-03-02 07:34:43,537 - Knowledge - INFO - Worker kw4 processing /app/data/T0015/327504/b918650/lu5-327504/docs/v0.1.7/classes/index.html
2026-03-02 07:34:43,655 - Knowledge - INFO - Worker kw9 processing /app/data/T0015/327504/b918650/lu5-327504/docs/v0.1.7/setting/pop/index.html
2026-03-02 07:34:43,671 - Knowledge - INFO - [LLM_CALL] Completed: shapes.html:chunk1, Duration: 27848ms, PromptTokens: 5794, CompletionTokens: 59, Cost: $0.00060
2026-03-02 07:34:43,899 - Knowledge - INFO - process ingested knowledge for /app/data/T0015/327504/b918650/lu5-327504/docs/v0.0.6/typography/index.html
2026-03-02 07:34:44,011 - Knowledge - INFO - process ingested knowledge for /app/data/T0015/327504/b918650/lu5-327504/docs/v0.0.2/window/background/meta.json
2026-03-02 07:34:44,097 - Knowledge - INFO - Worker kw7 processing /app/data/T0015/327504/b918650/lu5-327504/docs/v0.1.7/setting/noStroke/meta.json
2026-03-02 07:34:44,284 - Knowledge - INFO - Worker kw9 processing /app/data/T0015/327504/b918650/lu5-327504/docs/v0.1.7/setting/pop/meta.json
2026-03-02 07:34:44,384 - Knowledge - INFO - done ingest for /app/data/T0015/327504/b918650/lu5-327504/docs/v0.0.6/shapes.html
2026-03-02 07:34:44,430 - Knowledge - INFO - [LLM_CALL] Completed: index.html:chunk1, Duration: 18ms, PromptTokens: 7886, CompletionTokens: 59, Cost: $0.00081
2026-03-02 07:34:44,514 - Knowledge - INFO - process ingested knowledge for /app/data/T0015/327504/b918650/lu5-327504/docs/v0.0.6/typography/loadFont/index.html
2026-03-02 07:34:44,616 - Knowledge - INFO - process ingested knowledge for /app/data/T0015/327504/b918650/lu5-327504/docs/v0.0.2/window/createWindow/index.html
2026-03-02 07:34:44,712 - Knowledge - INFO - Fast-tracked /app/data/T0015/327504/b918650/lu5-327504/docs/v0.1.7/setting/noStroke/meta.json (ext=.json, size=206)
2026-03-02 07:34:44,817 - Knowledge - INFO - Fast-tracked /app/data/T0015/327504/b918650/lu5-327504/docs/v0.1.7/setting/pop/meta.json (ext=.json, size=342)
2026-03-02 07:34:45,028 - Knowledge - INFO - done ingest for /app/data/T0015/327504/b918650/lu5-327504/docs/v0.0.2/shapes/index.html
2026-03-02 07:34:45,030 - Knowledge - INFO - [LLM_CALL] Completed: index.html:chunk1, Duration: 0ms, PromptTokens: 4554, CompletionTokens: 59, Cost: $0.00048
2026-03-02 07:34:45,102 - Knowledge - INFO - process ingested knowledge for /app/data/T0015/327504/b918650/lu5-327504/docs/v0.0.6/typography/loadFont/meta.json
2026-03-02 07:34:45,247 - Knowledge - INFO - process ingested knowledge for /app/data/T0015/327504/b918650/lu5-327504/docs/v0.0.2/window/createWindow/meta.json
2026-03-02 07:34:45,334 - Knowledge - INFO - Worker kw7 processing /app/data/T0015/327504/b918650/lu5-327504/docs/v0.1.7/setting/rectMode/index.html
2026-03-02 07:34:45,428 - Knowledge - INFO - Worker kw9 processing /app/data/T0015/327504/b918650/lu5-327504/docs/v0.1.7/keyboard/keyHeld/index.html
2026-03-02 07:34:45,610 - Knowledge - INFO - done ingest for /app/data/T0015/327504/b918650/lu5-327504/docs/v0.0.2/shapes/rect/index.html
2026-03-02 07:34:45,748 - Knowledge - INFO - process ingested knowledge for /app/data/T0015/327504/b918650/lu5-327504/docs/v0.0.2/io/print/index.html
2026-03-02 07:34:45,838 - Knowledge - INFO - process ingested knowledge for /app/data/T0015/327504/b918650/lu5-327504/docs/v0.0.2/window/index.html
2026-03-02 07:34:45,944 - Knowledge - INFO - Worker kw7 processing /app/data/T0015/327504/b918650/lu5-327504/docs/v0.1.7/setting/rectMode/meta.json
2026-03-02 07:34:46,028 - Knowledge - INFO - Worker kw9 processing /app/data/T0015/327504/b918650/lu5-327504/docs/v0.1.7/keyboard/keyHeld/meta.json
2026-03-02 07:34:46,247 - Knowledge - INFO - process ingested knowledge for /app/data/T0015/327504/b918650/lu5-327504/docs/v0.0.2/io/print/meta.json
2026-03-02 07:34:46,254 - Knowledge - INFO - [LLM_CALL] Completed: index.html:chunk1, Duration: 643ms, PromptTokens: 4754, CompletionTokens: 59, Cost: $0.00050
2026-03-02 07:34:46,338 - Knowledge - INFO - process ingested knowledge for /app/data/T0015/327504/b918650/lu5-327504/docs/v0.0.2/shapes/line/index.html
2026-03-02 07:34:46,462 - Knowledge - INFO - Fast-tracked /app/data/T0015/327504/b918650/lu5-327504/docs/v0.1.7/setting/rectMode/meta.json (ext=.json, size=930)
2026-03-02 07:34:46,553 - Knowledge - INFO - Fast-tracked /app/data/T0015/327504/b918650/lu5-327504/docs/v0.1.7/keyboard/keyHeld/meta.json (ext=.json, size=735)
2026-03-02 07:34:46,636 - Knowledge - INFO - process ingested knowledge for /app/data/T0015/327504/b918650/lu5-327504/docs/v0.0.2/io/index.html
2026-03-02 07:34:46,716 - Knowledge - INFO - done ingest for /app/data/T0015/327504/b918650/lu5-327504/docs/v0.0.6/typography/textSize/index.html
2026-03-02 07:34:46,794 - Knowledge - INFO - process ingested knowledge for /app/data/T0015/327504/b918650/lu5-327504/docs/v0.0.2/shapes/line/meta.json
2026-03-02 07:34:46,898 - Knowledge - INFO - [LLM_CALL] Completed: index.html:chunk1, Duration: 181ms, PromptTokens: 4600, CompletionTokens: 59, Cost: $0.00048
2026-03-02 07:34:46,976 - Knowledge - INFO - Worker kw9 processing /app/data/T0015/327504/b918650/lu5-327504/docs/v0.1.7/keyboard/keyReleased/index.html
2026-03-02 07:34:47,128 - Knowledge - INFO - process ingested knowledge for /app/data/T0015/327504/b918650/lu5-327504/docs/v0.0.2/window/background/index.html
2026-03-02 07:34:47,361 - Knowledge - INFO - process ingested knowledge for /app/data/T0015/327504/b918650/lu5-327504/docs/v0.0.2/shapes/circle/index.html
2026-03-02 07:34:47,461 - Knowledge - INFO - done ingest for /app/data/T0015/327504/b918650/lu5-327504/docs/v0.0.2/shapes/text/index.html
2026-03-02 07:34:47,872 - Knowledge - INFO - process ingested knowledge for /app/data/T0015/327504/b918650/lu5-327504/docs/v0.0.2/shapes/circle/meta.json
2026-03-02 07:34:47,882 - Knowledge - INFO - [LLM_CALL] Completed: index.html:chunk1, Duration: 330ms, PromptTokens: 4282, CompletionTokens: 59, Cost: $0.00045
2026-03-02 07:34:48,071 - Knowledge - INFO - process ingested knowledge for /app/data/T0015/327504/b918650/lu5-327504/docs/v0.0.2/shapes/point/index.html
2026-03-02 07:34:48,163 - Knowledge - INFO - done ingest for /app/data/T0015/327504/b918650/lu5-327504/docs/v0.0.2/shapes/ellipse/index.html
2026-03-02 07:34:48,296 - Knowledge - INFO - process ingested knowledge for /app/data/T0015/327504/b918650/lu5-327504/docs/v0.0.2/shapes/point/meta.json
2026-03-02 07:34:48,425 - Knowledge - INFO - Processing batch of 10 files
2026-03-02 07:34:48,575 - Knowledge - INFO - process ingested knowledge for /app/data/T0015/327504/b918650/lu5-327504/docs/v0.0.2/shapes/triangle/index.html
2026-03-02 07:34:48,859 - Knowledge - INFO - done ingest for /app/data/T0015/327504/b918650/lu5-327504/docs/v0.0.6/vector/createVector/index.html
2026-03-02 07:34:48,967 - Knowledge - INFO - process ingested knowledge for /app/data/T0015/327504/b918650/lu5-327504/docs/v0.0.2/shapes/triangle/meta.json
2026-03-02 07:34:49,198 - Knowledge - INFO - process ingested knowledge for /app/data/T0015/327504/b918650/lu5-327504/docs/v0.0.2/shapes/arc/index.html
2026-03-02 07:34:49,514 - Knowledge - INFO - process ingested knowledge for /app/data/T0015/327504/b918650/lu5-327504/docs/v0.0.2/shapes/arc/meta.json
2026-03-02 07:34:49,699 - Knowledge - INFO - [LLM_CALL] Completed: index.html:chunk1, Duration: 452ms, PromptTokens: 4862, CompletionTokens: 59, Cost: $0.00051
2026-03-02 07:34:49,795 - Knowledge - INFO - process ingested knowledge for /app/data/T0015/327504/b918650/lu5-327504/docs/v0.0.2/shapes/ellipse/index.html
2026-03-02 07:34:49,879 - Knowledge - INFO - done ingest for /app/data/T0015/327504/b918650/lu5-327504/docs/v0.0.2/shapes/quad/index.html
2026-03-02 07:34:49,916 - Knowledge - INFO - [WEBSOCKET] Sent: Type=progress_update, Size: 296, Duration: 0ms
2026-03-02 07:34:50,086 - Knowledge - INFO - process ingested knowledge for /app/data/T0015/327504/b918650/lu5-327504/docs/v0.0.2/shapes/ellipse/meta.json
2026-03-02 07:34:50,225 - Knowledge - INFO - Processing batch of 10 files
2026-03-02 07:34:50,234 - Knowledge - INFO - [WEBSOCKET] Sent: Type=unknown, Size: ?, Duration: 318ms
2026-03-02 07:34:50,358 - Knowledge - INFO - process ingested knowledge for /app/data/T0015/327504/b918650/lu5-327504/docs/v0.0.2/shapes/rect/index.html
2026-03-02 07:34:50,426 - Knowledge - INFO - process ingested knowledge for /app/data/T0015/327504/b918650/lu5-327504/docs/v0.0.2/shapes/text/index.html
2026-03-02 07:34:50,541 - Knowledge - INFO - Progress: 22.0% | Files: 330/1455 | Rate: 1.44 files/sec | Queue: 971
2026-03-02 07:34:50,544 - Knowledge - INFO - [kw20] Queue=971, InProgress=0, PendingWorkers=20/20, Completed=330/1455 (22.7%)
2026-03-02 07:34:50,663 - Knowledge - INFO - process ingested knowledge for /app/data/T0015/327504/b918650/lu5-327504/docs/v0.0.2/shapes/rect/meta.json
2026-03-02 07:34:50,748 - Knowledge - INFO - process ingested knowledge for /app/data/T0015/327504/b918650/lu5-327504/docs/v0.0.2/shapes/text/meta.json
2026-03-02 07:34:50,851 - Knowledge - INFO - [kw12] Queue=971, InProgress=0, PendingWorkers=20/20, Completed=330/1455 (22.7%)
2026-03-02 07:34:50,955 - Knowledge - INFO - Batch sizing: calculated=8, max_allowed=10, queue=971, active_workers=20/20
2026-03-02 07:34:51,040 - Knowledge - INFO - process ingested knowledge for /app/data/T0015/327504/b918650/lu5-327504/docs/v0.0.2/shapes/square/index.html
2026-03-02 07:34:51,123 - Knowledge - INFO - process ingested knowledge for /app/data/T0015/327504/b918650/lu5-327504/docs/v0.0.2/shapes/quad/index.html
2026-03-02 07:34:51,212 - Knowledge - INFO - Batch sizing: calculated=8, max_allowed=10, queue=971, active_workers=20/20
2026-03-02 07:34:51,331 - Knowledge - INFO - Async storing batch of 10 embeddings
2026-03-02 07:34:51,400 - Knowledge - INFO - process ingested knowledge for /app/data/T0015/327504/b918650/lu5-327504/docs/v0.0.2/shapes/square/meta.json
2026-03-02 07:34:51,507 - Knowledge - INFO - process ingested knowledge for /app/data/T0015/327504/b918650/lu5-327504/docs/v0.0.2/shapes/quad/meta.json
2026-03-02 07:34:51,616 - Knowledge - INFO - Async storing batch of 10 embeddings
2026-03-02 07:34:51,701 - Knowledge - INFO - Worker kw20 processing /app/data/T0015/327504/b918650/lu5-327504/docs/v0.1.7/keyboard/keyReleased/meta.json
2026-03-02 07:34:51,894 - Knowledge - INFO - process ingested knowledge for /app/data/T0015/327504/b918650/lu5-327504/docs/v0.0.2/shapes/index.html
2026-03-02 07:34:52,013 - Knowledge - INFO - Worker kw12 processing /app/data/T0015/327504/b918650/lu5-327504/docs/v0.1.7/mouse/pmouseY/meta.json
2026-03-02 07:34:52,088 - Knowledge - INFO - Fast-tracked /app/data/T0015/327504/b918650/lu5-327504/docs/v0.1.7/keyboard/keyReleased/meta.json (ext=.json, size=752)
2026-03-02 07:34:52,198 - Knowledge - INFO - process ingested knowledge for /app/data/T0015/327504/b918650/lu5-327504/docs/v0.0.2/loaders/index.html
2026-03-02 07:34:52,288 - Knowledge - INFO - Fast-tracked /app/data/T0015/327504/b918650/lu5-327504/docs/v0.1.7/mouse/pmouseY/meta.json (ext=.json, size=236)
2026-03-02 07:34:52,458 - Knowledge - INFO - Worker kw20 processing /app/data/T0015/327504/b918650/lu5-327504/docs/v0.1.7/keyboard/keyIsDown/index.html
2026-03-02 07:34:52,555 - Knowledge - INFO - process ingested knowledge for /app/data/T0015/327504/b918650/lu5-327504/docs/v0.0.2/loaders/loadFont/index.html
2026-03-02 07:34:52,623 - Knowledge - INFO - Worker kw12 processing /app/data/T0015/327504/b918650/lu5-327504/docs/v0.1.7/mouse/mouseY/index.html
2026-03-02 07:34:52,729 - Knowledge - INFO - Worker kw20 processing /app/data/T0015/327504/b918650/lu5-327504/docs/v0.1.7/keyboard/keyIsDown/meta.json
2026-03-02 07:34:52,851 - Knowledge - INFO - process ingested knowledge for /app/data/T0015/327504/b918650/lu5-327504/docs/v0.0.2/loaders/loadFont/meta.json
2026-03-02 07:34:52,921 - Knowledge - INFO - Worker kw12 processing /app/data/T0015/327504/b918650/lu5-327504/docs/v0.1.7/mouse/mouseY/meta.json
2026-03-02 07:34:53,059 - Knowledge - INFO - Fast-tracked /app/data/T0015/327504/b918650/lu5-327504/docs/v0.1.7/keyboard/keyIsDown/meta.json (ext=.json, size=677)
2026-03-02 07:34:53,157 - Knowledge - INFO - process ingested knowledge for /app/data/T0015/327504/b918650/lu5-327504/docs/v0.0.2/math/round/index.html
2026-03-02 07:34:53,204 - Knowledge - INFO - Fast-tracked /app/data/T0015/327504/b918650/lu5-327504/docs/v0.1.7/mouse/mouseY/meta.json (ext=.json, size=356)
2026-03-02 07:34:53,322 - Knowledge - INFO - Worker kw20 processing /app/data/T0015/327504/b918650/lu5-327504/docs/v0.1.7/keyboard/index.html
2026-03-02 07:34:53,334 - Knowledge - INFO - [kw16] Queue=955, InProgress=0, PendingWorkers=20/20, Completed=330/1455 (22.7%)
2026-03-02 07:34:53,416 - Knowledge - INFO - process ingested knowledge for /app/data/T0015/327504/b918650/lu5-327504/docs/v0.0.2/math/round/meta.json
2026-03-02 07:34:53,530 - Knowledge - INFO - Worker kw12 processing /app/data/T0015/327504/b918650/lu5-327504/docs/v0.1.7/mouse/mouseReleased/index.html
2026-03-02 07:34:53,636 - Knowledge - INFO - Worker kw20 processing /app/data/T0015/327504/b918650/lu5-327504/docs/v0.1.7/keyboard/keyPressed/index.html
2026-03-02 07:34:53,727 - Knowledge - INFO - Batch sizing: calculated=8, max_allowed=10, queue=955, active_workers=20/20
2026-03-02 07:34:53,939 - Knowledge - INFO - Worker kw12 processing /app/data/T0015/327504/b918650/lu5-327504/docs/v0.1.7/mouse/mouseReleased/meta.json
2026-03-02 07:34:54,053 - Knowledge - INFO - Worker kw20 processing /app/data/T0015/327504/b918650/lu5-327504/docs/v0.1.7/keyboard/keyPressed/meta.json
2026-03-02 07:34:54,155 - Knowledge - INFO - Async storing batch of 10 embeddings
2026-03-02 07:34:54,236 - Knowledge - INFO - Fast-tracked /app/data/T0015/327504/b918650/lu5-327504/docs/v0.1.7/mouse/mouseReleased/meta.json (ext=.json, size=728)
2026-03-02 07:34:54,358 - Knowledge - INFO - Fast-tracked /app/data/T0015/327504/b918650/lu5-327504/docs/v0.1.7/keyboard/keyPressed/meta.json (ext=.json, size=745)
2026-03-02 07:34:54,437 - Knowledge - INFO - Worker kw16 processing /app/data/T0015/327504/b918650/lu5-327504/docs/v0.1.7/mouse/pmouseX/meta.json
2026-03-02 07:34:54,546 - Knowledge - INFO - Worker kw12 processing /app/data/T0015/327504/b918650/lu5-327504/docs/v0.1.7/mouse/mouseWheel/index.html
2026-03-02 07:34:54,624 - Knowledge - INFO - Worker kw20 processing /app/data/T0015/327504/b918650/lu5-327504/docs/v0.1.7/modules.json
2026-03-02 07:34:54,740 - Knowledge - INFO - Fast-tracked /app/data/T0015/327504/b918650/lu5-327504/docs/v0.1.7/mouse/pmouseX/meta.json (ext=.json, size=236)
2026-03-02 07:34:54,835 - Knowledge - INFO - Worker kw12 processing /app/data/T0015/327504/b918650/lu5-327504/docs/v0.1.7/mouse/mouseWheel/meta.json
2026-03-02 07:34:54,927 - Knowledge - INFO - Fast-tracked /app/data/T0015/327504/b918650/lu5-327504/docs/v0.1.7/modules.json (ext=.json, size=3538)
2026-03-02 07:34:55,064 - Knowledge - INFO - Worker kw16 processing /app/data/T0015/327504/b918650/lu5-327504/docs/v0.1.7/mouse/mouseX/index.html
2026-03-02 07:34:55,138 - Knowledge - INFO - Fast-tracked /app/data/T0015/327504/b918650/lu5-327504/docs/v0.1.7/mouse/mouseWheel/meta.json (ext=.json, size=727)
2026-03-02 07:34:55,315 - Knowledge - INFO - Worker kw20 processing /app/data/T0015/327504/b918650/lu5-327504/docs/v0.1.7/mouse/pmouseY/index.html
2026-03-02 07:34:55,390 - Knowledge - INFO - [kw10] Queue=947, InProgress=0, PendingWorkers=20/20, Completed=330/1455 (22.7%)
2026-03-02 07:34:55,395 - Knowledge - INFO - Worker kw16 processing /app/data/T0015/327504/b918650/lu5-327504/docs/v0.1.7/mouse/mouseX/meta.json
2026-03-02 07:34:55,485 - Knowledge - INFO - Worker kw12 processing /app/data/T0015/327504/b918650/lu5-327504/docs/v0.1.7/mouse/pmouseX/index.html
2026-03-02 07:34:55,648 - Knowledge - INFO - Batch sizing: calculated=8, max_allowed=10, queue=947, active_workers=20/20
2026-03-02 07:34:55,791 - Knowledge - INFO - Fast-tracked /app/data/T0015/327504/b918650/lu5-327504/docs/v0.1.7/mouse/mouseX/meta.json (ext=.json, size=358)
2026-03-02 07:34:56,000 - Knowledge - INFO - Async storing batch of 10 embeddings
2026-03-02 07:34:56,072 - Knowledge - INFO - [LLM_CALL] Completed: index.html:chunk1, Duration: 182ms, PromptTokens: 8708, CompletionTokens: 59, Cost: $0.00089
2026-03-02 07:34:56,103 - Knowledge - INFO - Worker kw16 processing /app/data/T0015/327504/b918650/lu5-327504/docs/v0.1.7/mouse/mouseIsPressed/index.html
2026-03-02 07:34:56,194 - Knowledge - INFO - Worker kw10 processing /app/data/T0015/327504/b918650/lu5-327504/docs/v0.1.7/camera/orbitControl/index.html
2026-03-02 07:34:56,270 - Knowledge - INFO - done ingest for /app/data/T0015/327504/b918650/lu5-327504/docs/v0.0.6/index.html
2026-03-02 07:34:56,389 - Knowledge - INFO - Worker kw16 processing /app/data/T0015/327504/b918650/lu5-327504/docs/v0.1.7/mouse/mouseIsPressed/meta.json
2026-03-02 07:34:56,519 - Knowledge - INFO - Worker kw10 processing /app/data/T0015/327504/b918650/lu5-327504/docs/v0.1.7/camera/orbitControl/meta.json
2026-03-02 07:34:56,659 - Knowledge - INFO - [LLM_CALL] Completed: window.html:chunk1, Duration: 57821ms, PromptTokens: 4104, CompletionTokens: 59, Cost: $0.00043
2026-03-02 07:34:56,722 - Knowledge - INFO - Fast-tracked /app/data/T0015/327504/b918650/lu5-327504/docs/v0.1.7/mouse/mouseIsPressed/meta.json (ext=.json, size=310)
2026-03-02 07:34:56,807 - Knowledge - INFO - Fast-tracked /app/data/T0015/327504/b918650/lu5-327504/docs/v0.1.7/camera/orbitControl/meta.json (ext=.json, size=599)
2026-03-02 07:34:56,923 - Knowledge - INFO - done ingest for /app/data/T0015/327504/b918650/lu5-327504/docs/v0.0.6/window.html
2026-03-02 07:34:57,015 - Knowledge - INFO - Worker kw16 processing /app/data/T0015/327504/b918650/lu5-327504/docs/v0.1.7/mouse/index.html
2026-03-02 07:34:57,108 - Knowledge - INFO - Worker kw10 processing /app/data/T0015/327504/b918650/lu5-327504/docs/v0.1.7/camera/index.html
2026-03-02 07:34:57,238 - Knowledge - INFO - [LLM_CALL] Completed: io.html:chunk1, Duration: 52459ms, PromptTokens: 3232, CompletionTokens: 59, Cost: $0.00035
2026-03-02 07:34:57,288 - Knowledge - INFO - Worker kw16 processing /app/data/T0015/327504/b918650/lu5-327504/docs/v0.1.7/mouse/mousePressed/index.html
2026-03-02 07:34:57,368 - Knowledge - INFO - Worker kw10 processing /app/data/T0015/327504/b918650/lu5-327504/docs/v0.1.7/image/Image.crop/index.html
2026-03-02 07:34:57,453 - Knowledge - INFO - done ingest for /app/data/T0015/327504/b918650/lu5-327504/docs/v0.0.6/io.html
2026-03-02 07:34:57,532 - Knowledge - INFO - Worker kw16 processing /app/data/T0015/327504/b918650/lu5-327504/docs/v0.1.7/mouse/mousePressed/meta.json
2026-03-02 07:34:57,660 - Knowledge - INFO - Worker kw10 processing /app/data/T0015/327504/b918650/lu5-327504/docs/v0.1.7/image/Image.crop/meta.json
2026-03-02 07:34:57,744 - Knowledge - INFO - Processing batch of 10 files
2026-03-02 07:34:57,819 - Knowledge - INFO - Fast-tracked /app/data/T0015/327504/b918650/lu5-327504/docs/v0.1.7/mouse/mousePressed/meta.json (ext=.json, size=721)
2026-03-02 07:34:57,896 - Knowledge - INFO - Fast-tracked /app/data/T0015/327504/b918650/lu5-327504/docs/v0.1.7/image/Image.crop/meta.json (ext=.json, size=870)
2026-03-02 07:34:57,991 - Knowledge - INFO - process ingested knowledge for /app/data/T0015/327504/b918650/lu5-327504/docs/v0.0.6/vector/index.html
2026-03-02 07:34:58,214 - Knowledge - INFO - Worker kw10 processing /app/data/T0015/327504/b918650/lu5-327504/docs/v0.1.7/image/image/index.html
2026-03-02 07:34:58,326 - Knowledge - INFO - process ingested knowledge for /app/data/T0015/327504/b918650/lu5-327504/docs/v0.0.6/vector/createVector/index.html
2026-03-02 07:34:58,409 - Knowledge - INFO - Worker kw10 processing /app/data/T0015/327504/b918650/lu5-327504/docs/v0.1.7/image/image/meta.json
2026-03-02 07:34:58,544 - Knowledge - INFO - process ingested knowledge for /app/data/T0015/327504/b918650/lu5-327504/docs/v0.0.6/vector/createVector/meta.json
2026-03-02 07:34:58,619 - Knowledge - INFO - Fast-tracked /app/data/T0015/327504/b918650/lu5-327504/docs/v0.1.7/image/image/meta.json (ext=.json, size=559)
2026-03-02 07:34:58,770 - Knowledge - INFO - process ingested knowledge for /app/data/T0015/327504/b918650/lu5-327504/docs/v0.0.6/window.html
2026-03-02 07:34:58,861 - Knowledge - INFO - Worker kw10 processing /app/data/T0015/327504/b918650/lu5-327504/docs/v0.1.7/image/loadImage/index.html
2026-03-02 07:34:58,973 - Knowledge - INFO - process ingested knowledge for /app/data/T0015/327504/b918650/lu5-327504/docs/v0.0.6/io.html
2026-03-02 07:34:59,184 - Knowledge - INFO - process ingested knowledge for /app/data/T0015/327504/b918650/lu5-327504/docs/v0.0.6/index.html
2026-03-02 07:34:59,390 - Knowledge - INFO - process ingested knowledge for /app/data/T0015/327504/b918650/lu5-327504/docs/v0.0.6/shapes.html
2026-03-02 07:34:59,623 - Knowledge - INFO - process ingested knowledge for /app/data/T0015/327504/b918650/lu5-327504/docs/v0.0.6/typography/textSize/index.html
2026-03-02 07:34:59,820 - Knowledge - INFO - process ingested knowledge for /app/data/T0015/327504/b918650/lu5-327504/docs/v0.0.6/typography/textSize/meta.json
2026-03-02 07:35:00,014 - Knowledge - INFO - process ingested knowledge for /app/data/T0015/327504/b918650/lu5-327504/docs/v0.0.6/typography/textFont/index.html
2026-03-02 07:35:01,495 - Knowledge - INFO - [kw15] Queue=939, InProgress=0, PendingWorkers=20/20, Completed=340/1455 (23.4%)
2026-03-02 07:35:01,657 - Knowledge - INFO - Batch sizing: calculated=8, max_allowed=10, queue=939, active_workers=20/20
2026-03-02 07:35:01,822 - Knowledge - INFO - Async storing batch of 10 embeddings
2026-03-02 07:35:02,006 - Knowledge - INFO - Worker kw15 processing /app/data/T0015/327504/b918650/lu5-327504/docs/v0.1.7/image/loadImage/meta.json
2026-03-02 07:35:02,170 - Knowledge - INFO - Fast-tracked /app/data/T0015/327504/b918650/lu5-327504/docs/v0.1.7/image/loadImage/meta.json (ext=.json, size=515)
2026-03-02 07:35:02,338 - Knowledge - INFO - Worker kw15 processing /app/data/T0015/327504/b918650/lu5-327504/docs/v0.1.7/image/index.html
2026-03-02 07:35:02,574 - Knowledge - INFO - Worker kw15 processing /app/data/T0015/327504/b918650/lu5-327504/docs/v0.1.7/vector/Vector.dot/index.html
2026-03-02 07:35:02,784 - Knowledge - INFO - Worker kw15 processing /app/data/T0015/327504/b918650/lu5-327504/docs/v0.1.7/vector/Vector.dot/meta.json
2026-03-02 07:35:02,958 - Knowledge - INFO - Fast-tracked /app/data/T0015/327504/b918650/lu5-327504/docs/v0.1.7/vector/Vector.dot/meta.json (ext=.json, size=586)
2026-03-02 07:35:03,139 - Knowledge - INFO - Worker kw15 processing /app/data/T0015/327504/b918650/lu5-327504/docs/v0.1.7/vector/Vector.div/index.html
2026-03-02 07:35:03,380 - Knowledge - INFO - Worker kw15 processing /app/data/T0015/327504/b918650/lu5-327504/docs/v0.1.7/vector/Vector.div/meta.json
2026-03-02 07:35:03,598 - Knowledge - INFO - Fast-tracked /app/data/T0015/327504/b918650/lu5-327504/docs/v0.1.7/vector/Vector.div/meta.json (ext=.json, size=658)
2026-03-02 07:35:03,787 - Knowledge - INFO - Worker kw15 processing /app/data/T0015/327504/b918650/lu5-327504/docs/v0.1.7/vector/Vector.copy/index.html
2026-03-02 07:35:03,966 - Knowledge - INFO - Worker kw15 processing /app/data/T0015/327504/b918650/lu5-327504/docs/v0.1.7/vector/Vector.copy/meta.json
2026-03-02 07:35:04,182 - Knowledge - INFO - Fast-tracked /app/data/T0015/327504/b918650/lu5-327504/docs/v0.1.7/vector/Vector.copy/meta.json (ext=.json, size=383)
2026-03-02 07:35:25,532 - Knowledge - INFO - Async storage completed for 10 embeddings
2026-03-02 07:35:27,281 - Knowledge - INFO - Async storage completed for 10 embeddings
2026-03-02 07:35:27,386 - Knowledge - INFO - Async storage completed for 10 embeddings
2026-03-02 07:35:29,879 - Knowledge - INFO - [LLM_CALL] Completed: index.html:chunk1, Duration: 2285ms, PromptTokens: 4616, CompletionTokens: 59, Cost: $0.00049
2026-03-02 07:35:30,088 - Knowledge - INFO - done ingest for /app/data/T0015/327504/b918650/lu5-327504/docs/v0.0.2/events/isKeyDown/index.html
2026-03-02 07:35:30,169 - Knowledge - INFO - done ingest for /app/data/T0015/327504/b918650/lu5-327504/docs/v0.0.2/setting/textFont/index.html
2026-03-02 07:35:30,199 - Knowledge - INFO - done ingest for /app/data/T0015/327504/b918650/lu5-327504/docs/v0.1.7/io/print/index.html
2026-03-02 07:35:32,216 - Knowledge - INFO - [LLM_CALL] Completed: index.html:chunk1, Duration: 1838ms, PromptTokens: 4658, CompletionTokens: 59, Cost: $0.00049
2026-03-02 07:35:32,422 - Knowledge - INFO - done ingest for /app/data/T0015/327504/b918650/lu5-327504/docs/v0.0.2/setting/fill/index.html
2026-03-02 07:35:32,468 - Knowledge - INFO - done ingest for /app/data/T0015/327504/b918650/lu5-327504/docs/v0.0.2/setting/stroke/index.html
2026-03-02 07:35:33,444 - Knowledge - INFO - Async storage completed for 10 embeddings
2026-03-02 07:35:34,347 - Knowledge - INFO - [LLM_CALL] Completed: index.html:chunk1, Duration: 314ms, PromptTokens: 4834, CompletionTokens: 59, Cost: $0.00051
2026-03-02 07:35:34,514 - Knowledge - INFO - done ingest for /app/data/T0015/327504/b918650/lu5-327504/docs/v0.1.7/window/width/index.html
2026-03-02 07:35:34,882 - Knowledge - INFO - done ingest for /app/data/T0015/327504/b918650/lu5-327504/docs/v0.0.2/setting/textSize/index.html
2026-03-02 07:35:36,253 - Knowledge - INFO - [LLM_CALL] Completed: index.html:chunk1, Duration: 233ms, PromptTokens: 5812, CompletionTokens: 59, Cost: $0.00060
2026-03-02 07:35:36,444 - Knowledge - INFO - done ingest for /app/data/T0015/327504/b918650/lu5-327504/docs/v0.1.7/window/loop/index.html
2026-03-02 07:35:36,565 - Knowledge - INFO - done ingest for /app/data/T0015/327504/b918650/lu5-327504/docs/v0.0.2/setting/noStroke/index.html
2026-03-02 07:35:37,517 - Knowledge - INFO - [LLM_CALL] Completed: index.html:chunk1, Duration: 318ms, PromptTokens: 4210, CompletionTokens: 59, Cost: $0.00044
2026-03-02 07:35:37,690 - Knowledge - INFO - done ingest for /app/data/T0015/327504/b918650/lu5-327504/docs/v0.0.2/math/index.html
2026-03-02 07:35:39,165 - Knowledge - INFO - done ingest for /app/data/T0015/327504/b918650/lu5-327504/docs/v0.0.2/setting/index.html
2026-03-02 07:35:39,367 - Knowledge - INFO - done ingest for /app/data/T0015/327504/b918650/lu5-327504/docs/v0.1.7/io/loadStrings/index.html
2026-03-02 07:35:40,196 - Knowledge - INFO - [LLM_CALL] Completed: index.html:chunk1, Duration: 389ms, PromptTokens: 4432, CompletionTokens: 59, Cost: $0.00047
2026-03-02 07:35:40,410 - Knowledge - INFO - done ingest for /app/data/T0015/327504/b918650/lu5-327504/docs/v0.0.2/setting/strokeWeight/index.html
2026-03-02 07:35:40,907 - Knowledge - INFO - done ingest for /app/data/T0015/327504/b918650/lu5-327504/docs/v0.1.7/window/height/index.html
2026-03-02 07:35:41,550 - Knowledge - INFO - done ingest for /app/data/T0015/327504/b918650/lu5-327504/docs/v0.0.2/events/index.html
2026-03-02 07:35:41,768 - Knowledge - INFO - done ingest for /app/data/T0015/327504/b918650/lu5-327504/docs/v0.1.7/io/index.html
2026-03-02 07:35:41,809 - Knowledge - INFO - Processing batch of 10 files
2026-03-02 07:35:42,077 - Knowledge - INFO - process ingested knowledge for /app/data/T0015/327504/b918650/lu5-327504/docs/v0.0.2/setting/textFont/meta.json
2026-03-02 07:35:42,244 - Knowledge - INFO - process ingested knowledge for /app/data/T0015/327504/b918650/lu5-327504/docs/v0.0.2/setting/noStroke/index.html
2026-03-02 07:35:42,435 - Knowledge - INFO - process ingested knowledge for /app/data/T0015/327504/b918650/lu5-327504/docs/v0.0.2/setting/noStroke/meta.json
2026-03-02 07:35:42,624 - Knowledge - INFO - process ingested knowledge for /app/data/T0015/327504/b918650/lu5-327504/docs/v0.0.2/setting/index.html
2026-03-02 07:35:42,802 - Knowledge - INFO - process ingested knowledge for /app/data/T0015/327504/b918650/lu5-327504/docs/v0.0.2/setting/fill/index.html
2026-03-02 07:35:42,883 - Knowledge - INFO - done ingest for /app/data/T0015/327504/b918650/lu5-327504/docs/v0.0.2/setting/noFill/index.html
2026-03-02 07:35:42,985 - Knowledge - INFO - process ingested knowledge for /app/data/T0015/327504/b918650/lu5-327504/docs/v0.0.2/setting/fill/meta.json
2026-03-02 07:35:43,145 - Knowledge - INFO - Processing batch of 10 files
2026-03-02 07:35:43,299 - Knowledge - INFO - process ingested knowledge for /app/data/T0015/327504/b918650/lu5-327504/docs/v0.0.2/modules.json
2026-03-02 07:35:43,357 - Knowledge - INFO - [LLM_CALL] Completed: index.html:chunk1, Duration: 462ms, PromptTokens: 5696, CompletionTokens: 59, Cost: $0.00059
2026-03-02 07:35:43,412 - Knowledge - INFO - process ingested knowledge for /app/data/T0015/327504/b918650/lu5-327504/docs/v0.0.2/math/index.html
2026-03-02 07:35:43,554 - Knowledge - INFO - process ingested knowledge for /app/data/T0015/327504/b918650/lu5-327504/docs/v0.0.2/events/isKeyDown/index.html
2026-03-02 07:35:43,644 - Knowledge - INFO - done ingest for /app/data/T0015/327504/b918650/lu5-327504/docs/v0.1.7/window/createWindow/index.html
2026-03-02 07:35:43,723 - Knowledge - INFO - process ingested knowledge for /app/data/T0015/327504/b918650/lu5-327504/docs/v0.0.2/setting/strokeWeight/index.html
2026-03-02 07:35:43,845 - Knowledge - INFO - process ingested knowledge for /app/data/T0015/327504/b918650/lu5-327504/docs/v0.0.2/events/isKeyDown/meta.json
2026-03-02 07:35:44,041 - Knowledge - INFO - process ingested knowledge for /app/data/T0015/327504/b918650/lu5-327504/docs/v0.0.2/setting/strokeWeight/meta.json
2026-03-02 07:35:44,138 - Knowledge - INFO - process ingested knowledge for /app/data/T0015/327504/b918650/lu5-327504/docs/v0.0.2/events/index.html
2026-03-02 07:35:44,232 - Knowledge - INFO - process ingested knowledge for /app/data/T0015/327504/b918650/lu5-327504/docs/v0.0.2/setting/textSize/index.html
2026-03-02 07:35:44,533 - Knowledge - INFO - process ingested knowledge for /app/data/T0015/327504/b918650/lu5-327504/docs/v0.0.2/setting/textSize/meta.json
2026-03-02 07:35:44,768 - Knowledge - INFO - process ingested knowledge for /app/data/T0015/327504/b918650/lu5-327504/docs/v0.0.2/setting/stroke/index.html
2026-03-02 07:35:44,960 - Knowledge - INFO - process ingested knowledge for /app/data/T0015/327504/b918650/lu5-327504/docs/v0.0.2/setting/stroke/meta.json
2026-03-02 07:35:45,194 - Knowledge - INFO - process ingested knowledge for /app/data/T0015/327504/b918650/lu5-327504/docs/v0.0.2/setting/noFill/index.html
2026-03-02 07:35:45,200 - Knowledge - INFO - Async storage completed for 10 embeddings
2026-03-02 07:35:45,378 - Knowledge - INFO - process ingested knowledge for /app/data/T0015/327504/b918650/lu5-327504/docs/v0.0.2/setting/noFill/meta.json
2026-03-02 07:35:45,683 - Knowledge - INFO - process ingested knowledge for /app/data/T0015/327504/b918650/lu5-327504/docs/v0.0.2/setting/textFont/index.html
2026-03-02 07:35:45,760 - Knowledge - INFO - [LLM_CALL] Completed: index.html:chunk1, Duration: 1176ms, PromptTokens: 5446, CompletionTokens: 59, Cost: $0.00057
2026-03-02 07:35:45,981 - Knowledge - INFO - done ingest for /app/data/T0015/327504/b918650/lu5-327504/docs/v0.1.7/io/loadText/index.html
2026-03-02 07:35:45,985 - Knowledge - INFO - [LLM_CALL] Completed: index.html:chunk1, Duration: 4ms, PromptTokens: 5002, CompletionTokens: 59, Cost: $0.00052
2026-03-02 07:35:46,278 - Knowledge - INFO - done ingest for /app/data/T0015/327504/b918650/lu5-327504/docs/v0.1.7/window/deltaTime/index.html
2026-03-02 07:35:46,761 - Knowledge - INFO - [WEBSOCKET] Sent: Type=progress_update, Size: 295, Duration: 0ms
2026-03-02 07:35:46,975 - Knowledge - INFO - [WEBSOCKET] Sent: Type=unknown, Size: ?, Duration: 214ms
2026-03-02 07:35:47,148 - Knowledge - INFO - Progress: 24.7% | Files: 360/1455 | Rate: 1.26 files/sec | Queue: 931
2026-03-02 07:35:47,462 - Knowledge - INFO - [kw14] Queue=931, InProgress=0, PendingWorkers=20/20, Completed=360/1455 (24.7%)
2026-03-02 07:35:47,737 - Knowledge - INFO - Batch sizing: calculated=8, max_allowed=10, queue=931, active_workers=20/20
2026-03-02 07:35:48,022 - Knowledge - INFO - Async storing batch of 10 embeddings
2026-03-02 07:35:48,612 - Knowledge - INFO - Worker kw14 processing /app/data/T0015/327504/b918650/lu5-327504/docs/v0.1.7/vector/Vector.add/index.html
2026-03-02 07:35:48,621 - Knowledge - INFO - [LLM_CALL] Completed: index.html:chunk1, Duration: 1169ms, PromptTokens: 4774, CompletionTokens: 59, Cost: $0.00050
2026-03-02 07:35:48,868 - Knowledge - INFO - Worker kw14 processing /app/data/T0015/327504/b918650/lu5-327504/docs/v0.1.7/vector/Vector.add/meta.json
2026-03-02 07:35:48,926 - Knowledge - INFO - done ingest for /app/data/T0015/327504/b918650/lu5-327504/docs/v0.0.2/index.html
2026-03-02 07:35:48,926 - Knowledge - INFO - done ingest for /app/data/T0015/327504/b918650/lu5-327504/docs/v0.1.7/setting/stroke/index.html
2026-03-02 07:35:48,930 - Knowledge - INFO - [kw13] Queue=923, InProgress=0, PendingWorkers=20/20, Completed=360/1455 (24.7%)
2026-03-02 07:35:48,982 - Knowledge - INFO - done ingest for /app/data/T0015/327504/b918650/lu5-327504/docs/v0.1.7/window/windowResized/index.html
2026-03-02 07:35:49,120 - Knowledge - INFO - Fast-tracked /app/data/T0015/327504/b918650/lu5-327504/docs/v0.1.7/vector/Vector.add/meta.json (ext=.json, size=656)
2026-03-02 07:35:49,286 - Knowledge - INFO - Processing batch of 10 files
2026-03-02 07:35:49,410 - Knowledge - INFO - Batch sizing: calculated=8, max_allowed=10, queue=923, active_workers=20/20
2026-03-02 07:35:49,505 - Knowledge - INFO - Processing batch of 10 files
2026-03-02 07:35:49,634 - Knowledge - INFO - Worker kw14 processing /app/data/T0015/327504/b918650/lu5-327504/docs/v0.1.7/vector/Vector.print/index.html
2026-03-02 07:35:49,715 - Knowledge - INFO - process ingested knowledge for /app/data/T0015/327504/b918650/lu5-327504/docs/v0.0.2/index.html
2026-03-02 07:35:49,794 - Knowledge - INFO - Async storing batch of 10 embeddings
2026-03-02 07:35:49,886 - Knowledge - INFO - process ingested knowledge for /app/data/T0015/327504/b918650/lu5-327504/docs/v0.1.7/window/createWindow/index.html
2026-03-02 07:35:50,007 - Knowledge - INFO - Worker kw14 processing /app/data/T0015/327504/b918650/lu5-327504/docs/v0.1.7/vector/Vector.print/meta.json
2026-03-02 07:35:50,121 - Knowledge - INFO - process ingested knowledge for /app/data/T0015/327504/b918650/lu5-327504/docs/v0.1.7/io/loadStrings/index.html
2026-03-02 07:35:50,244 - Knowledge - INFO - Worker kw13 processing /app/data/T0015/327504/b918650/lu5-327504/docs/v0.1.7/vector/Vector/index.html
2026-03-02 07:35:50,351 - Knowledge - INFO - process ingested knowledge for /app/data/T0015/327504/b918650/lu5-327504/docs/v0.1.7/window/createWindow/meta.json
2026-03-02 07:35:50,437 - Knowledge - INFO - Fast-tracked /app/data/T0015/327504/b918650/lu5-327504/docs/v0.1.7/vector/Vector.print/meta.json (ext=.json, size=553)
2026-03-02 07:35:50,548 - Knowledge - INFO - process ingested knowledge for /app/data/T0015/327504/b918650/lu5-327504/docs/v0.1.7/io/loadStrings/meta.json
2026-03-02 07:35:50,637 - Knowledge - INFO - Worker kw13 processing /app/data/T0015/327504/b918650/lu5-327504/docs/v0.1.7/vector/Vector/meta.json
2026-03-02 07:35:50,755 - Knowledge - INFO - process ingested knowledge for /app/data/T0015/327504/b918650/lu5-327504/docs/v0.1.7/window/loop/index.html
2026-03-02 07:35:50,875 - Knowledge - INFO - Worker kw14 processing /app/data/T0015/327504/b918650/lu5-327504/docs/v0.1.7/vector/Vector.idiv/index.html
2026-03-02 07:35:50,960 - Knowledge - INFO - done ingest for /app/data/T0015/327504/b918650/lu5-327504/docs/v0.1.7/setting/push/index.html
2026-03-02 07:35:50,963 - Knowledge - INFO - process ingested knowledge for /app/data/T0015/327504/b918650/lu5-327504/docs/v0.1.7/io/loadText/index.html
2026-03-02 07:35:51,060 - Knowledge - INFO - Async storage completed for 10 embeddings
2026-03-02 07:35:51,064 - Knowledge - INFO - Fast-tracked /app/data/T0015/327504/b918650/lu5-327504/docs/v0.1.7/vector/Vector/meta.json (ext=.json, size=457)
2026-03-02 07:35:51,154 - Knowledge - INFO - process ingested knowledge for /app/data/T0015/327504/b918650/lu5-327504/docs/v0.1.7/window/loop/meta.json
2026-03-02 07:35:51,287 - Knowledge - INFO - Worker kw14 processing /app/data/T0015/327504/b918650/lu5-327504/docs/v0.1.7/vector/Vector.idiv/meta.json
2026-03-02 07:35:51,462 - Knowledge - INFO - process ingested knowledge for /app/data/T0015/327504/b918650/lu5-327504/docs/v0.1.7/io/loadText/meta.json
2026-03-02 07:35:51,628 - Knowledge - INFO - Worker kw13 processing /app/data/T0015/327504/b918650/lu5-327504/docs/v0.1.7/vector/Vector.sub/index.html
2026-03-02 07:35:51,707 - Knowledge - INFO - process ingested knowledge for /app/data/T0015/327504/b918650/lu5-327504/docs/v0.1.7/window/windowResized/index.html
2026-03-02 07:35:51,787 - Knowledge - INFO - Fast-tracked /app/data/T0015/327504/b918650/lu5-327504/docs/v0.1.7/vector/Vector.idiv/meta.json (ext=.json, size=664)
2026-03-02 07:35:51,921 - Knowledge - INFO - process ingested knowledge for /app/data/T0015/327504/b918650/lu5-327504/docs/v0.1.7/io/print/index.html
2026-03-02 07:35:52,024 - Knowledge - INFO - Worker kw13 processing /app/data/T0015/327504/b918650/lu5-327504/docs/v0.1.7/vector/Vector.sub/meta.json
2026-03-02 07:35:52,108 - Knowledge - INFO - process ingested knowledge for /app/data/T0015/327504/b918650/lu5-327504/docs/v0.1.7/window/windowResized/meta.json
2026-03-02 07:35:52,184 - Knowledge - INFO - Worker kw14 processing /app/data/T0015/327504/b918650/lu5-327504/docs/v0.1.7/vector/Vector.mult/index.html
2026-03-02 07:35:52,259 - Knowledge - INFO - process ingested knowledge for /app/data/T0015/327504/b918650/lu5-327504/docs/v0.1.7/io/print/meta.json
2026-03-02 07:35:52,404 - Knowledge - INFO - Fast-tracked /app/data/T0015/327504/b918650/lu5-327504/docs/v0.1.7/vector/Vector.sub/meta.json (ext=.json, size=664)
2026-03-02 07:35:52,495 - Knowledge - INFO - process ingested knowledge for /app/data/T0015/327504/b918650/lu5-327504/docs/v0.1.7/window/height/index.html
2026-03-02 07:35:52,584 - Knowledge - INFO - Worker kw14 processing /app/data/T0015/327504/b918650/lu5-327504/docs/v0.1.7/vector/Vector.mult/meta.json
2026-03-02 07:35:52,602 - Knowledge - INFO - Async storage completed for 10 embeddings
2026-03-02 07:35:52,705 - Knowledge - INFO - process ingested knowledge for /app/data/T0015/327504/b918650/lu5-327504/docs/v0.1.7/io/index.html
2026-03-02 07:35:52,781 - Knowledge - INFO - Worker kw13 processing /app/data/T0015/327504/b918650/lu5-327504/docs/v0.1.7/vector/index.html
2026-03-02 07:35:52,876 - Knowledge - INFO - process ingested knowledge for /app/data/T0015/327504/b918650/lu5-327504/docs/v0.1.7/window/height/meta.json
2026-03-02 07:35:53,036 - Knowledge - INFO - Fast-tracked /app/data/T0015/327504/b918650/lu5-327504/docs/v0.1.7/vector/Vector.mult/meta.json (ext=.json, size=674)
2026-03-02 07:35:53,040 - Knowledge - INFO - done ingest for /app/data/T0015/327504/b918650/lu5-327504/docs/v0.1.7/setting/background/index.html
2026-03-02 07:35:53,184 - Knowledge - WARNING - Timeout processing /app/data/T0015/327504/b918650/lu5-327504/docs/v0.1.7/models/index.html after 90s - using fallback metadata
2026-03-02 07:35:53,210 - Knowledge - INFO - Async storage completed for 10 embeddings
2026-03-02 07:35:53,297 - Knowledge - INFO - process ingested knowledge for /app/data/T0015/327504/b918650/lu5-327504/docs/v0.1.7/window/width/index.html
2026-03-02 07:35:53,368 - Knowledge - INFO - Worker kw13 processing /app/data/T0015/327504/b918650/lu5-327504/docs/v0.1.7/vector/createVector/index.html
2026-03-02 07:35:53,448 - Knowledge - INFO - process ingested knowledge for /app/data/T0015/327504/b918650/lu5-327504/docs/v0.1.7/window/deltaTime/index.html
2026-03-02 07:35:53,500 - Knowledge - INFO - Async storage completed for 10 embeddings
2026-03-02 07:35:53,799 - Knowledge - WARNING - Timeout processing /app/data/T0015/327504/b918650/lu5-327504/docs/v0.1.7/shapes/line/index.html after 90s - using fallback metadata
2026-03-02 07:35:53,921 - Knowledge - WARNING - Timeout processing /app/data/T0015/327504/b918650/lu5-327504/docs/v0.1.7/shapes/beginShape/index.html after 90s - using fallback metadata
2026-03-02 07:35:53,992 - Knowledge - INFO - process ingested knowledge for /app/data/T0015/327504/b918650/lu5-327504/docs/v0.1.7/window/width/meta.json
2026-03-02 07:35:54,081 - Knowledge - INFO - Worker kw13 processing /app/data/T0015/327504/b918650/lu5-327504/docs/v0.1.7/vector/createVector/meta.json
2026-03-02 07:35:54,165 - Knowledge - INFO - process ingested knowledge for /app/data/T0015/327504/b918650/lu5-327504/docs/v0.1.7/window/deltaTime/meta.json
2026-03-02 07:35:54,278 - Knowledge - WARNING - Timeout processing /app/data/T0015/327504/b918650/lu5-327504/docs/v0.1.7/window/index.html after 90s - using fallback metadata
2026-03-02 07:35:54,360 - Knowledge - WARNING - Timeout processing /app/data/T0015/327504/b918650/lu5-327504/docs/v0.1.7/shapes/endShape/index.html after 90s - using fallback metadata
2026-03-02 07:35:54,444 - Knowledge - WARNING - Timeout processing /app/data/T0015/327504/b918650/lu5-327504/docs/v0.1.7/shapes/triangle/index.html after 90s - using fallback metadata
2026-03-02 07:35:54,626 - Knowledge - INFO - Fast-tracked /app/data/T0015/327504/b918650/lu5-327504/docs/v0.1.7/vector/createVector/meta.json (ext=.json, size=799)
2026-03-02 07:35:54,867 - Knowledge - WARNING - Timeout processing /app/data/T0015/327504/b918650/lu5-327504/docs/v0.1.7/window/noLoop/index.html after 90s - using fallback metadata
2026-03-02 07:35:54,867 - Knowledge - INFO - [LLM_CALL] Completed: index.html:chunk1, Duration: 1281ms, PromptTokens: 4820, CompletionTokens: 59, Cost: $0.00051
2026-03-02 07:35:55,060 - Knowledge - WARNING - Timeout processing /app/data/T0015/327504/b918650/lu5-327504/docs/v0.1.7/shapes/arc/index.html after 90s - using fallback metadata
2026-03-02 07:35:55,169 - Knowledge - INFO - Worker kw13 processing /app/data/T0015/327504/b918650/lu5-327504/docs/v0.1.7/shapes3D/plane/index.html
2026-03-02 07:35:55,297 - Knowledge - WARNING - Timeout processing /app/data/T0015/327504/b918650/lu5-327504/docs/v0.1.7/window/frameRate/index.html after 90s - using fallback metadata
2026-03-02 07:35:55,310 - Knowledge - WARNING - Timeout processing /app/data/T0015/327504/b918650/lu5-327504/docs/v0.1.7/shapes/circle/index.html after 90s - using fallback metadata
2026-03-02 07:35:55,366 - Knowledge - INFO - done ingest for /app/data/T0015/327504/b918650/lu5-327504/docs/v0.1.7/transform/rotateZ/index.html
2026-03-02 07:35:55,366 - Knowledge - INFO - done ingest for /app/data/T0015/327504/b918650/lu5-327504/docs/v0.1.7/setting/strokeWeight/index.html
2026-03-02 07:35:55,373 - Knowledge - INFO - Async storage completed for 10 embeddings
2026-03-02 07:35:55,440 - Knowledge - WARNING - Timeout processing /app/data/T0015/327504/b918650/lu5-327504/docs/v0.1.7/shapes/ellipse/index.html after 90s - using fallback metadata
2026-03-02 07:35:55,588 - Knowledge - INFO - Async storage completed for 10 embeddings
2026-03-02 07:35:55,695 - Knowledge - WARNING - Timeout processing /app/data/T0015/327504/b918650/lu5-327504/docs/v0.1.7/window/saveWindow/index.html after 90s - using fallback metadata
2026-03-02 07:35:56,195 - Knowledge - INFO - Processing batch of 8 files
2026-03-02 07:35:56,399 - Knowledge - WARNING - Timeout processing /app/data/T0015/327504/b918650/lu5-327504/docs/v0.1.7/models/loadModel/index.html after 90s - using fallback metadata
2026-03-02 07:35:56,538 - Knowledge - INFO - process ingested knowledge for /app/data/T0015/327504/b918650/lu5-327504/docs/v0.1.7/setting/strokeWeight/index.html
2026-03-02 07:35:56,760 - Knowledge - WARNING - Timeout processing /app/data/T0015/327504/b918650/lu5-327504/docs/v0.1.7/models/model/index.html after 90s - using fallback metadata
2026-03-02 07:35:56,839 - Knowledge - INFO - process ingested knowledge for /app/data/T0015/327504/b918650/lu5-327504/docs/v0.1.7/setting/strokeWeight/meta.json
2026-03-02 07:35:57,102 - Knowledge - INFO - Async storage completed for 10 embeddings
2026-03-02 07:35:57,245 - Knowledge - INFO - process ingested knowledge for /app/data/T0015/327504/b918650/lu5-327504/docs/v0.1.7/setting/push/index.html
2026-03-02 07:35:57,246 - Knowledge - INFO - Processing batch of 10 files
2026-03-02 07:35:57,587 - Knowledge - INFO - [LLM_CALL] Completed: index.html:chunk1, Duration: 1906ms, PromptTokens: 4886, CompletionTokens: 59, Cost: $0.00051
2026-03-02 07:35:57,596 - Knowledge - INFO - process ingested knowledge for /app/data/T0015/327504/b918650/lu5-327504/docs/v0.1.7/window/index.html
2026-03-02 07:35:57,714 - Knowledge - INFO - process ingested knowledge for /app/data/T0015/327504/b918650/lu5-327504/docs/v0.1.7/setting/push/meta.json
2026-03-02 07:35:57,823 - Knowledge - INFO - done ingest for /app/data/T0015/327504/b918650/lu5-327504/docs/v0.1.7/transform/translate/index.html
2026-03-02 07:35:57,938 - Knowledge - INFO - [WEBSOCKET] Sent: Type=progress_update, Size: 296, Duration: 0ms
2026-03-02 07:35:57,938 - Knowledge - INFO - process ingested knowledge for /app/data/T0015/327504/b918650/lu5-327504/docs/v0.1.7/window/noLoop/index.html
2026-03-02 07:35:58,105 - Knowledge - INFO - process ingested knowledge for /app/data/T0015/327504/b918650/lu5-327504/docs/v0.1.7/setting/background/index.html
2026-03-02 07:35:58,196 - Knowledge - INFO - [kw2] Queue=915, InProgress=0, PendingWorkers=20/20, Completed=398/1455 (27.4%)
2026-03-02 07:35:58,198 - Knowledge - INFO - [WEBSOCKET] Sent: Type=unknown, Size: ?, Duration: 260ms
2026-03-02 07:35:58,416 - Knowledge - INFO - process ingested knowledge for /app/data/T0015/327504/b918650/lu5-327504/docs/v0.1.7/window/noLoop/meta.json
2026-03-02 07:35:58,504 - Knowledge - INFO - process ingested knowledge for /app/data/T0015/327504/b918650/lu5-327504/docs/v0.1.7/setting/background/meta.json
2026-03-02 07:35:58,584 - Knowledge - INFO - Batch sizing: calculated=8, max_allowed=10, queue=915, active_workers=20/20
2026-03-02 07:35:58,729 - Knowledge - INFO - Progress: 27.4% | Files: 398/1455 | Rate: 1.34 files/sec | Queue: 915
2026-03-02 07:35:58,746 - Knowledge - INFO - [LLM_CALL] Completed: index.html:chunk1, Duration: 899ms, PromptTokens: 5238, CompletionTokens: 59, Cost: $0.00055
2026-03-02 07:35:58,869 - Knowledge - INFO - process ingested knowledge for /app/data/T0015/327504/b918650/lu5-327504/docs/v0.1.7/window/frameRate/index.html
2026-03-02 07:35:59,029 - Knowledge - INFO - process ingested knowledge for /app/data/T0015/327504/b918650/lu5-327504/docs/v0.1.7/setting/stroke/index.html
2026-03-02 07:35:59,252 - Knowledge - INFO - [kw11] Queue=907, InProgress=0, PendingWorkers=20/20, Completed=398/1455 (27.4%)
2026-03-02 07:35:59,363 - Knowledge - INFO - done ingest for /app/data/T0015/327504/b918650/lu5-327504/docs/v0.1.7/setting/debugMode/index.html
2026-03-02 07:35:59,365 - Knowledge - INFO - done ingest for /app/data/T0015/327504/b918650/lu5-327504/docs/v0.1.7/mouse/mouseIsPressed/index.html
2026-03-02 07:35:59,365 - Knowledge - INFO - done ingest for /app/data/T0015/327504/b918650/lu5-327504/docs/v0.1.7/shapes/point/index.html
2026-03-02 07:35:59,367 - Knowledge - INFO - done ingest for /app/data/T0015/327504/b918650/lu5-327504/docs/v0.1.7/shapes/vertex/index.html
2026-03-02 07:35:59,386 - Knowledge - INFO - Async storing batch of 10 embeddings
2026-03-02 07:35:59,454 - Knowledge - INFO - process ingested knowledge for /app/data/T0015/327504/b918650/lu5-327504/docs/v0.1.7/window/frameRate/meta.json
2026-03-02 07:35:59,577 - Knowledge - INFO - process ingested knowledge for /app/data/T0015/327504/b918650/lu5-327504/docs/v0.1.7/setting/stroke/meta.json
2026-03-02 07:35:59,601 - Knowledge - INFO - [LLM_CALL] Completed: index.html:chunk1, Duration: 234ms, PromptTokens: 6936, CompletionTokens: 59, Cost: $0.00072
2026-03-02 07:35:59,680 - Knowledge - INFO - Batch sizing: calculated=8, max_allowed=10, queue=907, active_workers=20/20
2026-03-02 07:36:00,175 - Knowledge - INFO - Worker kw2 processing /app/data/T0015/327504/b918650/lu5-327504/docs/v0.1.7/shapes3D/plane/meta.json
2026-03-02 07:36:00,253 - Knowledge - INFO - process ingested knowledge for /app/data/T0015/327504/b918650/lu5-327504/docs/v0.1.7/window/saveWindow/index.html
2026-03-02 07:36:00,445 - Knowledge - INFO - done ingest for /app/data/T0015/327504/b918650/lu5-327504/docs/v0.1.7/image/index.html
2026-03-02 07:36:00,447 - Knowledge - INFO - done ingest for /app/data/T0015/327504/b918650/lu5-327504/docs/v0.1.7/transform/index.html
2026-03-02 07:36:00,448 - Knowledge - INFO - Processing batch of 10 files
2026-03-02 07:36:00,448 - Knowledge - INFO - Processing batch of 10 files
2026-03-02 07:36:00,601 - Knowledge - INFO - Fast-tracked /app/data/T0015/327504/b918650/lu5-327504/docs/v0.1.7/shapes3D/plane/meta.json (ext=.json, size=449)
2026-03-02 07:36:00,650 - Knowledge - INFO - Async storing batch of 10 embeddings
2026-03-02 07:36:00,692 - Knowledge - INFO - process ingested knowledge for /app/data/T0015/327504/b918650/lu5-327504/docs/v0.1.7/window/saveWindow/meta.json
2026-03-02 07:36:00,869 - Knowledge - INFO - Async storage completed for 10 embeddings
2026-03-02 07:36:01,044 - Knowledge - INFO - process ingested knowledge for /app/data/T0015/327504/b918650/lu5-327504/docs/v0.1.7/models/model/meta.json
2026-03-02 07:36:01,155 - Knowledge - INFO - process ingested knowledge for /app/data/T0015/327504/b918650/lu5-327504/docs/v0.1.7/shapes/beginShape/index.html
2026-03-02 07:36:01,237 - Knowledge - INFO - done ingest for /app/data/T0015/327504/b918650/lu5-327504/docs/v0.1.7/setting/noStroke/index.html
2026-03-02 07:36:01,351 - Knowledge - INFO - done ingest for /app/data/T0015/327504/b918650/lu5-327504/docs/v0.1.7/mouse/mouseX/index.html
2026-03-02 07:36:01,361 - Knowledge - INFO - Worker kw2 processing /app/data/T0015/327504/b918650/lu5-327504/docs/v0.1.7/shapes3D/cylinder/index.html
2026-03-02 07:36:01,485 - Knowledge - INFO - Worker kw11 processing /app/data/T0015/327504/b918650/lu5-327504/docs/v0.1.7/shapes3D/sphere/index.html
2026-03-02 07:36:01,596 - Knowledge - INFO - process ingested knowledge for /app/data/T0015/327504/b918650/lu5-327504/docs/v0.1.7/models/loadModel/index.html
2026-03-02 07:36:01,831 - Knowledge - INFO - process ingested knowledge for /app/data/T0015/327504/b918650/lu5-327504/docs/v0.1.7/models/index.html
2026-03-02 07:36:02,047 - Knowledge - INFO - process ingested knowledge for /app/data/T0015/327504/b918650/lu5-327504/docs/v0.1.7/shapes/beginShape/meta.json
2026-03-02 07:36:02,100 - Knowledge - INFO - [kw8] Queue=899, InProgress=0, PendingWorkers=20/20, Completed=418/1455 (28.7%)
2026-03-02 07:36:02,275 - Knowledge - INFO - done ingest for /app/data/T0015/327504/b918650/lu5-327504/docs/v0.1.7/vector/Vector.dot/index.html
2026-03-02 07:36:02,306 - Knowledge - INFO - Worker kw2 processing /app/data/T0015/327504/b918650/lu5-327504/docs/v0.1.7/shapes3D/cylinder/meta.json
2026-03-02 07:36:02,428 - Knowledge - INFO - Worker kw11 processing /app/data/T0015/327504/b918650/lu5-327504/docs/v0.1.7/shapes3D/sphere/meta.json
2026-03-02 07:36:02,438 - Knowledge - INFO - done ingest for /app/data/T0015/327504/b918650/lu5-327504/docs/v0.1.7/transform/rotate/index.html
2026-03-02 07:36:02,543 - Knowledge - INFO - process ingested knowledge for /app/data/T0015/327504/b918650/lu5-327504/docs/v0.1.7/models/loadModel/meta.json
2026-03-02 07:36:02,636 - Knowledge - INFO - process ingested knowledge for /app/data/T0015/327504/b918650/lu5-327504/docs/v0.1.7/shapes/line/index.html
2026-03-02 07:36:02,718 - Knowledge - INFO - process ingested knowledge for /app/data/T0015/327504/b918650/lu5-327504/docs/v0.1.7/shapes/triangle/index.html
2026-03-02 07:36:02,818 - Knowledge - INFO - Batch sizing: calculated=8, max_allowed=10, queue=899, active_workers=20/20
2026-03-02 07:36:03,085 - Knowledge - INFO - Fast-tracked /app/data/T0015/327504/b918650/lu5-327504/docs/v0.1.7/shapes3D/cylinder/meta.json (ext=.json, size=816)
2026-03-02 07:36:03,203 - Knowledge - INFO - Fast-tracked /app/data/T0015/327504/b918650/lu5-327504/docs/v0.1.7/shapes3D/sphere/meta.json (ext=.json, size=524)
2026-03-02 07:36:03,416 - Knowledge - INFO - process ingested knowledge for /app/data/T0015/327504/b918650/lu5-327504/docs/v0.1.7/models/model/index.html
2026-03-02 07:36:03,485 - Knowledge - INFO - [LLM_CALL] Completed: index.html:chunk1, Duration: 498ms, PromptTokens: 7282, CompletionTokens: 59, Cost: $0.00075
2026-03-02 07:36:03,527 - Knowledge - INFO - process ingested knowledge for /app/data/T0015/327504/b918650/lu5-327504/docs/v0.1.7/shapes/line/meta.json
2026-03-02 07:36:03,720 - Knowledge - INFO - process ingested knowledge for /app/data/T0015/327504/b918650/lu5-327504/docs/v0.1.7/shapes/triangle/meta.json
2026-03-02 07:36:03,992 - Knowledge - INFO - Worker kw2 processing /app/data/T0015/327504/b918650/lu5-327504/docs/v0.1.7/shapes3D/box/index.html
2026-03-02 07:36:04,105 - Knowledge - INFO - Worker kw11 processing /app/data/T0015/327504/b918650/lu5-327504/docs/v0.1.7/index.html
2026-03-02 07:36:04,185 - Knowledge - INFO - Async storage completed for 10 embeddings
2026-03-02 07:36:04,266 - Knowledge - INFO - done ingest for /app/data/T0015/327504/b918650/lu5-327504/docs/v0.1.7/setting/rectMode/index.html
2026-03-02 07:36:04,266 - Knowledge - INFO - done ingest for /app/data/T0015/327504/b918650/lu5-327504/docs/v0.1.7/keyboard/keyIsDown/index.html
2026-03-02 07:36:04,269 - Knowledge - INFO - Async storing batch of 8 embeddings
2026-03-02 07:36:04,269 - Knowledge - INFO - done ingest for /app/data/T0015/327504/b918650/lu5-327504/docs/v0.1.7/mouse/mousePressed/index.html
2026-03-02 07:36:04,359 - Knowledge - INFO - process ingested knowledge for /app/data/T0015/327504/b918650/lu5-327504/docs/v0.1.7/shapes/endShape/index.html
2026-03-02 07:36:04,525 - Knowledge - INFO - done ingest for /app/data/T0015/327504/b918650/lu5-327504/docs/v0.1.7/vector/Vector.div/index.html
2026-03-02 07:36:04,579 - Knowledge - INFO - process ingested knowledge for /app/data/T0015/327504/b918650/lu5-327504/docs/v0.1.7/shapes/arc/index.html
2026-03-02 07:36:04,592 - Knowledge - INFO - Worker kw2 processing /app/data/T0015/327504/b918650/lu5-327504/docs/v0.1.7/shapes3D/box/meta.json
2026-03-02 07:36:04,679 - Knowledge - INFO - Worker kw11 processing /app/data/T0015/327504/b918650/lu5-327504/docs/v0.1.7/typography/textSize/index.html
2026-03-02 07:36:04,948 - Knowledge - WARNING - Timeout processing /app/data/T0015/327504/b918650/lu5-327504/docs/v0.1.7/math/round/index.html after 90s - using fallback metadata
2026-03-02 07:36:05,037 - Knowledge - INFO - done ingest for /app/data/T0015/327504/b918650/lu5-327504/docs/v0.1.7/transform/rotateX/index.html
2026-03-02 07:36:05,147 - Knowledge - INFO - Worker kw8 processing /app/data/T0015/327504/b918650/lu5-327504/docs/v0.1.7/typography/textFont/meta.json
2026-03-02 07:36:05,365 - Knowledge - INFO - process ingested knowledge for /app/data/T0015/327504/b918650/lu5-327504/docs/v0.1.7/shapes/endShape/meta.json
2026-03-02 07:36:05,491 - Knowledge - INFO - Async storage completed for 10 embeddings
2026-03-02 07:36:05,712 - Knowledge - INFO - process ingested knowledge for /app/data/T0015/327504/b918650/lu5-327504/docs/v0.1.7/shapes/arc/meta.json
2026-03-02 07:36:05,812 - Knowledge - INFO - Fast-tracked /app/data/T0015/327504/b918650/lu5-327504/docs/v0.1.7/shapes3D/box/meta.json (ext=.json, size=693)
2026-03-02 07:36:05,868 - Knowledge - INFO - done ingest for /app/data/T0015/327504/b918650/lu5-327504/docs/v0.1.7/setting/noFill/index.html
2026-03-02 07:36:05,888 - Knowledge - INFO - Worker kw11 processing /app/data/T0015/327504/b918650/lu5-327504/docs/v0.1.7/typography/textSize/meta.json
2026-03-02 07:36:06,097 - Knowledge - INFO - [kw17] Queue=891, InProgress=0, PendingWorkers=20/20, Completed=418/1455 (28.7%)
2026-03-02 07:36:05,993 - Knowledge - WARNING - Timeout processing /app/data/T0015/327504/b918650/lu5-327504/docs/v0.1.7/math/min/index.html after 90s - using fallback metadata
2026-03-02 07:36:06,099 - Knowledge - INFO - Processing batch of 10 files
2026-03-02 07:36:06,207 - Knowledge - INFO - Async storage completed for 10 embeddings
2026-03-02 07:36:06,218 - Knowledge - INFO - Fast-tracked /app/data/T0015/327504/b918650/lu5-327504/docs/v0.1.7/typography/textFont/meta.json (ext=.json, size=472)
2026-03-02 07:36:06,329 - Knowledge - INFO - process ingested knowledge for /app/data/T0015/327504/b918650/lu5-327504/docs/v0.1.7/shapes/circle/index.html
2026-03-02 07:36:06,437 - Knowledge - INFO - done ingest for /app/data/T0015/327504/b918650/lu5-327504/docs/v0.1.7/mouse/index.html
2026-03-02 07:36:06,490 - Knowledge - WARNING - Timeout processing /app/data/T0015/327504/b918650/lu5-327504/docs/v0.1.7/math/abs/index.html after 90s - using fallback metadata
2026-03-02 07:36:06,542 - Knowledge - INFO - process ingested knowledge for /app/data/T0015/327504/b918650/lu5-327504/docs/v0.1.7/shapes/ellipse/index.html
2026-03-02 07:36:06,679 - Knowledge - INFO - Worker kw2 processing /app/data/T0015/327504/b918650/lu5-327504/docs/v0.1.7/shapes3D/torus/index.html
2026-03-02 07:36:06,779 - Knowledge - INFO - [LLM_CALL] Completed: index.html:chunk1, Duration: 241ms, PromptTokens: 4898, CompletionTokens: 59, Cost: $0.00051
2026-03-02 07:36:06,908 - Knowledge - INFO - Fast-tracked /app/data/T0015/327504/b918650/lu5-327504/docs/v0.1.7/typography/textSize/meta.json (ext=.json, size=597)
2026-03-02 07:36:07,057 - Knowledge - INFO - Batch sizing: calculated=8, max_allowed=10, queue=891, active_workers=20/20
2026-03-02 07:36:07,186 - Knowledge - WARNING - Timeout processing /app/data/T0015/327504/b918650/lu5-327504/docs/v0.1.7/math/randomSeed/index.html after 90s - using fallback metadata
2026-03-02 07:36:07,266 - Knowledge - INFO - process ingested knowledge for /app/data/T0015/327504/b918650/lu5-327504/docs/v0.1.7/transform/scale/meta.json
2026-03-02 07:36:07,372 - Knowledge - WARNING - Timeout processing /app/data/T0015/327504/b918650/lu5-327504/docs/v0.1.7/math/cos/index.html after 90s - using fallback metadata
2026-03-02 07:36:07,409 - Knowledge - INFO - Worker kw8 processing /app/data/T0015/327504/b918650/lu5-327504/docs/v0.1.7/typography/text/index.html
2026-03-02 07:36:07,493 - Knowledge - INFO - process ingested knowledge for /app/data/T0015/327504/b918650/lu5-327504/docs/v0.1.7/shapes/circle/meta.json
2026-03-02 07:36:07,699 - Knowledge - WARNING - Timeout processing /app/data/T0015/327504/b918650/lu5-327504/docs/v0.1.7/math/max/index.html after 90s - using fallback metadata
2026-03-02 07:36:07,777 - Knowledge - INFO - process ingested knowledge for /app/data/T0015/327504/b918650/lu5-327504/docs/v0.1.7/shapes/ellipse/meta.json
2026-03-02 07:36:08,598 - Knowledge - INFO - process ingested knowledge for /app/data/T0015/327504/b918650/lu5-327504/docs/v0.1.7/shapes/point/index.html
2026-03-02 07:36:07,978 - Knowledge - INFO - done ingest for /app/data/T0015/327504/b918650/lu5-327504/docs/v0.1.7/vector/Vector.copy/index.html
2026-03-02 07:36:07,989 - Knowledge - INFO - done ingest for /app/data/T0015/327504/b918650/lu5-327504/docs/v0.1.7/mouse/pmouseY/index.html
2026-03-02 07:36:07,984 - Knowledge - INFO - Processing batch of 8 files
2026-03-02 07:36:07,995 - Knowledge - INFO - Processing batch of 8 files
2026-03-02 07:36:08,053 - Knowledge - INFO - Worker kw11 processing /app/data/T0015/327504/b918650/lu5-327504/docs/v0.1.7/typography/textAlign/index.html
2026-03-02 07:36:08,110 - Knowledge - INFO - Async storage completed for 10 embeddings
2026-03-02 07:36:08,143 - Knowledge - INFO - Async storing batch of 10 embeddings
2026-03-02 07:36:08,247 - Knowledge - WARNING - Timeout processing /app/data/T0015/327504/b918650/lu5-327504/docs/v0.1.7/math/floor/index.html after 90s - using fallback metadata
2026-03-02 07:36:08,356 - Knowledge - INFO - process ingested knowledge for /app/data/T0015/327504/b918650/lu5-327504/docs/v0.1.7/transform/translate/index.html
2026-03-02 07:36:08,438 - Knowledge - WARNING - Timeout processing /app/data/T0015/327504/b918650/lu5-327504/docs/v0.1.7/math/ceil/index.html after 90s - using fallback metadata
2026-03-02 07:36:08,515 - Knowledge - INFO - Worker kw8 processing /app/data/T0015/327504/b918650/lu5-327504/docs/v0.1.7/typography/text/meta.json
2026-03-02 07:36:07,870 - Knowledge - INFO - Worker kw2 processing /app/data/T0015/327504/b918650/lu5-327504/docs/v0.1.7/shapes3D/torus/meta.json
2026-03-02 07:36:08,731 - Knowledge - WARNING - Timeout processing /app/data/T0015/327504/b918650/lu5-327504/docs/v0.1.7/math/map/index.html after 90s - using fallback metadata
2026-03-02 07:36:08,819 - Knowledge - INFO - process ingested knowledge for /app/data/T0015/327504/b918650/lu5-327504/docs/v0.1.7/shapes/vertex/index.html
2026-03-02 07:36:08,902 - Knowledge - INFO - process ingested knowledge for /app/data/T0015/327504/b918650/lu5-327504/docs/v0.1.7/shapes/point/meta.json
2026-03-02 07:36:09,039 - Knowledge - INFO - Processing batch of 8 files
2026-03-02 07:36:09,178 - Knowledge - INFO - process ingested knowledge for /app/data/T0015/327504/b918650/lu5-327504/docs/v0.1.7/setting/noFill/index.html
2026-03-02 07:36:09,273 - Knowledge - INFO - process ingested knowledge for /app/data/T0015/327504/b918650/lu5-327504/docs/v0.1.7/mouse/pmouseX/meta.json
2026-03-02 07:36:09,386 - Knowledge - INFO - Worker kw11 processing /app/data/T0015/327504/b918650/lu5-327504/docs/v0.1.7/typography/textAlign/meta.json
2026-03-02 07:36:09,485 - Knowledge - WARNING - Timeout processing /app/data/T0015/327504/b918650/lu5-327504/docs/v0.1.7/transform/scale/index.html after 90s - using fallback metadata
2026-03-02 07:36:09,580 - Knowledge - INFO - Worker kw17 processing /app/data/T0015/327504/b918650/lu5-327504/docs/v0.0.4/io/index.html
2026-03-02 07:36:09,659 - Knowledge - WARNING - Timeout processing /app/data/T0015/327504/b918650/lu5-327504/docs/v0.1.7/math/sin/index.html after 90s - using fallback metadata
2026-03-02 07:36:09,765 - Knowledge - INFO - process ingested knowledge for /app/data/T0015/327504/b918650/lu5-327504/docs/v0.1.7/transform/translate/meta.json
2026-03-02 07:36:09,839 - Knowledge - INFO - [LLM_CALL] Completed: index.html:chunk1, Duration: 256ms, PromptTokens: 5870, CompletionTokens: 59, Cost: $0.00061
2026-03-02 07:36:09,901 - Knowledge - WARNING - Timeout processing /app/data/T0015/327504/b918650/lu5-327504/docs/v0.1.7/math/tan/index.html after 90s - using fallback metadata
2026-03-02 07:36:09,983 - Knowledge - INFO - Fast-tracked /app/data/T0015/327504/b918650/lu5-327504/docs/v0.1.7/typography/text/meta.json (ext=.json, size=583)
2026-03-02 07:36:10,077 - Knowledge - INFO - Fast-tracked /app/data/T0015/327504/b918650/lu5-327504/docs/v0.1.7/shapes3D/torus/meta.json (ext=.json, size=673)
2026-03-02 07:36:10,177 - Knowledge - WARNING - Timeout processing /app/data/T0015/327504/b918650/lu5-327504/docs/v0.1.7/math/constrain/index.html after 90s - using fallback metadata
2026-03-02 07:36:10,273 - Knowledge - INFO - process ingested knowledge for /app/data/T0015/327504/b918650/lu5-327504/docs/v0.1.7/shapes/vertex/meta.json
2026-03-02 07:36:10,484 - Knowledge - INFO - process ingested knowledge for /app/data/T0015/327504/b918650/lu5-327504/docs/v0.1.7/image/loadImage/meta.json
2026-03-02 07:36:10,712 - Knowledge - INFO - process ingested knowledge for /app/data/T0015/327504/b918650/lu5-327504/docs/v0.1.7/setting/noFill/meta.json
2026-03-02 07:36:10,713 - Knowledge - INFO - process ingested knowledge for /app/data/T0015/327504/b918650/lu5-327504/docs/v0.1.7/mouse/mouseX/index.html
2026-03-02 07:36:10,807 - Knowledge - INFO - Fast-tracked /app/data/T0015/327504/b918650/lu5-327504/docs/v0.1.7/typography/textAlign/meta.json (ext=.json, size=490)
2026-03-02 07:36:10,929 - Knowledge - WARNING - Timeout processing /app/data/T0015/327504/b918650/lu5-327504/docs/v0.1.7/shapes/rect/index.html after 90s - using fallback metadata
2026-03-02 07:36:11,044 - Knowledge - INFO - Worker kw17 processing /app/data/T0015/327504/b918650/lu5-327504/docs/v0.0.4/window/width/index.html
2026-03-02 07:36:11,121 - Knowledge - INFO - Async storage completed for 10 embeddings
2026-03-02 07:36:11,244 - Knowledge - INFO - process ingested knowledge for /app/data/T0015/327504/b918650/lu5-327504/docs/v0.1.7/transform/rotateZ/index.html
2026-03-02 07:36:11,342 - Knowledge - INFO - done ingest for /app/data/T0015/327504/b918650/lu5-327504/docs/v0.1.7/keyboard/keyPressed/index.html
2026-03-02 07:36:11,346 - Knowledge - INFO - Processing batch of 10 files
2026-03-02 07:36:11,459 - Knowledge - WARNING - Timeout processing /app/data/T0015/327504/b918650/lu5-327504/docs/v0.1.7/math/index.html after 90s - using fallback metadata
2026-03-02 07:36:11,531 - Knowledge - INFO - Worker kw8 processing /app/data/T0015/327504/b918650/lu5-327504/docs/v0.1.7/typography/index.html
2026-03-02 07:36:11,612 - Knowledge - INFO - Worker kw2 processing /app/data/T0015/327504/b918650/lu5-327504/docs/v0.1.7/shapes3D/index.html
2026-03-02 07:36:11,701 - Knowledge - WARNING - Timeout processing /app/data/T0015/327504/b918650/lu5-327504/docs/v0.1.7/math/random/index.html after 90s - using fallback metadata
2026-03-02 07:36:11,988 - Knowledge - INFO - process ingested knowledge for /app/data/T0015/327504/b918650/lu5-327504/docs/v0.1.7/image/index.html
2026-03-02 07:36:12,098 - Knowledge - INFO - process ingested knowledge for /app/data/T0015/327504/b918650/lu5-327504/docs/v0.1.7/setting/debugMode/index.html
2026-03-02 07:36:12,158 - Knowledge - INFO - Worker kw11 processing /app/data/T0015/327504/b918650/lu5-327504/docs/v0.1.7/typography/textFont/index.html
2026-03-02 07:36:12,215 - Knowledge - INFO - process ingested knowledge for /app/data/T0015/327504/b918650/lu5-327504/docs/v0.1.7/mouse/mouseX/meta.json
2026-03-02 07:36:12,245 - Knowledge - WARNING - Timeout processing /app/data/T0015/327504/b918650/lu5-327504/docs/v0.1.7/shapes/square/index.html after 90s - using fallback metadata
2026-03-02 07:36:12,369 - Knowledge - INFO - Worker kw17 processing /app/data/T0015/327504/b918650/lu5-327504/docs/v0.0.4/window/width/meta.json
2026-03-02 07:36:12,457 - Knowledge - INFO - [WEBSOCKET] Sent: Type=progress_update, Size: 296, Duration: 0ms
2026-03-02 07:36:12,636 - Knowledge - INFO - process ingested knowledge for /app/data/T0015/327504/b918650/lu5-327504/docs/v0.1.7/transform/rotateZ/meta.json
2026-03-02 07:36:12,717 - Knowledge - INFO - process ingested knowledge for /app/data/T0015/327504/b918650/lu5-327504/docs/v0.1.7/math/round/index.html
2026-03-02 07:36:12,828 - Knowledge - INFO - Async storage completed for 10 embeddings
2026-03-02 07:36:12,880 - Knowledge - INFO - Worker kw8 processing /app/data/T0015/327504/b918650/lu5-327504/docs/v0.1.7/typography/loadFont/index.html
2026-03-02 07:36:13,386 - Knowledge - INFO - process ingested knowledge for /app/data/T0015/327504/b918650/lu5-327504/docs/v0.1.7/vector/Vector.dot/index.html
2026-03-02 07:36:13,387 - Knowledge - INFO - process ingested knowledge for /app/data/T0015/327504/b918650/lu5-327504/docs/v0.1.7/setting/debugMode/meta.json
2026-03-02 07:36:13,582 - Knowledge - INFO - Async storage completed for 10 embeddings
2026-03-02 07:36:13,612 - Knowledge - INFO - process ingested knowledge for /app/data/T0015/327504/b918650/lu5-327504/docs/v0.1.7/mouse/mouseIsPressed/index.html
2026-03-02 07:36:13,699 - Knowledge - WARNING - Timeout processing /app/data/T0015/327504/b918650/lu5-327504/docs/v0.1.7/shapes/quad/index.html after 90s - using fallback metadata
2026-03-02 07:36:13,879 - Knowledge - INFO - Fast-tracked /app/data/T0015/327504/b918650/lu5-327504/docs/v0.0.4/window/width/meta.json (ext=.json, size=361)
2026-03-02 07:36:13,966 - Knowledge - INFO - [WEBSOCKET] Sent: Type=unknown, Size: ?, Duration: 1509ms
2026-03-02 07:36:14,077 - Knowledge - INFO - process ingested knowledge for /app/data/T0015/327504/b918650/lu5-327504/docs/v0.1.7/transform/index.html
2026-03-02 07:36:14,157 - Knowledge - INFO - process ingested knowledge for /app/data/T0015/327504/b918650/lu5-327504/docs/v0.1.7/math/round/meta.json
2026-03-02 07:36:14,300 - Knowledge - WARNING - Timeout processing /app/data/T0015/327504/b918650/lu5-327504/docs/v0.1.7/setting/index.html after 90s - using fallback metadata
2026-03-02 07:36:14,360 - Knowledge - INFO - Worker kw8 processing /app/data/T0015/327504/b918650/lu5-327504/docs/v0.1.7/typography/loadFont/meta.json
2026-03-02 07:36:14,464 - Knowledge - INFO - process ingested knowledge for /app/data/T0015/327504/b918650/lu5-327504/docs/v0.1.7/vector/Vector.dot/meta.json
2026-03-02 07:36:14,560 - Knowledge - INFO - process ingested knowledge for /app/data/T0015/327504/b918650/lu5-327504/docs/v0.1.7/setting/noStroke/index.html
2026-03-02 07:36:14,714 - Knowledge - INFO - process ingested knowledge for /app/data/T0015/327504/b918650/lu5-327504/docs/v0.1.7/mouse/mouseIsPressed/meta.json
2026-03-02 07:36:14,808 - Knowledge - WARNING - Timeout processing /app/data/T0015/327504/b918650/lu5-327504/docs/v0.1.7/shapes/index.html after 90s - using fallback metadata
2026-03-02 07:36:14,976 - Knowledge - INFO - Worker kw17 processing /app/data/T0015/327504/b918650/lu5-327504/docs/v0.0.4/window/createWindow/index.html
2026-03-02 07:36:15,054 - Knowledge - INFO - Progress: 31.8% | Files: 472/1455 | Rate: 1.51 files/sec | Queue: 883
2026-03-02 07:36:15,056 - Knowledge - INFO - Processing batch of 10 files
2026-03-02 07:36:15,057 - Knowledge - INFO - [LLM_CALL] Completed: index.html:chunk1, Duration: 3557ms, PromptTokens: 16070, CompletionTokens: 59, Cost: $0.00163
2026-03-02 07:36:15,142 - Knowledge - INFO - process ingested knowledge for /app/data/T0015/327504/b918650/lu5-327504/docs/v0.1.7/transform/rotateX/index.html
2026-03-02 07:36:15,255 - Knowledge - INFO - process ingested knowledge for /app/data/T0015/327504/b918650/lu5-327504/docs/v0.1.7/math/min/index.html
2026-03-02 07:36:15,349 - Knowledge - WARNING - Timeout processing /app/data/T0015/327504/b918650/lu5-327504/docs/v0.1.7/setting/fill/index.html after 90s - using fallback metadata
2026-03-02 07:36:15,425 - Knowledge - INFO - Fast-tracked /app/data/T0015/327504/b918650/lu5-327504/docs/v0.1.7/typography/loadFont/meta.json (ext=.json, size=808)
2026-03-02 07:36:15,532 - Knowledge - INFO - process ingested knowledge for /app/data/T0015/327504/b918650/lu5-327504/docs/v0.1.7/vector/Vector.div/index.html
2026-03-02 07:36:15,610 - Knowledge - INFO - process ingested knowledge for /app/data/T0015/327504/b918650/lu5-327504/docs/v0.1.7/setting/noStroke/meta.json
2026-03-02 07:36:15,683 - Knowledge - INFO - process ingested knowledge for /app/data/T0015/327504/b918650/lu5-327504/docs/v0.1.7/mouse/index.html
2026-03-02 07:36:15,820 - Knowledge - WARNING - Timeout processing /app/data/T0015/327504/b918650/lu5-327504/docs/v0.1.7/transform/rotateY/index.html after 90s - using fallback metadata
2026-03-02 07:36:15,902 - Knowledge - INFO - Worker kw17 processing /app/data/T0015/327504/b918650/lu5-327504/docs/v0.0.4/window/createWindow/meta.json
2026-03-02 07:36:15,988 - Knowledge - INFO - [kw1] Queue=883, InProgress=0, PendingWorkers=20/20, Completed=472/1455 (32.4%)
2026-03-02 07:36:16,147 - Knowledge - INFO - process ingested knowledge for /app/data/T0015/327504/b918650/lu5-327504/docs/v0.1.7/math/abs/index.html
2026-03-02 07:36:16,234 - Knowledge - INFO - done ingest for /app/data/T0015/327504/b918650/lu5-327504/docs/v0.1.7/keyboard/index.html
2026-03-02 07:36:16,234 - Knowledge - INFO - [LLM_CALL] Completed: index.html:chunk1, Duration: 0ms, PromptTokens: 5466, CompletionTokens: 59, Cost: $0.00057
2026-03-02 07:36:16,363 - Knowledge - INFO - process ingested knowledge for /app/data/T0015/327504/b918650/lu5-327504/docs/v0.1.7/transform/rotateX/meta.json
2026-03-02 07:36:16,448 - Knowledge - INFO - process ingested knowledge for /app/data/T0015/327504/b918650/lu5-327504/docs/v0.1.7/math/min/meta.json
2026-03-02 07:36:16,550 - Knowledge - WARNING - Timeout processing /app/data/T0015/327504/b918650/lu5-327504/docs/v0.1.7/setting/pop/index.html after 90s - using fallback metadata
2026-03-02 07:36:16,636 - Knowledge - INFO - Worker kw8 processing /app/data/T0015/327504/b918650/lu5-327504/docs/v0.0.4/io/print/index.html
2026-03-02 07:36:16,724 - Knowledge - INFO - process ingested knowledge for /app/data/T0015/327504/b918650/lu5-327504/docs/v0.1.7/vector/Vector.div/meta.json
2026-03-02 07:36:16,791 - Knowledge - INFO - process ingested knowledge for /app/data/T0015/327504/b918650/lu5-327504/docs/v0.1.7/setting/rectMode/index.html
2026-03-02 07:36:16,909 - Knowledge - INFO - process ingested knowledge for /app/data/T0015/327504/b918650/lu5-327504/docs/v0.1.7/mouse/mousePressed/index.html
2026-03-02 07:36:17,095 - Knowledge - INFO - Fast-tracked /app/data/T0015/327504/b918650/lu5-327504/docs/v0.0.4/window/createWindow/meta.json (ext=.json, size=533)
2026-03-02 07:36:17,203 - Knowledge - INFO - Batch sizing: calculated=8, max_allowed=10, queue=883, active_workers=20/20
2026-03-02 07:36:17,293 - Knowledge - INFO - process ingested knowledge for /app/data/T0015/327504/b918650/lu5-327504/docs/v0.1.7/math/abs/meta.json
2026-03-02 07:36:17,490 - Knowledge - INFO - done ingest for /app/data/T0015/327504/b918650/lu5-327504/docs/v0.1.7/mouse/mouseY/index.html
2026-03-02 07:36:17,491 - Knowledge - INFO - done ingest for /app/data/T0015/327504/b918650/lu5-327504/docs/v0.1.7/classes/index.html
2026-03-02 07:36:17,493 - Knowledge - INFO - [LLM_CALL] Completed: index.html:chunk1, Duration: 0ms, PromptTokens: 5078, CompletionTokens: 59, Cost: $0.00053
2026-03-02 07:36:17,576 - Knowledge - INFO - process ingested knowledge for /app/data/T0015/327504/b918650/lu5-327504/docs/v0.1.7/transform/rotate/index.html
2026-03-02 07:36:17,654 - Knowledge - INFO - process ingested knowledge for /app/data/T0015/327504/b918650/lu5-327504/docs/v0.1.7/math/randomSeed/index.html
2026-03-02 07:36:17,731 - Knowledge - WARNING - Timeout processing /app/data/T0015/327504/b918650/lu5-327504/docs/v0.1.7/keyboard/keyHeld/index.html after 90s - using fallback metadata
2026-03-02 07:36:17,822 - Knowledge - INFO - Worker kw8 processing /app/data/T0015/327504/b918650/lu5-327504/docs/v0.0.4/io/print/meta.json
2026-03-02 07:36:17,945 - Knowledge - INFO - process ingested knowledge for /app/data/T0015/327504/b918650/lu5-327504/docs/v0.1.7/vector/Vector.copy/index.html
2026-03-02 07:36:18,042 - Knowledge - INFO - process ingested knowledge for /app/data/T0015/327504/b918650/lu5-327504/docs/v0.1.7/setting/rectMode/meta.json
2026-03-02 07:36:18,169 - Knowledge - INFO - process ingested knowledge for /app/data/T0015/327504/b918650/lu5-327504/docs/v0.1.7/mouse/mousePressed/meta.json
2026-03-02 07:36:18,310 - Knowledge - INFO - Worker kw17 processing /app/data/T0015/327504/b918650/lu5-327504/docs/v0.0.4/window/windowResized/index.html
2026-03-02 07:36:18,507 - Knowledge - INFO - process ingested knowledge for /app/data/T0015/327504/b918650/lu5-327504/docs/v0.1.7/math/max/index.html
2026-03-02 07:36:18,823 - Knowledge - INFO - done ingest for /app/data/T0015/327504/b918650/lu5-327504/docs/v0.1.7/image/image/index.html
2026-03-02 07:36:18,823 - Knowledge - INFO - Processing batch of 10 files
2026-03-02 07:36:18,823 - Knowledge - INFO - Processing batch of 8 files
2026-03-02 07:36:18,824 - Knowledge - INFO - [kw19] Queue=875, InProgress=0, PendingWorkers=20/20, Completed=490/1455 (33.7%)
2026-03-02 07:36:18,824 - Knowledge - INFO - Async storing batch of 10 embeddings
2026-03-02 07:36:18,993 - Knowledge - INFO - process ingested knowledge for /app/data/T0015/327504/b918650/lu5-327504/docs/v0.1.7/transform/rotate/meta.json
2026-03-02 07:36:19,084 - Knowledge - INFO - [LLM_CALL] Completed: index.html:chunk1, Duration: 260ms, PromptTokens: 5838, CompletionTokens: 59, Cost: $0.00061
2026-03-02 07:36:19,084 - Knowledge - INFO - process ingested knowledge for /app/data/T0015/327504/b918650/lu5-327504/docs/v0.1.7/math/randomSeed/meta.json
2026-03-02 07:36:19,225 - Knowledge - WARNING - Timeout processing /app/data/T0015/327504/b918650/lu5-327504/docs/v0.1.7/keyboard/keyReleased/index.html after 90s - using fallback metadata
2026-03-02 07:36:19,262 - Knowledge - WARNING - Timeout processing /app/data/T0015/327504/b918650/lu5-327504/docs/v0.1.7/classes/class/index.html after 90s - using fallback metadata
2026-03-02 07:36:19,304 - Knowledge - INFO - Fast-tracked /app/data/T0015/327504/b918650/lu5-327504/docs/v0.0.4/io/print/meta.json (ext=.json, size=297)
2026-03-02 07:36:19,390 - Knowledge - INFO - process ingested knowledge for /app/data/T0015/327504/b918650/lu5-327504/docs/v0.1.7/vector/Vector.copy/meta.json
2026-03-02 07:36:19,730 - Knowledge - INFO - Worker kw17 processing /app/data/T0015/327504/b918650/lu5-327504/docs/v0.0.4/window/windowResized/meta.json
2026-03-02 07:36:19,997 - Knowledge - INFO - process ingested knowledge for /app/data/T0015/327504/b918650/lu5-327504/docs/v0.1.7/math/max/meta.json
2026-03-02 07:36:20,108 - Knowledge - INFO - process ingested knowledge for /app/data/T0015/327504/b918650/lu5-327504/docs/v0.1.7/shapes/rect/index.html
2026-03-02 07:36:20,209 - Knowledge - INFO - process ingested knowledge for /app/data/T0015/327504/b918650/lu5-327504/docs/v0.1.7/keyboard/keyReleased/meta.json
2026-03-02 07:36:20,329 - Knowledge - INFO - Batch sizing: calculated=8, max_allowed=10, queue=875, active_workers=20/20
2026-03-02 07:36:20,427 - Knowledge - INFO - Worker kw1 processing /app/data/T0015/327504/b918650/lu5-327504/docs/v0.0.4/window/height/meta.json
2026-03-02 07:36:20,627 - Knowledge - INFO - done ingest for /app/data/T0015/327504/b918650/lu5-327504/docs/v0.1.7/mouse/mouseWheel/index.html
2026-03-02 07:36:20,823 - Knowledge - INFO - [LLM_CALL] Completed: index.html:chunk1, Duration: 184ms, PromptTokens: 5054, CompletionTokens: 59, Cost: $0.00053
2026-03-02 07:36:21,256 - Knowledge - INFO - process ingested knowledge for /app/data/T0015/327504/b918650/lu5-327504/docs/v0.1.7/math/floor/index.html
2026-03-02 07:36:21,309 - Knowledge - INFO - Fast-tracked /app/data/T0015/327504/b918650/lu5-327504/docs/v0.0.4/window/windowResized/meta.json (ext=.json, size=226)
2026-03-02 07:36:21,702 - Knowledge - INFO - process ingested knowledge for /app/data/T0015/327504/b918650/lu5-327504/docs/v0.1.7/math/map/index.html
2026-03-02 07:36:21,705 - Knowledge - INFO - process ingested knowledge for /app/data/T0015/327504/b918650/lu5-327504/docs/v0.1.7/shapes/rect/meta.json
2026-03-02 07:36:21,705 - Knowledge - INFO - process ingested knowledge for /app/data/T0015/327504/b918650/lu5-327504/docs/v0.1.7/keyboard/keyIsDown/index.html
2026-03-02 07:36:21,841 - Knowledge - INFO - Fast-tracked /app/data/T0015/327504/b918650/lu5-327504/docs/v0.0.4/window/height/meta.json (ext=.json, size=365)
2026-03-02 07:36:21,843 - Knowledge - INFO - Async storage completed for 10 embeddings
2026-03-02 07:36:22,014 - Knowledge - INFO - done ingest for /app/data/T0015/327504/b918650/lu5-327504/docs/v0.1.7/camera/orbitControl/index.html
2026-03-02 07:36:22,015 - Knowledge - INFO - Processing batch of 8 files
2026-03-02 07:36:22,292 - Knowledge - INFO - [LLM_CALL] Completed: index.html:chunk1, Duration: 277ms, PromptTokens: 4808, CompletionTokens: 59, Cost: $0.00050
2026-03-02 07:36:22,294 - Knowledge - INFO - Worker kw17 processing /app/data/T0015/327504/b918650/lu5-327504/docs/v0.0.4/window/height/index.html
2026-03-02 07:36:22,448 - Knowledge - INFO - process ingested knowledge for /app/data/T0015/327504/b918650/lu5-327504/docs/v0.1.7/math/floor/meta.json
2026-03-02 07:36:22,562 - Knowledge - INFO - process ingested knowledge for /app/data/T0015/327504/b918650/lu5-327504/docs/v0.1.7/math/map/meta.json
2026-03-02 07:36:22,645 - Knowledge - INFO - Worker kw1 processing /app/data/T0015/327504/b918650/lu5-327504/docs/v0.0.4/window/deltaTime/index.html
2026-03-02 07:36:22,798 - Knowledge - INFO - process ingested knowledge for /app/data/T0015/327504/b918650/lu5-327504/docs/v0.1.7/keyboard/keyIsDown/meta.json
2026-03-02 07:36:22,798 - Knowledge - INFO - process ingested knowledge for /app/data/T0015/327504/b918650/lu5-327504/docs/v0.1.7/shapes/square/index.html
2026-03-02 07:36:22,958 - Knowledge - INFO - process ingested knowledge for /app/data/T0015/327504/b918650/lu5-327504/docs/v0.1.7/setting/index.html
2026-03-02 07:36:23,046 - Knowledge - INFO - done ingest for /app/data/T0015/327504/b918650/lu5-327504/docs/v0.1.7/mouse/pmouseX/index.html
2026-03-02 07:36:23,047 - Knowledge - INFO - Processing batch of 10 files
2026-03-02 07:36:23,048 - Knowledge - INFO - Async storing batch of 10 embeddings
2026-03-02 07:36:23,048 - Knowledge - INFO - done ingest for /app/data/T0015/327504/b918650/lu5-327504/docs/v0.1.7/image/loadImage/index.html
2026-03-02 07:36:23,135 - Knowledge - INFO - [WEBSOCKET] Sent: Type=progress_update, Size: 296, Duration: 0ms
2026-03-02 07:36:23,135 - Knowledge - INFO - [kw16] Queue=867, InProgress=0, PendingWorkers=20/20, Completed=508/1455 (34.9%)
2026-03-02 07:36:23,299 - Knowledge - INFO - process ingested knowledge for /app/data/T0015/327504/b918650/lu5-327504/docs/v0.1.7/math/sin/index.html
2026-03-02 07:36:23,414 - Knowledge - INFO - process ingested knowledge for /app/data/T0015/327504/b918650/lu5-327504/docs/v0.1.7/math/constrain/index.html
2026-03-02 07:36:23,414 - Knowledge - INFO - Worker kw1 processing /app/data/T0015/327504/b918650/lu5-327504/docs/v0.0.4/window/deltaTime/meta.json
2026-03-02 07:36:23,644 - Knowledge - INFO - process ingested knowledge for /app/data/T0015/327504/b918650/lu5-327504/docs/v0.1.7/shapes/square/meta.json
2026-03-02 07:36:23,644 - Knowledge - INFO - process ingested knowledge for /app/data/T0015/327504/b918650/lu5-327504/docs/v0.1.7/keyboard/index.html
2026-03-02 07:36:23,902 - Knowledge - INFO - process ingested knowledge for /app/data/T0015/327504/b918650/lu5-327504/docs/v0.1.7/setting/fill/index.html
2026-03-02 07:36:24,018 - Knowledge - INFO - process ingested knowledge for /app/data/T0015/327504/b918650/lu5-327504/docs/v0.1.7/math/cos/index.html
2026-03-02 07:36:24,129 - Knowledge - INFO - Worker kw19 processing /app/data/T0015/327504/b918650/lu5-327504/docs/v0.0.4/shapes/endShape/index.html
2026-03-02 07:36:24,334 - Knowledge - INFO - [LLM_CALL] Completed: index.html:chunk1, Duration: 1205ms, PromptTokens: 5036, CompletionTokens: 59, Cost: $0.00053
2026-03-02 07:36:24,441 - Knowledge - INFO - Batch sizing: calculated=8, max_allowed=10, queue=867, active_workers=20/20
2026-03-02 07:36:24,528 - Knowledge - INFO - process ingested knowledge for /app/data/T0015/327504/b918650/lu5-327504/docs/v0.1.7/math/sin/meta.json
2026-03-02 07:36:24,658 - Knowledge - INFO - process ingested knowledge for /app/data/T0015/327504/b918650/lu5-327504/docs/v0.1.7/math/constrain/meta.json
2026-03-02 07:36:24,731 - Knowledge - INFO - Fast-tracked /app/data/T0015/327504/b918650/lu5-327504/docs/v0.0.4/window/deltaTime/meta.json (ext=.json, size=520)
2026-03-02 07:36:24,810 - Knowledge - INFO - process ingested knowledge for /app/data/T0015/327504/b918650/lu5-327504/docs/v0.1.7/shapes/quad/index.html
2026-03-02 07:36:24,976 - Knowledge - INFO - process ingested knowledge for /app/data/T0015/327504/b918650/lu5-327504/docs/v0.1.7/keyboard/keyPressed/index.html
2026-03-02 07:36:25,770 - Knowledge - INFO - Worker kw1 processing /app/data/T0015/327504/b918650/lu5-327504/docs/v0.0.4/window/index.html
2026-03-02 07:36:25,220 - Knowledge - INFO - process ingested knowledge for /app/data/T0015/327504/b918650/lu5-327504/docs/v0.1.7/math/cos/meta.json
2026-03-02 07:36:25,256 - Knowledge - INFO - Async storage completed for 10 embeddings
2026-03-02 07:36:25,293 - Knowledge - INFO - Worker kw19 processing /app/data/T0015/327504/b918650/lu5-327504/docs/v0.0.4/shapes/endShape/meta.json
2026-03-02 07:36:25,406 - Knowledge - INFO - done ingest for /app/data/T0015/327504/b918650/lu5-327504/docs/v0.1.7/vector/Vector.print/index.html
2026-03-02 07:36:25,412 - Knowledge - INFO - [WEBSOCKET] Sent: Type=unknown, Size: ?, Duration: 2278ms
2026-03-02 07:36:25,715 - Knowledge - INFO - process ingested knowledge for /app/data/T0015/327504/b918650/lu5-327504/docs/v0.1.7/math/random/index.html
2026-03-02 07:36:25,094 - Knowledge - INFO - process ingested knowledge for /app/data/T0015/327504/b918650/lu5-327504/docs/v0.1.7/setting/fill/meta.json
2026-03-02 07:36:25,984 - Knowledge - INFO - process ingested knowledge for /app/data/T0015/327504/b918650/lu5-327504/docs/v0.1.7/shapes/quad/meta.json
2026-03-02 07:36:25,985 - Knowledge - INFO - process ingested knowledge for /app/data/T0015/327504/b918650/lu5-327504/docs/v0.1.7/keyboard/keyPressed/meta.json
2026-03-02 07:36:26,036 - Knowledge - INFO - Worker kw1 processing /app/data/T0015/327504/b918650/lu5-327504/docs/v0.0.4/window/frameRate/index.html
2026-03-02 07:36:26,158 - Knowledge - INFO - process ingested knowledge for /app/data/T0015/327504/b918650/lu5-327504/docs/v0.1.7/math/ceil/index.html
2026-03-02 07:36:26,352 - Knowledge - INFO - Fast-tracked /app/data/T0015/327504/b918650/lu5-327504/docs/v0.0.4/shapes/endShape/meta.json (ext=.json, size=277)
2026-03-02 07:36:26,559 - Knowledge - INFO - Progress: 34.9% | Files: 508/1455 | Rate: 1.58 files/sec | Queue: 859
2026-03-02 07:36:26,559 - Knowledge - INFO - [LLM_CALL] Completed: index.html:chunk1, Duration: 1153ms, PromptTokens: 5808, CompletionTokens: 59, Cost: $0.00060
2026-03-02 07:36:26,800 - Knowledge - INFO - process ingested knowledge for /app/data/T0015/327504/b918650/lu5-327504/docs/v0.1.7/math/random/meta.json
2026-03-02 07:36:26,800 - Knowledge - INFO - process ingested knowledge for /app/data/T0015/327504/b918650/lu5-327504/docs/v0.1.7/setting/pop/index.html
2026-03-02 07:36:26,999 - Knowledge - INFO - process ingested knowledge for /app/data/T0015/327504/b918650/lu5-327504/docs/v0.1.7/shapes/index.html
2026-03-02 07:36:27,014 - Knowledge - INFO - process ingested knowledge for /app/data/T0015/327504/b918650/lu5-327504/docs/v0.1.7/modules.json
2026-03-02 07:36:27,120 - Knowledge - INFO - Worker kw1 processing /app/data/T0015/327504/b918650/lu5-327504/docs/v0.0.4/window/frameRate/meta.json
2026-03-02 07:36:27,233 - Knowledge - INFO - process ingested knowledge for /app/data/T0015/327504/b918650/lu5-327504/docs/v0.1.7/math/ceil/meta.json
2026-03-02 07:36:27,286 - Knowledge - INFO - Worker kw19 processing /app/data/T0015/327504/b918650/lu5-327504/docs/v0.0.4/shapes/circle/index.html
2026-03-02 07:36:27,369 - Knowledge - INFO - [kw7] Queue=859, InProgress=0, PendingWorkers=20/20, Completed=508/1455 (34.9%)
2026-03-02 07:36:27,479 - Knowledge - INFO - done ingest for /app/data/T0015/327504/b918650/lu5-327504/docs/v0.1.7/mouse/mouseReleased/index.html
2026-03-02 07:36:27,480 - Knowledge - INFO - done ingest for /app/data/T0015/327504/b918650/lu5-327504/docs/v0.1.7/camera/index.html
2026-03-02 07:36:27,481 - Knowledge - INFO - [kw5] Queue=859, InProgress=0, PendingWorkers=20/20, Completed=508/1455 (34.9%)
2026-03-02 07:36:27,481 - Knowledge - INFO - [kw15] Queue=859, InProgress=0, PendingWorkers=20/20, Completed=508/1455 (34.9%)
2026-03-02 07:36:27,482 - Knowledge - INFO - Async storing batch of 8 embeddings
2026-03-02 07:36:27,482 - Knowledge - INFO - [LLM_CALL] Completed: index.html:chunk1, Duration: 0ms, PromptTokens: 5226, CompletionTokens: 59, Cost: $0.00055
2026-03-02 07:36:27,724 - Knowledge - INFO - process ingested knowledge for /app/data/T0015/327504/b918650/lu5-327504/docs/v0.1.7/setting/pop/meta.json
2026-03-02 07:36:27,772 - Knowledge - INFO - process ingested knowledge for /app/data/T0015/327504/b918650/lu5-327504/docs/v0.1.7/transform/rotateY/index.html
2026-03-02 07:36:27,893 - Knowledge - INFO - process ingested knowledge for /app/data/T0015/327504/b918650/lu5-327504/docs/v0.1.7/mouse/pmouseY/index.html
2026-03-02 07:36:27,978 - Knowledge - INFO - Fast-tracked /app/data/T0015/327504/b918650/lu5-327504/docs/v0.0.4/window/frameRate/meta.json (ext=.json, size=562)
2026-03-02 07:36:28,108 - Knowledge - INFO - process ingested knowledge for /app/data/T0015/327504/b918650/lu5-327504/docs/v0.1.7/math/tan/index.html
2026-03-02 07:36:28,161 - Knowledge - INFO - Worker kw19 processing /app/data/T0015/327504/b918650/lu5-327504/docs/v0.0.4/shapes/circle/meta.json
2026-03-02 07:36:28,227 - Knowledge - INFO - Batch sizing: calculated=8, max_allowed=10, queue=859, active_workers=20/20
2026-03-02 07:36:28,537 - Knowledge - INFO - Batch sizing: calculated=8, max_allowed=10, queue=859, active_workers=20/20
2026-03-02 07:36:28,627 - Knowledge - INFO - Batch sizing: calculated=8, max_allowed=10, queue=859, active_workers=20/20
2026-03-02 07:36:28,737 - Knowledge - INFO - Worker kw16 processing /app/data/T0015/327504/b918650/lu5-327504/docs/v0.0.4/shapes/triangle/index.html
2026-03-02 07:36:28,836 - Knowledge - INFO - done ingest for /app/data/T0015/327504/b918650/lu5-327504/docs/v0.1.7/vector/Vector.idiv/index.html
2026-03-02 07:36:28,836 - Knowledge - INFO - done ingest for /app/data/T0015/327504/b918650/lu5-327504/docs/v0.1.7/vector/Vector.sub/index.html
2026-03-02 07:36:28,838 - Knowledge - INFO - [kw3] Queue=859, InProgress=0, PendingWorkers=20/20, Completed=516/1455 (35.5%)
2026-03-02 07:36:28,843 - Knowledge - INFO - Processing batch of 8 files
2026-03-02 07:36:28,843 - Knowledge - INFO - [LLM_CALL] Completed: index.html:chunk1, Duration: 0ms, PromptTokens: 6070, CompletionTokens: 59, Cost: $0.00063
2026-03-02 07:36:28,971 - Knowledge - INFO - process ingested knowledge for /app/data/T0015/327504/b918650/lu5-327504/docs/v0.1.7/keyboard/keyHeld/index.html
2026-03-02 07:36:29,099 - Knowledge - INFO - process ingested knowledge for /app/data/T0015/327504/b918650/lu5-327504/docs/v0.1.7/transform/rotateY/meta.json
2026-03-02 07:36:29,173 - Knowledge - INFO - Worker kw1 processing /app/data/T0015/327504/b918650/lu5-327504/docs/v0.0.4/shapes/line/index.html
2026-03-02 07:36:29,379 - Knowledge - INFO - Fast-tracked /app/data/T0015/327504/b918650/lu5-327504/docs/v0.0.4/shapes/circle/meta.json (ext=.json, size=391)
2026-03-02 07:36:29,500 - Knowledge - INFO - process ingested knowledge for /app/data/T0015/327504/b918650/lu5-327504/docs/v0.1.7/math/tan/meta.json
2026-03-02 07:36:29,753 - Knowledge - INFO - Worker kw16 processing /app/data/T0015/327504/b918650/lu5-327504/docs/v0.0.4/shapes/triangle/meta.json
2026-03-02 07:36:30,054 - Knowledge - INFO - Batch sizing: calculated=8, max_allowed=10, queue=859, active_workers=20/20
2026-03-02 07:36:30,132 - Knowledge - INFO - process ingested knowledge for /app/data/T0015/327504/b918650/lu5-327504/docs/v0.1.7/mouse/pmouseY/meta.json
2026-03-02 07:36:30,315 - Knowledge - INFO - done ingest for /app/data/T0015/327504/b918650/lu5-327504/docs/v0.1.7/image/Image.crop/index.html
2026-03-02 07:36:30,320 - Knowledge - INFO - Async storing batch of 8 embeddings
2026-03-02 07:36:30,354 - Knowledge - INFO - Async storing batch of 10 embeddings
2026-03-02 07:36:30,391 - Knowledge - INFO - [kw6] Queue=835, InProgress=0, PendingWorkers=20/20, Completed=516/1455 (35.5%)
2026-03-02 07:36:30,392 - Knowledge - INFO - Async storing batch of 8 embeddings
2026-03-02 07:36:30,403 - Knowledge - INFO - process ingested knowledge for /app/data/T0015/327504/b918650/lu5-327504/docs/v0.1.7/keyboard/keyHeld/meta.json
2026-03-02 07:36:30,443 - Knowledge - INFO - done ingest for /app/data/T0015/327504/b918650/lu5-327504/docs/v0.1.7/vector/Vector.mult/index.html
2026-03-02 07:36:30,469 - Knowledge - INFO - [kw20] Queue=835, InProgress=0, PendingWorkers=20/20, Completed=516/1455 (35.5%)
2026-03-02 07:36:30,573 - Knowledge - INFO - process ingested knowledge for /app/data/T0015/327504/b918650/lu5-327504/docs/v0.1.7/transform/scale/index.html
2026-03-02 07:36:30,654 - Knowledge - INFO - Worker kw1 processing /app/data/T0015/327504/b918650/lu5-327504/docs/v0.0.4/shapes/line/meta.json
2026-03-02 07:36:30,761 - Knowledge - INFO - Worker kw19 processing /app/data/T0015/327504/b918650/lu5-327504/docs/v0.0.4/shapes/point/index.html
2026-03-02 07:36:30,852 - Knowledge - INFO - process ingested knowledge for /app/data/T0015/327504/b918650/lu5-327504/docs/v0.1.7/math/index.html
2026-03-02 07:36:30,970 - Knowledge - INFO - [LLM_CALL] Completed: index.html:chunk1, Duration: 196ms, PromptTokens: 4954, CompletionTokens: 59, Cost: $0.00052
2026-03-02 07:36:30,975 - Knowledge - INFO - Async storage completed for 10 embeddings
2026-03-02 07:36:30,979 - Knowledge - INFO - Fast-tracked /app/data/T0015/327504/b918650/lu5-327504/docs/v0.0.4/shapes/triangle/meta.json (ext=.json, size=216)
2026-03-02 07:36:31,189 - Knowledge - INFO - process ingested knowledge for /app/data/T0015/327504/b918650/lu5-327504/docs/v0.1.7/mouse/mouseY/index.html
2026-03-02 07:36:31,393 - Knowledge - INFO - Worker kw7 processing /app/data/T0015/327504/b918650/lu5-327504/docs/v0.0.4/shapes/rect/index.html
2026-03-02 07:36:31,483 - Knowledge - INFO - Worker kw5 processing /app/data/T0015/327504/b918650/lu5-327504/docs/v0.0.4/math/round/meta.json
2026-03-02 07:36:31,583 - Knowledge - INFO - Batch sizing: calculated=8, max_allowed=10, queue=835, active_workers=20/20
2026-03-02 07:36:31,672 - Knowledge - INFO - Worker kw15 processing /app/data/T0015/327504/b918650/lu5-327504/docs/v0.0.4/math/floor/meta.json
2026-03-02 07:36:31,767 - Knowledge - INFO - process ingested knowledge for /app/data/T0015/327504/b918650/lu5-327504/docs/v0.1.7/keyboard/keyReleased/index.html
2026-03-02 07:36:31,948 - Knowledge - INFO - Batch sizing: calculated=8, max_allowed=10, queue=835, active_workers=20/20
2026-03-02 07:36:32,110 - Knowledge - INFO - Fast-tracked /app/data/T0015/327504/b918650/lu5-327504/docs/v0.0.4/shapes/line/meta.json (ext=.json, size=473)
2026-03-02 07:36:32,249 - Knowledge - INFO - Worker kw19 processing /app/data/T0015/327504/b918650/lu5-327504/docs/v0.0.4/shapes/point/meta.json
2026-03-02 07:36:32,342 - Knowledge - INFO - process ingested knowledge for /app/data/T0015/327504/b918650/lu5-327504/docs/v0.1.7/classes/class/index.html
2026-03-02 07:36:32,392 - Knowledge - INFO - done ingest for /app/data/T0015/327504/b918650/lu5-327504/docs/v0.1.7/vector/Vector/index.html
2026-03-02 07:36:32,393 - Knowledge - INFO - Async storing batch of 10 embeddings
2026-03-02 07:36:32,395 - Knowledge - INFO - Processing batch of 8 files
2026-03-02 07:36:32,396 - Knowledge - INFO - [LLM_CALL] Completed: index.html:chunk1, Duration: 2ms, PromptTokens: 5202, CompletionTokens: 59, Cost: $0.00054
2026-03-02 07:36:32,545 - Knowledge - INFO - Worker kw16 processing /app/data/T0015/327504/b918650/lu5-327504/docs/v0.0.4/shapes/arc/index.html
2026-03-02 07:36:32,762 - Knowledge - INFO - process ingested knowledge for /app/data/T0015/327504/b918650/lu5-327504/docs/v0.1.7/mouse/mouseY/meta.json
2026-03-02 07:36:32,797 - Knowledge - INFO - Worker kw7 processing /app/data/T0015/327504/b918650/lu5-327504/docs/v0.0.4/shapes/rect/meta.json
2026-03-02 07:36:32,799 - Knowledge - INFO - Async storage completed for 10 embeddings
2026-03-02 07:36:32,881 - Knowledge - INFO - Fast-tracked /app/data/T0015/327504/b918650/lu5-327504/docs/v0.0.4/math/round/meta.json (ext=.json, size=327)
2026-03-02 07:36:33,041 - Knowledge - INFO - Fast-tracked /app/data/T0015/327504/b918650/lu5-327504/docs/v0.0.4/math/floor/meta.json (ext=.json, size=498)
2026-03-02 07:36:33,492 - Knowledge - INFO - Fast-tracked /app/data/T0015/327504/b918650/lu5-327504/docs/v0.0.4/shapes/point/meta.json (ext=.json, size=210)
2026-03-02 07:36:33,598 - Knowledge - INFO - process ingested knowledge for /app/data/T0015/327504/b918650/lu5-327504/docs/v0.1.7/classes/class/meta.json
2026-03-02 07:36:33,774 - Knowledge - INFO - Worker kw3 processing /app/data/T0015/327504/b918650/lu5-327504/docs/v0.0.4/math/map/meta.json
2026-03-02 07:36:33,901 - Knowledge - INFO - process ingested knowledge for /app/data/T0015/327504/b918650/lu5-327504/docs/v0.1.7/camera/orbitControl/index.html
2026-03-02 07:36:34,008 - Knowledge - INFO - done ingest for /app/data/T0015/327504/b918650/lu5-327504/docs/v0.1.7/vector/Vector.add/index.html
2026-03-02 07:36:34,010 - Knowledge - INFO - Async storing batch of 10 embeddings
2026-03-02 07:36:34,012 - Knowledge - INFO - Async storing batch of 8 embeddings
2026-03-02 07:36:34,031 - Knowledge - INFO - [kw18] Queue=811, InProgress=0, PendingWorkers=20/20, Completed=524/1455 (36.0%)
2026-03-02 07:36:34,107 - Knowledge - INFO - [LLM_CALL] Completed: index.html:chunk1, Duration: 95ms, PromptTokens: 6434, CompletionTokens: 59, Cost: $0.00067
2026-03-02 07:36:34,262 - Knowledge - INFO - Worker kw16 processing /app/data/T0015/327504/b918650/lu5-327504/docs/v0.0.4/shapes/arc/meta.json
2026-03-02 07:36:34,340 - Knowledge - INFO - process ingested knowledge for /app/data/T0015/327504/b918650/lu5-327504/docs/v0.1.7/mouse/mouseReleased/index.html
2026-03-02 07:36:34,444 - Knowledge - INFO - Fast-tracked /app/data/T0015/327504/b918650/lu5-327504/docs/v0.0.4/shapes/rect/meta.json (ext=.json, size=423)
2026-03-02 07:36:34,671 - Knowledge - INFO - Worker kw5 processing /app/data/T0015/327504/b918650/lu5-327504/docs/v0.0.4/math/min/index.html
2026-03-02 07:36:34,766 - Knowledge - INFO - Worker kw15 processing /app/data/T0015/327504/b918650/lu5-327504/docs/v0.0.4/math/sin/index.html
2026-03-02 07:36:34,861 - Knowledge - INFO - Worker kw19 processing /app/data/T0015/327504/b918650/lu5-327504/docs/v0.0.4/shapes/beginShape/index.html
2026-03-02 07:36:34,964 - Knowledge - INFO - process ingested knowledge for /app/data/T0015/327504/b918650/lu5-327504/docs/v0.1.7/classes/index.html
2026-03-02 07:36:35,042 - Knowledge - INFO - Fast-tracked /app/data/T0015/327504/b918650/lu5-327504/docs/v0.0.4/math/map/meta.json (ext=.json, size=574)
2026-03-02 07:36:35,136 - Knowledge - INFO - process ingested knowledge for /app/data/T0015/327504/b918650/lu5-327504/docs/v0.1.7/camera/orbitControl/meta.json
2026-03-02 07:36:35,298 - Knowledge - INFO - Worker kw6 processing /app/data/T0015/327504/b918650/lu5-327504/docs/v0.0.4/math/ceil/meta.json
2026-03-02 07:36:35,382 - Knowledge - INFO - Worker kw20 processing /app/data/T0015/327504/b918650/lu5-327504/docs/v0.0.4/classes/index.html
2026-03-02 07:36:35,468 - Knowledge - INFO - Batch sizing: calculated=8, max_allowed=10, queue=811, active_workers=20/20
2026-03-02 07:36:35,558 - Knowledge - INFO - done ingest for /app/data/T0015/327504/b918650/lu5-327504/docs/v0.1.7/shapes3D/box/index.html
2026-03-02 07:36:35,559 - Knowledge - INFO - done ingest for /app/data/T0015/327504/b918650/lu5-327504/docs/v0.1.7/vector/createVector/index.html
2026-03-02 07:36:35,559 - Knowledge - INFO - [kw9] Queue=811, InProgress=0, PendingWorkers=20/20, Completed=532/1455 (36.6%)
2026-03-02 07:36:35,559 - Knowledge - INFO - Processing batch of 8 files
2026-03-02 07:36:35,721 - Knowledge - INFO - Fast-tracked /app/data/T0015/327504/b918650/lu5-327504/docs/v0.0.4/shapes/arc/meta.json (ext=.json, size=207)
2026-03-02 07:36:35,828 - Knowledge - INFO - process ingested knowledge for /app/data/T0015/327504/b918650/lu5-327504/docs/v0.1.7/mouse/mouseReleased/meta.json
2026-03-02 07:36:35,954 - Knowledge - INFO - Worker kw7 processing /app/data/T0015/327504/b918650/lu5-327504/docs/v0.0.4/shapes/square/index.html
2026-03-02 07:36:36,078 - Knowledge - INFO - Worker kw5 processing /app/data/T0015/327504/b918650/lu5-327504/docs/v0.0.4/math/min/meta.json
2026-03-02 07:36:36,158 - Knowledge - INFO - Worker kw15 processing /app/data/T0015/327504/b918650/lu5-327504/docs/v0.0.4/math/sin/meta.json
2026-03-02 07:36:36,240 - Knowledge - INFO - Worker kw19 processing /app/data/T0015/327504/b918650/lu5-327504/docs/v0.0.4/shapes/beginShape/meta.json
2026-03-02 07:36:36,401 - Knowledge - INFO - Worker kw3 processing /app/data/T0015/327504/b918650/lu5-327504/docs/v0.0.4/math/constrain/index.html
2026-03-02 07:36:36,559 - Knowledge - INFO - process ingested knowledge for /app/data/T0015/327504/b918650/lu5-327504/docs/v0.1.7/camera/index.html
2026-03-02 07:36:36,643 - Knowledge - INFO - Fast-tracked /app/data/T0015/327504/b918650/lu5-327504/docs/v0.0.4/math/ceil/meta.json (ext=.json, size=475)
2026-03-02 07:36:36,755 - Knowledge - INFO - Worker kw20 processing /app/data/T0015/327504/b918650/lu5-327504/docs/v0.0.4/setting/strokeWeight/index.html
2026-03-02 07:36:36,897 - Knowledge - INFO - [LLM_CALL] Completed: index.html:chunk1, Duration: 277ms, PromptTokens: 5656, CompletionTokens: 59, Cost: $0.00059
2026-03-02 07:36:37,181 - Knowledge - INFO - Batch sizing: calculated=8, max_allowed=10, queue=811, active_workers=20/20
2026-03-02 07:36:37,281 - Knowledge - INFO - process ingested knowledge for /app/data/T0015/327504/b918650/lu5-327504/docs/v0.1.7/vector/Vector.add/index.html
2026-03-02 07:36:37,412 - Knowledge - INFO - Worker kw16 processing /app/data/T0015/327504/b918650/lu5-327504/docs/v0.0.4/shapes/ellipse/index.html
2026-03-02 07:36:37,522 - Knowledge - INFO - process ingested knowledge for /app/data/T0015/327504/b918650/lu5-327504/docs/v0.1.7/mouse/mouseWheel/index.html
2026-03-02 07:36:37,666 - Knowledge - INFO - Worker kw7 processing /app/data/T0015/327504/b918650/lu5-327504/docs/v0.0.4/shapes/square/meta.json
2026-03-02 07:36:37,740 - Knowledge - INFO - Fast-tracked /app/data/T0015/327504/b918650/lu5-327504/docs/v0.0.4/math/min/meta.json (ext=.json, size=530)
2026-03-02 07:36:37,824 - Knowledge - INFO - Fast-tracked /app/data/T0015/327504/b918650/lu5-327504/docs/v0.0.4/math/sin/meta.json (ext=.json, size=319)
2026-03-02 07:36:37,832 - Knowledge - INFO - Async storage completed for 8 embeddings
2026-03-02 07:36:37,896 - Knowledge - INFO - Fast-tracked /app/data/T0015/327504/b918650/lu5-327504/docs/v0.0.4/shapes/beginShape/meta.json (ext=.json, size=612)
2026-03-02 07:36:38,021 - Knowledge - INFO - Worker kw3 processing /app/data/T0015/327504/b918650/lu5-327504/docs/v0.0.4/math/constrain/meta.json
2026-03-02 07:36:38,119 - Knowledge - INFO - process ingested knowledge for /app/data/T0015/327504/b918650/lu5-327504/docs/v0.1.7/image/Image.crop/index.html
2026-03-02 07:36:38,264 - Knowledge - INFO - Worker kw6 processing /app/data/T0015/327504/b918650/lu5-327504/docs/v0.0.4/math/HALF_PI/index.html
2026-03-02 07:36:38,346 - Knowledge - INFO - Worker kw20 processing /app/data/T0015/327504/b918650/lu5-327504/docs/v0.0.4/setting/strokeWeight/meta.json
2026-03-02 07:36:38,442 - Knowledge - INFO - done ingest for /app/data/T0015/327504/b918650/lu5-327504/docs/v0.1.7/typography/textAlign/index.html
2026-03-02 07:36:38,442 - Knowledge - INFO - Async storing batch of 10 embeddings
2026-03-02 07:36:38,443 - Knowledge - INFO - [LLM_CALL] Completed: index.html:chunk1, Duration: 0ms, PromptTokens: 11158, CompletionTokens: 59, Cost: $0.00114
2026-03-02 07:36:38,650 - Knowledge - INFO - process ingested knowledge for /app/data/T0015/327504/b918650/lu5-327504/docs/v0.1.7/vector/Vector.add/meta.json
2026-03-02 07:36:38,734 - Knowledge - INFO - Worker kw16 processing /app/data/T0015/327504/b918650/lu5-327504/docs/v0.0.4/shapes/ellipse/meta.json
2026-03-02 07:36:38,813 - Knowledge - INFO - process ingested knowledge for /app/data/T0015/327504/b918650/lu5-327504/docs/v0.1.7/mouse/mouseWheel/meta.json
2026-03-02 07:36:38,912 - Knowledge - INFO - Fast-tracked /app/data/T0015/327504/b918650/lu5-327504/docs/v0.0.4/shapes/square/meta.json (ext=.json, size=387)
2026-03-02 07:36:38,994 - Knowledge - INFO - Worker kw5 processing /app/data/T0015/327504/b918650/lu5-327504/docs/v0.0.4/math/QUARTER_PI/index.html
2026-03-02 07:36:39,122 - Knowledge - INFO - Worker kw15 processing /app/data/T0015/327504/b918650/lu5-327504/docs/v0.0.4/math/abs/index.html
2026-03-02 07:36:39,427 - Knowledge - INFO - Fast-tracked /app/data/T0015/327504/b918650/lu5-327504/docs/v0.0.4/math/constrain/meta.json (ext=.json, size=438)
2026-03-02 07:36:39,525 - Knowledge - INFO - process ingested knowledge for /app/data/T0015/327504/b918650/lu5-327504/docs/v0.1.7/image/Image.crop/meta.json
2026-03-02 07:36:39,640 - Knowledge - INFO - Worker kw6 processing /app/data/T0015/327504/b918650/lu5-327504/docs/v0.0.4/math/HALF_PI/meta.json
2026-03-02 07:36:39,717 - Knowledge - INFO - Fast-tracked /app/data/T0015/327504/b918650/lu5-327504/docs/v0.0.4/setting/strokeWeight/meta.json (ext=.json, size=323)
2026-03-02 07:36:40,024 - Knowledge - INFO - Worker kw18 processing /app/data/T0015/327504/b918650/lu5-327504/docs/v0.0.4/setting/stroke/meta.json
2026-03-02 07:36:40,180 - Knowledge - INFO - done ingest for /app/data/T0015/327504/b918650/lu5-327504/docs/v0.1.7/shapes3D/index.html
2026-03-02 07:36:40,180 - Knowledge - INFO - done ingest for /app/data/T0015/327504/b918650/lu5-327504/docs/v0.1.7/shapes3D/plane/index.html
2026-03-02 07:36:40,181 - Knowledge - INFO - [kw4] Queue=795, InProgress=0, PendingWorkers=20/20, Completed=532/1455 (36.6%)
2026-03-02 07:36:40,182 - Knowledge - INFO - [LLM_CALL] Completed: index.html:chunk1, Duration: 0ms, PromptTokens: 5646, CompletionTokens: 59, Cost: $0.00059
2026-03-02 07:36:40,270 - Knowledge - INFO - process ingested knowledge for /app/data/T0015/327504/b918650/lu5-327504/docs/v0.1.7/vector/Vector.print/index.html
2026-03-02 07:36:40,382 - Knowledge - INFO - Fast-tracked /app/data/T0015/327504/b918650/lu5-327504/docs/v0.0.4/shapes/ellipse/meta.json (ext=.json, size=221)
2026-03-02 07:36:40,502 - Knowledge - INFO - process ingested knowledge for /app/data/T0015/327504/b918650/lu5-327504/docs/v0.1.7/mouse/pmouseX/index.html
2026-03-02 07:36:40,581 - Knowledge - INFO - Worker kw7 processing /app/data/T0015/327504/b918650/lu5-327504/docs/v0.0.4/shapes/quad/index.html
2026-03-02 07:36:40,732 - Knowledge - INFO - Worker kw5 processing /app/data/T0015/327504/b918650/lu5-327504/docs/v0.0.4/math/QUARTER_PI/meta.json
2026-03-02 07:36:40,809 - Knowledge - INFO - Worker kw15 processing /app/data/T0015/327504/b918650/lu5-327504/docs/v0.0.4/math/abs/meta.json
2026-03-02 07:36:40,885 - Knowledge - INFO - Worker kw3 processing /app/data/T0015/327504/b918650/lu5-327504/docs/v0.0.4/math/PI/index.html
2026-03-02 07:36:40,996 - Knowledge - INFO - process ingested knowledge for /app/data/T0015/327504/b918650/lu5-327504/docs/v0.1.7/image/image/index.html
2026-03-02 07:36:41,099 - Knowledge - INFO - Fast-tracked /app/data/T0015/327504/b918650/lu5-327504/docs/v0.0.4/math/HALF_PI/meta.json (ext=.json, size=190)
2026-03-02 07:36:41,186 - Knowledge - INFO - Worker kw20 processing /app/data/T0015/327504/b918650/lu5-327504/docs/v0.0.4/setting/push/index.html
2026-03-02 07:36:41,300 - Knowledge - INFO - Fast-tracked /app/data/T0015/327504/b918650/lu5-327504/docs/v0.0.4/setting/stroke/meta.json (ext=.json, size=485)
2026-03-02 07:36:41,576 - Knowledge - INFO - Batch sizing: calculated=8, max_allowed=10, queue=795, active_workers=20/20
2026-03-02 07:36:41,702 - Knowledge - INFO - done ingest for /app/data/T0015/327504/b918650/lu5-327504/docs/v0.1.7/typography/textSize/index.html
2026-03-02 07:36:41,703 - Knowledge - INFO - done ingest for /app/data/T0015/327504/b918650/lu5-327504/docs/v0.1.7/typography/loadFont/index.html
2026-03-02 07:36:41,703 - Knowledge - INFO - done ingest for /app/data/T0015/327504/b918650/lu5-327504/docs/v0.1.7/shapes3D/torus/index.html
2026-03-02 07:36:41,703 - Knowledge - INFO - Async storing batch of 8 embeddings
2026-03-02 07:36:41,849 - Knowledge - INFO - process ingested knowledge for /app/data/T0015/327504/b918650/lu5-327504/docs/v0.1.7/vector/Vector.print/meta.json
2026-03-02 07:36:41,982 - Knowledge - INFO - Worker kw16 processing /app/data/T0015/327504/b918650/lu5-327504/docs/v0.0.4/shapes/vertex/index.html
2026-03-02 07:36:42,010 - Knowledge - INFO - done ingest for /app/data/T0015/327504/b918650/lu5-327504/docs/v0.1.7/vector/index.html
2026-03-02 07:36:42,191 - Knowledge - INFO - Worker kw7 processing /app/data/T0015/327504/b918650/lu5-327504/docs/v0.0.4/shapes/quad/meta.json
2026-03-02 07:36:42,299 - Knowledge - INFO - Fast-tracked /app/data/T0015/327504/b918650/lu5-327504/docs/v0.0.4/math/QUARTER_PI/meta.json (ext=.json, size=193)
2026-03-02 07:36:42,420 - Knowledge - INFO - Fast-tracked /app/data/T0015/327504/b918650/lu5-327504/docs/v0.0.4/math/abs/meta.json (ext=.json, size=438)
2026-03-02 07:36:42,494 - Knowledge - INFO - Worker kw3 processing /app/data/T0015/327504/b918650/lu5-327504/docs/v0.0.4/math/PI/meta.json
2026-03-02 07:36:42,625 - Knowledge - INFO - process ingested knowledge for /app/data/T0015/327504/b918650/lu5-327504/docs/v0.1.7/image/image/meta.json
2026-03-02 07:36:42,721 - Knowledge - INFO - Worker kw6 processing /app/data/T0015/327504/b918650/lu5-327504/docs/v0.0.4/math/tan/index.html
2026-03-02 07:36:42,732 - Knowledge - INFO - Async storage completed for 10 embeddings
2026-03-02 07:36:42,816 - Knowledge - INFO - Worker kw20 processing /app/data/T0015/327504/b918650/lu5-327504/docs/v0.0.4/setting/push/meta.json
2026-03-02 07:36:42,903 - Knowledge - INFO - Worker kw18 processing /app/data/T0015/327504/b918650/lu5-327504/docs/v0.0.4/setting/noFill/index.html
2026-03-02 07:36:43,043 - Knowledge - INFO - Async storing batch of 10 embeddings
2026-03-02 07:36:43,260 - Knowledge - INFO - [LLM_CALL] Completed: index.html:chunk1, Duration: 602ms, PromptTokens: 8830, CompletionTokens: 59, Cost: $0.00091
2026-03-02 07:36:43,505 - Knowledge - INFO - Worker kw9 processing /app/data/T0015/327504/b918650/lu5-327504/docs/v0.0.4/setting/pop/index.html
2026-03-02 07:36:43,626 - Knowledge - INFO - process ingested knowledge for /app/data/T0015/327504/b918650/lu5-327504/docs/v0.1.7/vector/Vector.idiv/index.html
2026-03-02 07:36:43,724 - Knowledge - INFO - Worker kw16 processing /app/data/T0015/327504/b918650/lu5-327504/docs/v0.0.4/shapes/vertex/meta.json
2026-03-02 07:36:43,898 - Knowledge - INFO - Fast-tracked /app/data/T0015/327504/b918650/lu5-327504/docs/v0.0.4/shapes/quad/meta.json (ext=.json, size=723)
2026-03-02 07:36:43,981 - Knowledge - INFO - Worker kw5 processing /app/data/T0015/327504/b918650/lu5-327504/docs/v0.0.4/math/TWO_PI/index.html
2026-03-02 07:36:44,058 - Knowledge - INFO - Worker kw15 processing /app/data/T0015/327504/b918650/lu5-327504/docs/v0.0.4/math/max/index.html
2026-03-02 07:36:44,166 - Knowledge - INFO - Fast-tracked /app/data/T0015/327504/b918650/lu5-327504/docs/v0.0.4/math/PI/meta.json (ext=.json, size=185)
2026-03-02 07:36:44,244 - Knowledge - INFO - process ingested knowledge for /app/data/T0015/327504/b918650/lu5-327504/docs/v0.1.7/image/loadImage/index.html
2026-03-02 07:36:44,378 - Knowledge - INFO - Worker kw6 processing /app/data/T0015/327504/b918650/lu5-327504/docs/v0.0.4/math/tan/meta.json
2026-03-02 07:36:44,550 - Knowledge - INFO - Fast-tracked /app/data/T0015/327504/b918650/lu5-327504/docs/v0.0.4/setting/push/meta.json (ext=.json, size=207)
2026-03-02 07:36:44,641 - Knowledge - INFO - Worker kw18 processing /app/data/T0015/327504/b918650/lu5-327504/docs/v0.0.4/setting/noFill/meta.json
2026-03-02 07:36:44,716 - Knowledge - INFO - Worker kw4 processing /app/data/T0015/327504/b918650/lu5-327504/docs/v0.0.4/keyboard/ENTER/index.html
2026-03-02 07:36:44,793 - Knowledge - INFO - done ingest for /app/data/T0015/327504/b918650/lu5-327504/docs/v0.1.7/index.html
2026-03-02 07:36:44,793 - Knowledge - INFO - done ingest for /app/data/T0015/327504/b918650/lu5-327504/docs/v0.1.7/typography/text/index.html
2026-03-02 07:36:44,796 - Knowledge - INFO - [LLM_CALL] Completed: index.html:chunk1, Duration: 1ms, PromptTokens: 5936, CompletionTokens: 59, Cost: $0.00062
2026-03-02 07:36:44,873 - Knowledge - INFO - Worker kw9 processing /app/data/T0015/327504/b918650/lu5-327504/docs/v0.0.4/setting/pop/meta.json
2026-03-02 07:36:44,998 - Knowledge - INFO - process ingested knowledge for /app/data/T0015/327504/b918650/lu5-327504/docs/v0.1.7/vector/Vector.idiv/meta.json
2026-03-02 07:36:45,127 - Knowledge - INFO - Fast-tracked /app/data/T0015/327504/b918650/lu5-327504/docs/v0.0.4/shapes/vertex/meta.json (ext=.json, size=373)
2026-03-02 07:36:45,223 - Knowledge - INFO - Worker kw7 processing /app/data/T0015/327504/b918650/lu5-327504/docs/v0.0.4/shapes/index.html
2026-03-02 07:36:45,287 - Knowledge - INFO - Worker kw5 processing /app/data/T0015/327504/b918650/lu5-327504/docs/v0.0.4/math/TWO_PI/meta.json
2026-03-02 07:36:45,382 - Knowledge - INFO - Worker kw15 processing /app/data/T0015/327504/b918650/lu5-327504/docs/v0.0.4/math/max/meta.json
2026-03-02 07:36:45,463 - Knowledge - INFO - Worker kw3 processing /app/data/T0015/327504/b918650/lu5-327504/docs/v0.0.4/math/cos/index.html
2026-03-02 07:36:45,700 - Knowledge - INFO - Fast-tracked /app/data/T0015/327504/b918650/lu5-327504/docs/v0.0.4/math/tan/meta.json (ext=.json, size=322)
2026-03-02 07:36:45,774 - Knowledge - INFO - Worker kw20 processing /app/data/T0015/327504/b918650/lu5-327504/docs/v0.0.4/setting/background/index.html
2026-03-02 07:36:45,916 - Knowledge - INFO - Fast-tracked /app/data/T0015/327504/b918650/lu5-327504/docs/v0.0.4/setting/noFill/meta.json (ext=.json, size=198)
2026-03-02 07:36:46,020 - Knowledge - INFO - Worker kw4 processing /app/data/T0015/327504/b918650/lu5-327504/docs/v0.0.4/keyboard/ENTER/meta.json
2026-03-02 07:36:46,311 - Knowledge - INFO - Async storage completed for 10 embeddings
2026-03-02 07:36:46,364 - Knowledge - INFO - done ingest for /app/data/T0015/327504/b918650/lu5-327504/docs/v0.1.7/shapes3D/cylinder/index.html
2026-03-02 07:36:46,381 - Knowledge - INFO - Processing batch of 8 files
2026-03-02 07:36:46,390 - Knowledge - INFO - [LLM_CALL] Completed: index.html:chunk1, Duration: 2ms, PromptTokens: 4520, CompletionTokens: 59, Cost: $0.00048
2026-03-02 07:36:46,475 - Knowledge - INFO - Fast-tracked /app/data/T0015/327504/b918650/lu5-327504/docs/v0.0.4/setting/pop/meta.json (ext=.json, size=210)
2026-03-02 07:36:46,577 - Knowledge - INFO - process ingested knowledge for /app/data/T0015/327504/b918650/lu5-327504/docs/v0.1.7/vector/Vector.mult/index.html
2026-03-02 07:36:46,788 - Knowledge - INFO - Worker kw7 processing /app/data/T0015/327504/b918650/lu5-327504/docs/v0.0.4/math/round/index.html
2026-03-02 07:36:46,945 - Knowledge - INFO - Fast-tracked /app/data/T0015/327504/b918650/lu5-327504/docs/v0.0.4/math/TWO_PI/meta.json (ext=.json, size=189)
2026-03-02 07:36:47,023 - Knowledge - INFO - Fast-tracked /app/data/T0015/327504/b918650/lu5-327504/docs/v0.0.4/math/max/meta.json (ext=.json, size=528)
2026-03-02 07:36:47,150 - Knowledge - INFO - Worker kw3 processing /app/data/T0015/327504/b918650/lu5-327504/docs/v0.0.4/math/cos/meta.json
2026-03-02 07:36:47,249 - Knowledge - INFO - Worker kw6 processing /app/data/T0015/327504/b918650/lu5-327504/docs/v0.0.4/math/index.html
2026-03-02 07:36:47,352 - Knowledge - INFO - Worker kw20 processing /app/data/T0015/327504/b918650/lu5-327504/docs/v0.0.4/setting/background/meta.json
2026-03-02 07:36:47,437 - Knowledge - INFO - Worker kw18 processing /app/data/T0015/327504/b918650/lu5-327504/docs/v0.0.4/setting/noStroke/index.html
2026-03-02 07:36:47,518 - Knowledge - INFO - Fast-tracked /app/data/T0015/327504/b918650/lu5-327504/docs/v0.0.4/keyboard/ENTER/meta.json (ext=.json, size=186)
2026-03-02 07:36:47,856 - Knowledge - INFO - process ingested knowledge for /app/data/T0015/327504/b918650/lu5-327504/docs/v0.1.7/vector/Vector/index.html
2026-03-02 07:36:47,949 - Knowledge - INFO - done ingest for /app/data/T0015/327504/b918650/lu5-327504/docs/v0.0.4/window/windowResized/index.html
2026-03-02 07:36:47,955 - Knowledge - INFO - [kw10] Queue=787, InProgress=0, PendingWorkers=20/20, Completed=548/1455 (37.7%)
2026-03-02 07:36:47,957 - Knowledge - INFO - Processing batch of 8 files
2026-03-02 07:36:47,957 - Knowledge - INFO - [LLM_CALL] Completed: index.html:chunk1, Duration: 2ms, PromptTokens: 4582, CompletionTokens: 59, Cost: $0.00048
2026-03-02 07:36:48,037 - Knowledge - INFO - Worker kw9 processing /app/data/T0015/327504/b918650/lu5-327504/docs/v0.0.4/keyboard/RIGHT_ARROW/index.html
2026-03-02 07:36:48,117 - Knowledge - INFO - process ingested knowledge for /app/data/T0015/327504/b918650/lu5-327504/docs/v0.1.7/vector/Vector.mult/meta.json
2026-03-02 07:36:48,328 - Knowledge - INFO - Worker kw5 processing /app/data/T0015/327504/b918650/lu5-327504/docs/v0.0.4/math/floor/index.html
2026-03-02 07:36:48,492 - Knowledge - INFO - Worker kw15 processing /app/data/T0015/327504/b918650/lu5-327504/docs/v0.0.4/math/map/index.html
2026-03-02 07:36:48,606 - Knowledge - INFO - Fast-tracked /app/data/T0015/327504/b918650/lu5-327504/docs/v0.0.4/math/cos/meta.json (ext=.json, size=321)
2026-03-02 07:36:48,695 - Knowledge - INFO - Worker kw6 processing /app/data/T0015/327504/b918650/lu5-327504/docs/v0.0.4/classes/class/index.html
2026-03-02 07:36:48,788 - Knowledge - INFO - Fast-tracked /app/data/T0015/327504/b918650/lu5-327504/docs/v0.0.4/setting/background/meta.json (ext=.json, size=392)
2026-03-02 07:36:48,873 - Knowledge - INFO - Worker kw18 processing /app/data/T0015/327504/b918650/lu5-327504/docs/v0.0.4/setting/noStroke/meta.json
2026-03-02 07:36:48,978 - Knowledge - INFO - Worker kw4 processing /app/data/T0015/327504/b918650/lu5-327504/docs/v0.0.4/keyboard/keyReleased/index.html
2026-03-02 07:36:49,085 - Knowledge - INFO - process ingested knowledge for /app/data/T0015/327504/b918650/lu5-327504/docs/v0.1.7/vector/Vector/meta.json
2026-03-02 07:36:49,286 - Knowledge - INFO - Batch sizing: calculated=8, max_allowed=10, queue=787, active_workers=20/20
2026-03-02 07:36:49,366 - Knowledge - INFO - process ingested knowledge for /app/data/T0015/327504/b918650/lu5-327504/docs/v0.1.7/shapes3D/plane/meta.json
2026-03-02 07:36:49,453 - Knowledge - INFO - done ingest for /app/data/T0015/327504/b918650/lu5-327504/docs/v0.0.4/io/print/index.html
2026-03-02 07:36:49,454 - Knowledge - INFO - [WEBSOCKET] Sent: Type=progress_update, Size: 296, Duration: 1500ms
2026-03-02 07:36:49,581 - Knowledge - INFO - Worker kw9 processing /app/data/T0015/327504/b918650/lu5-327504/docs/v0.0.4/keyboard/RIGHT_ARROW/meta.json
2026-03-02 07:36:49,951 - Knowledge - INFO - Worker kw3 processing /app/data/T0015/327504/b918650/lu5-327504/docs/v0.0.4/math/ceil/index.html
2026-03-02 07:36:50,034 - Knowledge - INFO - Worker kw6 processing /app/data/T0015/327504/b918650/lu5-327504/docs/v0.0.4/classes/class/meta.json
2026-03-02 07:36:50,158 - Knowledge - INFO - Worker kw20 processing /app/data/T0015/327504/b918650/lu5-327504/docs/v0.0.4/setting/stroke/index.html
2026-03-02 07:36:50,288 - Knowledge - INFO - Fast-tracked /app/data/T0015/327504/b918650/lu5-327504/docs/v0.0.4/setting/noStroke/meta.json (ext=.json, size=303)
2026-03-02 07:36:50,402 - Knowledge - INFO - Worker kw4 processing /app/data/T0015/327504/b918650/lu5-327504/docs/v0.0.4/keyboard/keyReleased/meta.json
2026-03-02 07:36:50,478 - Knowledge - INFO - process ingested knowledge for /app/data/T0015/327504/b918650/lu5-327504/docs/v0.1.7/vector/Vector.sub/index.html
2026-03-02 07:36:50,669 - Knowledge - INFO - process ingested knowledge for /app/data/T0015/327504/b918650/lu5-327504/docs/v0.1.7/shapes3D/cylinder/index.html
2026-03-02 07:36:50,852 - Knowledge - INFO - done ingest for /app/data/T0015/327504/b918650/lu5-327504/docs/v0.1.7/shapes3D/sphere/index.html
2026-03-02 07:36:50,886 - Knowledge - INFO - [LLM_CALL] Completed: index.html:chunk1, Duration: 18ms, PromptTokens: 4744, CompletionTokens: 59, Cost: $0.00050
2026-03-02 07:36:50,983 - Knowledge - INFO - Fast-tracked /app/data/T0015/327504/b918650/lu5-327504/docs/v0.0.4/keyboard/RIGHT_ARROW/meta.json (ext=.json, size=192)
2026-03-02 07:36:51,155 - Knowledge - INFO - Fast-tracked /app/data/T0015/327504/b918650/lu5-327504/docs/v0.0.4/classes/class/meta.json (ext=.json, size=680)
2026-03-02 07:36:51,336 - Knowledge - INFO - Worker kw18 processing /app/data/T0015/327504/b918650/lu5-327504/docs/v0.0.4/setting/index.html
2026-03-02 07:36:51,439 - Knowledge - INFO - Fast-tracked /app/data/T0015/327504/b918650/lu5-327504/docs/v0.0.4/keyboard/keyReleased/meta.json (ext=.json, size=272)
2026-03-02 07:36:51,530 - Knowledge - INFO - process ingested knowledge for /app/data/T0015/327504/b918650/lu5-327504/docs/v0.1.7/vector/Vector.sub/meta.json
2026-03-02 07:36:51,626 - Knowledge - INFO - process ingested knowledge for /app/data/T0015/327504/b918650/lu5-327504/docs/v0.1.7/shapes3D/cylinder/meta.json
2026-03-02 07:36:51,848 - Knowledge - INFO - done ingest for /app/data/T0015/327504/b918650/lu5-327504/docs/v0.0.4/window/deltaTime/index.html
2026-03-02 07:36:51,849 - Knowledge - INFO - [LLM_CALL] Completed: index.html:chunk1, Duration: 0ms, PromptTokens: 4338, CompletionTokens: 59, Cost: $0.00046
2026-03-02 07:36:51,947 - Knowledge - INFO - Worker kw9 processing /app/data/T0015/327504/b918650/lu5-327504/docs/v0.0.4/keyboard/DOWN_ARROW/index.html
2026-03-02 07:36:52,192 - Knowledge - INFO - Worker kw18 processing /app/data/T0015/327504/b918650/lu5-327504/docs/v0.0.4/setting/fill/index.html
2026-03-02 07:36:52,301 - Knowledge - INFO - Worker kw4 processing /app/data/T0015/327504/b918650/lu5-327504/docs/v0.0.4/keyboard/LEFT_ARROW/index.html
2026-03-02 07:36:52,378 - Knowledge - INFO - process ingested knowledge for /app/data/T0015/327504/b918650/lu5-327504/docs/v0.1.7/vector/index.html
2026-03-02 07:36:52,517 - Knowledge - INFO - process ingested knowledge for /app/data/T0015/327504/b918650/lu5-327504/docs/v0.1.7/shapes3D/box/index.html
2026-03-02 07:36:52,688 - Knowledge - INFO - done ingest for /app/data/T0015/327504/b918650/lu5-327504/docs/v0.0.4/io/index.html
2026-03-02 07:36:52,689 - Knowledge - INFO - [WEBSOCKET] Sent: Type=unknown, Size: ?, Duration: 4736ms
2026-03-02 07:36:52,690 - Knowledge - INFO - Async storing batch of 8 embeddings
2026-03-02 07:36:52,778 - Knowledge - INFO - Worker kw9 processing /app/data/T0015/327504/b918650/lu5-327504/docs/v0.0.4/keyboard/DOWN_ARROW/meta.json
2026-03-02 07:36:52,903 - Knowledge - INFO - Worker kw18 processing /app/data/T0015/327504/b918650/lu5-327504/docs/v0.0.4/setting/fill/meta.json
2026-03-02 07:36:53,008 - Knowledge - INFO - Worker kw4 processing /app/data/T0015/327504/b918650/lu5-327504/docs/v0.0.4/keyboard/LEFT_ARROW/meta.json
2026-03-02 07:36:53,084 - Knowledge - INFO - process ingested knowledge for /app/data/T0015/327504/b918650/lu5-327504/docs/v0.1.7/vector/createVector/index.html
2026-03-02 07:36:53,115 - Knowledge - INFO - Async storage completed for 10 embeddings
2026-03-02 07:36:53,176 - Knowledge - INFO - process ingested knowledge for /app/data/T0015/327504/b918650/lu5-327504/docs/v0.1.7/shapes3D/box/meta.json
2026-03-02 07:36:53,416 - Knowledge - INFO - Progress: 37.7% | Files: 548/1455 | Rate: 1.58 files/sec | Queue: 779
2026-03-02 07:36:53,416 - Knowledge - INFO - [LLM_CALL] Completed: index.html:chunk1, Duration: 728ms, PromptTokens: 10906, CompletionTokens: 59, Cost: $0.00111
2026-03-02 07:36:53,497 - Knowledge - INFO - Worker kw10 processing /app/data/T0015/327504/b918650/lu5-327504/docs/v0.0.4/keyboard/isKeyDown/index.html
2026-03-02 07:36:53,643 - Knowledge - INFO - Fast-tracked /app/data/T0015/327504/b918650/lu5-327504/docs/v0.0.4/keyboard/DOWN_ARROW/meta.json (ext=.json, size=191)
2026-03-02 07:36:53,720 - Knowledge - INFO - Fast-tracked /app/data/T0015/327504/b918650/lu5-327504/docs/v0.0.4/setting/fill/meta.json (ext=.json, size=508)
2026-03-02 07:36:53,862 - Knowledge - INFO - Fast-tracked /app/data/T0015/327504/b918650/lu5-327504/docs/v0.0.4/keyboard/LEFT_ARROW/meta.json (ext=.json, size=191)
2026-03-02 07:36:53,961 - Knowledge - INFO - process ingested knowledge for /app/data/T0015/327504/b918650/lu5-327504/docs/v0.1.7/vector/createVector/meta.json
2026-03-02 07:36:54,128 - Knowledge - INFO - process ingested knowledge for /app/data/T0015/327504/b918650/lu5-327504/docs/v0.1.7/shapes3D/torus/index.html
2026-03-02 07:36:54,246 - Knowledge - INFO - [kw12] Queue=779, InProgress=0, PendingWorkers=20/20, Completed=548/1455 (37.7%)
2026-03-02 07:36:54,334 - Knowledge - INFO - done ingest for /app/data/T0015/327504/b918650/lu5-327504/docs/v0.1.7/typography/index.html
2026-03-02 07:36:54,336 - Knowledge - INFO - [LLM_CALL] Completed: index.html:chunk1, Duration: 0ms, PromptTokens: 5592, CompletionTokens: 59, Cost: $0.00058
2026-03-02 07:36:54,423 - Knowledge - INFO - Worker kw10 processing /app/data/T0015/327504/b918650/lu5-327504/docs/v0.0.4/keyboard/isKeyDown/meta.json
2026-03-02 07:36:54,511 - Knowledge - INFO - Worker kw9 processing /app/data/T0015/327504/b918650/lu5-327504/docs/v0.0.4/keyboard/keyHeld/index.html
2026-03-02 07:36:54,739 - Knowledge - INFO - Worker kw4 processing /app/data/T0015/327504/b918650/lu5-327504/docs/v0.0.4/keyboard/BACKSPACE/index.html
2026-03-02 07:36:54,822 - Knowledge - INFO - process ingested knowledge for /app/data/T0015/327504/b918650/lu5-327504/docs/v0.1.7/shapes3D/plane/index.html
2026-03-02 07:36:54,940 - Knowledge - INFO - process ingested knowledge for /app/data/T0015/327504/b918650/lu5-327504/docs/v0.1.7/shapes3D/torus/meta.json
2026-03-02 07:36:55,024 - Knowledge - INFO - Batch sizing: calculated=8, max_allowed=10, queue=779, active_workers=20/20
2026-03-02 07:36:55,241 - Knowledge - INFO - done ingest for /app/data/T0015/327504/b918650/lu5-327504/docs/v0.1.7/typography/textFont/index.html
2026-03-02 07:36:55,241 - Knowledge - INFO - [kw14] Queue=779, InProgress=0, PendingWorkers=20/20, Completed=556/1455 (38.2%)
2026-03-02 07:36:55,247 - Knowledge - INFO - done ingest for /app/data/T0015/327504/b918650/lu5-327504/docs/v0.0.4/window/width/index.html
2026-03-02 07:36:55,257 - Knowledge - INFO - done ingest for /app/data/T0015/327504/b918650/lu5-327504/docs/v0.0.4/window/frameRate/index.html
2026-03-02 07:36:55,270 - Knowledge - INFO - Processing batch of 8 files
2026-03-02 07:36:55,359 - Knowledge - INFO - [LLM_CALL] Completed: index.html:chunk1, Duration: 90ms, PromptTokens: 4908, CompletionTokens: 59, Cost: $0.00051
2026-03-02 07:36:55,369 - Knowledge - INFO - Fast-tracked /app/data/T0015/327504/b918650/lu5-327504/docs/v0.0.4/keyboard/isKeyDown/meta.json (ext=.json, size=677)
2026-03-02 07:36:55,446 - Knowledge - INFO - Worker kw9 processing /app/data/T0015/327504/b918650/lu5-327504/docs/v0.0.4/keyboard/keyHeld/meta.json
2026-03-02 07:36:55,532 - Knowledge - INFO - Worker kw4 processing /app/data/T0015/327504/b918650/lu5-327504/docs/v0.0.4/keyboard/BACKSPACE/meta.json
2026-03-02 07:36:55,711 - Knowledge - INFO - process ingested knowledge for /app/data/T0015/327504/b918650/lu5-327504/docs/v0.1.7/shapes3D/index.html
2026-03-02 07:36:55,992 - Knowledge - INFO - Batch sizing: calculated=8, max_allowed=10, queue=779, active_workers=20/20
2026-03-02 07:36:56,343 - Knowledge - INFO - process ingested knowledge for /app/data/T0015/327504/b918650/lu5-327504/docs/v0.1.7/typography/textFont/meta.json
2026-03-02 07:36:56,439 - Knowledge - INFO - done ingest for /app/data/T0015/327504/b918650/lu5-327504/docs/v0.0.4/shapes/beginShape/index.html
2026-03-02 07:36:56,443 - Knowledge - INFO - Processing batch of 8 files
2026-03-02 07:36:56,444 - Knowledge - INFO - [LLM_CALL] Completed: index.html:chunk1, Duration: 0ms, PromptTokens: 4670, CompletionTokens: 59, Cost: $0.00049
2026-03-02 07:36:56,444 - Knowledge - INFO - Async storing batch of 8 embeddings
2026-03-02 07:36:56,544 - Knowledge - INFO - Worker kw10 processing /app/data/T0015/327504/b918650/lu5-327504/docs/v0.0.4/keyboard/index.html
2026-03-02 07:36:56,643 - Knowledge - INFO - Fast-tracked /app/data/T0015/327504/b918650/lu5-327504/docs/v0.0.4/keyboard/keyHeld/meta.json (ext=.json, size=265)
2026-03-02 07:36:56,770 - Knowledge - INFO - Fast-tracked /app/data/T0015/327504/b918650/lu5-327504/docs/v0.0.4/keyboard/BACKSPACE/meta.json (ext=.json, size=190)
2026-03-02 07:36:57,084 - Knowledge - INFO - process ingested knowledge for /app/data/T0015/327504/b918650/lu5-327504/docs/v0.1.7/typography/text/index.html
2026-03-02 07:36:57,293 - Knowledge - INFO - process ingested knowledge for /app/data/T0015/327504/b918650/lu5-327504/docs/v0.1.7/shapes3D/sphere/index.html
2026-03-02 07:36:57,382 - Knowledge - INFO - done ingest for /app/data/T0015/327504/b918650/lu5-327504/docs/v0.0.4/window/height/index.html
2026-03-02 07:36:57,383 - Knowledge - INFO - done ingest for /app/data/T0015/327504/b918650/lu5-327504/docs/v0.0.4/shapes/line/index.html
2026-03-02 07:36:57,386 - Knowledge - INFO - [kw13] Queue=763, InProgress=0, PendingWorkers=20/20, Completed=564/1455 (38.8%)
2026-03-02 07:36:57,386 - Knowledge - INFO - Async storing batch of 8 embeddings
2026-03-02 07:36:57,460 - Knowledge - INFO - Worker kw12 processing /app/data/T0015/327504/b918650/lu5-327504/docs/v0.0.4/mouse/mouseY/index.html
2026-03-02 07:36:57,551 - Knowledge - INFO - Worker kw10 processing /app/data/T0015/327504/b918650/lu5-327504/docs/v0.0.4/keyboard/keyPressed/index.html
2026-03-02 07:36:57,890 - Knowledge - INFO - process ingested knowledge for /app/data/T0015/327504/b918650/lu5-327504/docs/v0.1.7/typography/text/meta.json
2026-03-02 07:36:58,081 - Knowledge - INFO - process ingested knowledge for /app/data/T0015/327504/b918650/lu5-327504/docs/v0.1.7/shapes3D/sphere/meta.json
2026-03-02 07:36:58,343 - Knowledge - INFO - Batch sizing: calculated=8, max_allowed=10, queue=763, active_workers=20/20
2026-03-02 07:36:58,354 - Knowledge - INFO - [LLM_CALL] Completed: index.html:chunk1, Duration: 531ms, PromptTokens: 4756, CompletionTokens: 59, Cost: $0.00050
2026-03-02 07:36:58,485 - Knowledge - INFO - Worker kw14 processing /app/data/T0015/327504/b918650/lu5-327504/docs/v0.0.4/mouse/index.html
2026-03-02 07:36:58,565 - Knowledge - INFO - Worker kw12 processing /app/data/T0015/327504/b918650/lu5-327504/docs/v0.0.4/mouse/mouseY/meta.json
2026-03-02 07:36:58,654 - Knowledge - INFO - Worker kw10 processing /app/data/T0015/327504/b918650/lu5-327504/docs/v0.0.4/keyboard/keyPressed/meta.json
2026-03-02 07:36:58,753 - Knowledge - INFO - process ingested knowledge for /app/data/T0015/327504/b918650/lu5-327504/docs/v0.1.7/typography/index.html
2026-03-02 07:36:58,839 - Knowledge - INFO - process ingested knowledge for /app/data/T0015/327504/b918650/lu5-327504/docs/v0.1.7/index.html
2026-03-02 07:36:58,996 - Knowledge - INFO - done ingest for /app/data/T0015/327504/b918650/lu5-327504/docs/v0.0.4/window/createWindow/index.html
2026-03-02 07:36:58,998 - Knowledge - INFO - done ingest for /app/data/T0015/327504/b918650/lu5-327504/docs/v0.0.4/window/index.html
2026-03-02 07:36:58,998 - Knowledge - INFO - done ingest for /app/data/T0015/327504/b918650/lu5-327504/docs/v0.0.4/shapes/endShape/index.html
2026-03-02 07:36:58,998 - Knowledge - INFO - [kw2] Queue=755, InProgress=0, PendingWorkers=20/20, Completed=564/1455 (38.8%)
2026-03-02 07:36:58,999 - Knowledge - INFO - Async storing batch of 8 embeddings
2026-03-02 07:36:59,102 - Knowledge - INFO - Worker kw14 processing /app/data/T0015/327504/b918650/lu5-327504/docs/v0.0.4/mouse/mousePressed/index.html
2026-03-02 07:36:59,176 - Knowledge - INFO - Fast-tracked /app/data/T0015/327504/b918650/lu5-327504/docs/v0.0.4/mouse/mouseY/meta.json (ext=.json, size=337)
2026-03-02 07:36:59,270 - Knowledge - INFO - Fast-tracked /app/data/T0015/327504/b918650/lu5-327504/docs/v0.0.4/keyboard/keyPressed/meta.json (ext=.json, size=269)
2026-03-02 07:36:59,362 - Knowledge - INFO - process ingested knowledge for /app/data/T0015/327504/b918650/lu5-327504/docs/v0.1.7/typography/loadFont/index.html
2026-03-02 07:36:59,477 - Knowledge - INFO - process ingested knowledge for /app/data/T0015/327504/b918650/lu5-327504/docs/v0.1.7/typography/textSize/index.html
2026-03-02 07:36:59,590 - Knowledge - INFO - Processing batch of 8 files
2026-03-02 07:36:59,679 - Knowledge - INFO - Processing batch of 8 files
2026-03-02 07:36:59,864 - Knowledge - INFO - Batch sizing: calculated=8, max_allowed=10, queue=755, active_workers=20/20
2026-03-02 07:36:59,944 - Knowledge - INFO - Worker kw13 processing /app/data/T0015/327504/b918650/lu5-327504/docs/v0.0.4/index.html
2026-03-02 07:37:00,055 - Knowledge - INFO - Worker kw14 processing /app/data/T0015/327504/b918650/lu5-327504/docs/v0.0.4/mouse/mousePressed/meta.json
2026-03-02 07:37:00,164 - Knowledge - INFO - Worker kw12 processing /app/data/T0015/327504/b918650/lu5-327504/docs/v0.0.4/mouse/mouseReleased/index.html
2026-03-02 07:37:00,287 - Knowledge - INFO - Worker kw10 processing /app/data/T0015/327504/b918650/lu5-327504/docs/v0.0.4/keyboard/UP_ARROW/index.html
2026-03-02 07:37:00,418 - Knowledge - INFO - process ingested knowledge for /app/data/T0015/327504/b918650/lu5-327504/docs/v0.1.7/typography/loadFont/meta.json
2026-03-02 07:37:00,523 - Knowledge - INFO - process ingested knowledge for /app/data/T0015/327504/b918650/lu5-327504/docs/v0.1.7/typography/textSize/meta.json
2026-03-02 07:37:00,613 - Knowledge - INFO - process ingested knowledge for /app/data/T0015/327504/b918650/lu5-327504/docs/v0.0.4/io/index.html
2026-03-02 07:37:00,731 - Knowledge - INFO - process ingested knowledge for /app/data/T0015/327504/b918650/lu5-327504/docs/v0.0.4/window/height/meta.json
2026-03-02 07:37:00,824 - Knowledge - INFO - Async storing batch of 8 embeddings
2026-03-02 07:37:00,976 - Knowledge - INFO - Worker kw13 processing /app/data/T0015/327504/b918650/lu5-327504/docs/v0.0.4/typography/textSize/index.html
2026-03-02 07:37:01,043 - Knowledge - INFO - Fast-tracked /app/data/T0015/327504/b918650/lu5-327504/docs/v0.0.4/mouse/mousePressed/meta.json (ext=.json, size=638)
2026-03-02 07:37:01,093 - Knowledge - INFO - [LLM_CALL] Completed: index.html:chunk1, Duration: 379ms, PromptTokens: 4688, CompletionTokens: 59, Cost: $0.00049
2026-03-02 07:37:01,121 - Knowledge - INFO - Worker kw12 processing /app/data/T0015/327504/b918650/lu5-327504/docs/v0.0.4/mouse/mouseReleased/meta.json
2026-03-02 07:37:01,239 - Knowledge - INFO - Worker kw10 processing /app/data/T0015/327504/b918650/lu5-327504/docs/v0.0.4/keyboard/UP_ARROW/meta.json
2026-03-02 07:37:01,318 - Knowledge - INFO - process ingested knowledge for /app/data/T0015/327504/b918650/lu5-327504/docs/v0.0.4/io/print/index.html
2026-03-02 07:37:01,433 - Knowledge - INFO - process ingested knowledge for /app/data/T0015/327504/b918650/lu5-327504/docs/v0.1.7/typography/textAlign/index.html
2026-03-02 07:37:01,516 - Knowledge - INFO - process ingested knowledge for /app/data/T0015/327504/b918650/lu5-327504/docs/v0.0.4/window/width/index.html
2026-03-02 07:37:01,605 - Knowledge - INFO - process ingested knowledge for /app/data/T0015/327504/b918650/lu5-327504/docs/v0.0.4/window/deltaTime/index.html
2026-03-02 07:37:01,688 - Knowledge - INFO - Worker kw2 processing /app/data/T0015/327504/b918650/lu5-327504/docs/v0.0.4/typography/loadFont/index.html
2026-03-02 07:37:01,827 - Knowledge - INFO - Worker kw13 processing /app/data/T0015/327504/b918650/lu5-327504/docs/v0.0.4/typography/textSize/meta.json
2026-03-02 07:37:01,901 - Knowledge - INFO - Worker kw14 processing /app/data/T0015/327504/b918650/lu5-327504/docs/v0.0.4/image/image/index.html
2026-03-02 07:37:01,990 - Knowledge - INFO - done ingest for /app/data/T0015/327504/b918650/lu5-327504/docs/v0.0.4/shapes/circle/index.html
2026-03-02 07:37:02,073 - Knowledge - INFO - Fast-tracked /app/data/T0015/327504/b918650/lu5-327504/docs/v0.0.4/mouse/mouseReleased/meta.json (ext=.json, size=682)
2026-03-02 07:37:02,224 - Knowledge - INFO - Fast-tracked /app/data/T0015/327504/b918650/lu5-327504/docs/v0.0.4/keyboard/UP_ARROW/meta.json (ext=.json, size=189)
2026-03-02 07:37:02,326 - Knowledge - INFO - process ingested knowledge for /app/data/T0015/327504/b918650/lu5-327504/docs/v0.0.4/io/print/meta.json
2026-03-02 07:37:02,444 - Knowledge - INFO - process ingested knowledge for /app/data/T0015/327504/b918650/lu5-327504/docs/v0.1.7/typography/textAlign/meta.json
2026-03-02 07:37:02,514 - Knowledge - INFO - process ingested knowledge for /app/data/T0015/327504/b918650/lu5-327504/docs/v0.0.4/window/width/meta.json
2026-03-02 07:37:02,644 - Knowledge - INFO - process ingested knowledge for /app/data/T0015/327504/b918650/lu5-327504/docs/v0.0.4/window/deltaTime/meta.json
2026-03-02 07:37:02,744 - Knowledge - INFO - Worker kw2 processing /app/data/T0015/327504/b918650/lu5-327504/docs/v0.0.4/typography/loadFont/meta.json
2026-03-02 07:37:02,848 - Knowledge - INFO - Fast-tracked /app/data/T0015/327504/b918650/lu5-327504/docs/v0.0.4/typography/textSize/meta.json (ext=.json, size=476)
2026-03-02 07:37:02,959 - Knowledge - INFO - Worker kw14 processing /app/data/T0015/327504/b918650/lu5-327504/docs/v0.0.4/image/image/meta.json
2026-03-02 07:37:03,167 - Knowledge - INFO - Worker kw12 processing /app/data/T0015/327504/b918650/lu5-327504/docs/v0.0.4/mouse/mouseX/index.html
2026-03-02 07:37:03,249 - Knowledge - INFO - Worker kw10 processing /app/data/T0015/327504/b918650/lu5-327504/docs/v0.0.4/modules.json
2026-03-02 07:37:03,493 - Knowledge - INFO - process ingested knowledge for /app/data/T0015/327504/b918650/lu5-327504/docs/v0.1.7/typography/textFont/index.html
2026-03-02 07:37:03,674 - Knowledge - INFO - process ingested knowledge for /app/data/T0015/327504/b918650/lu5-327504/docs/v0.0.4/window/index.html
2026-03-02 07:37:03,675 - Knowledge - INFO - process ingested knowledge for /app/data/T0015/327504/b918650/lu5-327504/docs/v0.0.4/window/createWindow/index.html
2026-03-02 07:37:03,751 - Knowledge - INFO - Fast-tracked /app/data/T0015/327504/b918650/lu5-327504/docs/v0.0.4/typography/loadFont/meta.json (ext=.json, size=547)
2026-03-02 07:37:03,843 - Knowledge - INFO - Worker kw13 processing /app/data/T0015/327504/b918650/lu5-327504/docs/v0.0.4/typography/textFont/index.html
2026-03-02 07:37:03,930 - Knowledge - INFO - Fast-tracked /app/data/T0015/327504/b918650/lu5-327504/docs/v0.0.4/image/image/meta.json (ext=.json, size=562)
2026-03-02 07:37:04,015 - Knowledge - INFO - Worker kw12 processing /app/data/T0015/327504/b918650/lu5-327504/docs/v0.0.4/mouse/mouseX/meta.json
2026-03-02 07:37:04,108 - Knowledge - INFO - Fast-tracked /app/data/T0015/327504/b918650/lu5-327504/docs/v0.0.4/modules.json (ext=.json, size=2409)
2026-03-02 07:37:04,494 - Knowledge - INFO - process ingested knowledge for /app/data/T0015/327504/b918650/lu5-327504/docs/v0.0.4/window/frameRate/index.html
2026-03-02 07:37:04,497 - Knowledge - INFO - process ingested knowledge for /app/data/T0015/327504/b918650/lu5-327504/docs/v0.0.4/window/createWindow/meta.json
2026-03-02 07:37:04,497 - Knowledge - INFO - Worker kw2 processing /app/data/T0015/327504/b918650/lu5-327504/docs/v0.1.6/io/loadStrings/index.html
2026-03-02 07:37:04,616 - Knowledge - INFO - Worker kw13 processing /app/data/T0015/327504/b918650/lu5-327504/docs/v0.0.4/typography/textFont/meta.json
2026-03-02 07:37:04,724 - Knowledge - INFO - Worker kw14 processing /app/data/T0015/327504/b918650/lu5-327504/docs/v0.0.4/image/loadImage/index.html
2026-03-02 07:37:04,805 - Knowledge - INFO - Fast-tracked /app/data/T0015/327504/b918650/lu5-327504/docs/v0.0.4/mouse/mouseX/meta.json (ext=.json, size=337)
2026-03-02 07:37:05,196 - Knowledge - INFO - process ingested knowledge for /app/data/T0015/327504/b918650/lu5-327504/docs/v0.0.4/window/windowResized/index.html
2026-03-02 07:37:05,196 - Knowledge - INFO - [WEBSOCKET] Sent: Type=progress_update, Size: 296, Duration: 0ms
2026-03-02 07:37:05,196 - Knowledge - INFO - process ingested knowledge for /app/data/T0015/327504/b918650/lu5-327504/docs/v0.0.4/window/frameRate/meta.json
2026-03-02 07:37:05,243 - Knowledge - INFO - Worker kw2 processing /app/data/T0015/327504/b918650/lu5-327504/docs/v0.1.6/io/loadStrings/meta.json
2026-03-02 07:37:05,349 - Knowledge - INFO - Fast-tracked /app/data/T0015/327504/b918650/lu5-327504/docs/v0.0.4/typography/textFont/meta.json (ext=.json, size=363)
2026-03-02 07:37:05,456 - Knowledge - INFO - Worker kw14 processing /app/data/T0015/327504/b918650/lu5-327504/docs/v0.0.4/image/loadImage/meta.json
2026-03-02 07:37:05,576 - Knowledge - INFO - Worker kw12 processing /app/data/T0015/327504/b918650/lu5-327504/docs/v0.0.4/mouse/mouseIsPressed/index.html
2026-03-02 07:37:05,675 - Knowledge - INFO - process ingested knowledge for /app/data/T0015/327504/b918650/lu5-327504/docs/v0.0.4/window/windowResized/meta.json
2026-03-02 07:37:05,780 - Knowledge - INFO - [WEBSOCKET] Sent: Type=unknown, Size: ?, Duration: 584ms
2026-03-02 07:37:05,856 - Knowledge - INFO - process ingested knowledge for /app/data/T0015/327504/b918650/lu5-327504/docs/v0.0.4/shapes/line/index.html
2026-03-02 07:37:05,939 - Knowledge - INFO - Fast-tracked /app/data/T0015/327504/b918650/lu5-327504/docs/v0.1.6/io/loadStrings/meta.json (ext=.json, size=370)
2026-03-02 07:37:06,027 - Knowledge - INFO - Worker kw13 processing /app/data/T0015/327504/b918650/lu5-327504/docs/v0.0.4/typography/text/index.html
2026-03-02 07:37:06,110 - Knowledge - INFO - Fast-tracked /app/data/T0015/327504/b918650/lu5-327504/docs/v0.0.4/image/loadImage/meta.json (ext=.json, size=508)
2026-03-02 07:37:06,207 - Knowledge - INFO - Worker kw12 processing /app/data/T0015/327504/b918650/lu5-327504/docs/v0.0.4/mouse/mouseIsPressed/meta.json
2026-03-02 07:37:06,353 - Knowledge - INFO - process ingested knowledge for /app/data/T0015/327504/b918650/lu5-327504/docs/v0.0.4/window/height/index.html
2026-03-02 07:37:06,462 - Knowledge - INFO - Progress: 39.9% | Files: 580/1455 | Rate: 1.59 files/sec | Queue: 747
2026-03-02 07:37:06,462 - Knowledge - INFO - [kw11] Queue=747, InProgress=0, PendingWorkers=20/20, Completed=580/1455 (39.9%)
2026-03-02 07:37:06,566 - Knowledge - INFO - process ingested knowledge for /app/data/T0015/327504/b918650/lu5-327504/docs/v0.0.4/shapes/line/meta.json
2026-03-02 07:37:06,659 - Knowledge - INFO - Worker kw2 processing /app/data/T0015/327504/b918650/lu5-327504/docs/v0.1.6/io/loadText/index.html
2026-03-02 07:37:06,797 - Knowledge - INFO - Worker kw13 processing /app/data/T0015/327504/b918650/lu5-327504/docs/v0.0.4/typography/text/meta.json
2026-03-02 07:37:06,860 - Knowledge - INFO - Worker kw14 processing /app/data/T0015/327504/b918650/lu5-327504/docs/v0.0.4/image/index.html
2026-03-02 07:37:06,934 - Knowledge - INFO - Fast-tracked /app/data/T0015/327504/b918650/lu5-327504/docs/v0.0.4/mouse/mouseIsPressed/meta.json (ext=.json, size=309)
2026-03-02 07:37:07,142 - Knowledge - INFO - [kw8] Queue=747, InProgress=0, PendingWorkers=20/20, Completed=580/1455 (39.9%)
2026-03-02 07:37:07,203 - Knowledge - INFO - Batch sizing: calculated=8, max_allowed=10, queue=747, active_workers=20/20
2026-03-02 07:37:07,426 - Knowledge - INFO - Worker kw2 processing /app/data/T0015/327504/b918650/lu5-327504/docs/v0.1.6/io/loadText/meta.json
2026-03-02 07:37:07,530 - Knowledge - INFO - Fast-tracked /app/data/T0015/327504/b918650/lu5-327504/docs/v0.0.4/typography/text/meta.json (ext=.json, size=475)
2026-03-02 07:37:07,840 - Knowledge - INFO - Batch sizing: calculated=8, max_allowed=10, queue=747, active_workers=20/20
2026-03-02 07:37:08,071 - Knowledge - INFO - Fast-tracked /app/data/T0015/327504/b918650/lu5-327504/docs/v0.1.6/io/loadText/meta.json (ext=.json, size=339)
2026-03-02 07:37:08,082 - Knowledge - INFO - Async storing batch of 8 embeddings
2026-03-02 07:37:08,182 - Knowledge - INFO - Worker kw13 processing /app/data/T0015/327504/b918650/lu5-327504/docs/v0.0.4/typography/index.html
2026-03-02 07:37:08,395 - Knowledge - INFO - Worker kw2 processing /app/data/T0015/327504/b918650/lu5-327504/docs/v0.1.6/io/print/index.html
2026-03-02 07:37:08,412 - Knowledge - INFO - Async storing batch of 8 embeddings
2026-03-02 07:37:08,503 - Knowledge - INFO - Worker kw11 processing /app/data/T0015/327504/b918650/lu5-327504/docs/v0.1.6/io/index.html
2026-03-02 07:37:08,685 - Knowledge - INFO - [LLM_CALL] Completed: index.html:chunk1, Duration: 601ms, PromptTokens: 4462, CompletionTokens: 59, Cost: $0.00047
2026-03-02 07:37:08,697 - Knowledge - INFO - Worker kw2 processing /app/data/T0015/327504/b918650/lu5-327504/docs/v0.1.6/io/print/meta.json
2026-03-02 07:37:08,781 - Knowledge - INFO - Worker kw8 processing /app/data/T0015/327504/b918650/lu5-327504/docs/v0.1.6/window/height/meta.json
2026-03-02 07:37:08,860 - Knowledge - INFO - Worker kw11 processing /app/data/T0015/327504/b918650/lu5-327504/docs/v0.1.6/window/width/index.html
2026-03-02 07:37:08,946 - Knowledge - INFO - done ingest for /app/data/T0015/327504/b918650/lu5-327504/docs/v0.0.4/shapes/point/index.html
2026-03-02 07:37:09,015 - Knowledge - INFO - Fast-tracked /app/data/T0015/327504/b918650/lu5-327504/docs/v0.1.6/io/print/meta.json (ext=.json, size=383)
2026-03-02 07:37:09,121 - Knowledge - INFO - [kw17] Queue=731, InProgress=0, PendingWorkers=20/20, Completed=580/1455 (39.9%)
2026-03-02 07:37:09,135 - Knowledge - INFO - Fast-tracked /app/data/T0015/327504/b918650/lu5-327504/docs/v0.1.6/window/height/meta.json (ext=.json, size=365)
2026-03-02 07:37:09,218 - Knowledge - INFO - Worker kw11 processing /app/data/T0015/327504/b918650/lu5-327504/docs/v0.1.6/window/width/meta.json
2026-03-02 07:37:09,353 - Knowledge - INFO - Processing batch of 8 files
2026-03-02 07:37:09,392 - Knowledge - INFO - [kw1] Queue=731, InProgress=0, PendingWorkers=20/20, Completed=588/1455 (40.4%)
2026-03-02 07:37:09,575 - Knowledge - INFO - Batch sizing: calculated=8, max_allowed=10, queue=731, active_workers=20/20
2026-03-02 07:37:09,656 - Knowledge - INFO - Worker kw8 processing /app/data/T0015/327504/b918650/lu5-327504/docs/v0.1.6/window/deltaTime/index.html
2026-03-02 07:37:09,759 - Knowledge - INFO - Fast-tracked /app/data/T0015/327504/b918650/lu5-327504/docs/v0.1.6/window/width/meta.json (ext=.json, size=361)
2026-03-02 07:37:09,838 - Knowledge - INFO - process ingested knowledge for /app/data/T0015/327504/b918650/lu5-327504/docs/v0.0.4/shapes/endShape/index.html
2026-03-02 07:37:09,952 - Knowledge - INFO - Batch sizing: calculated=8, max_allowed=10, queue=731, active_workers=20/20
2026-03-02 07:37:10,073 - Knowledge - INFO - Async storing batch of 8 embeddings
2026-03-02 07:37:10,155 - Knowledge - INFO - Worker kw8 processing /app/data/T0015/327504/b918650/lu5-327504/docs/v0.1.6/window/deltaTime/meta.json
2026-03-02 07:37:10,251 - Knowledge - INFO - Worker kw11 processing /app/data/T0015/327504/b918650/lu5-327504/docs/v0.1.6/window/createWindow/index.html
2026-03-02 07:37:10,355 - Knowledge - INFO - process ingested knowledge for /app/data/T0015/327504/b918650/lu5-327504/docs/v0.0.4/shapes/endShape/meta.json
2026-03-02 07:37:10,439 - Knowledge - INFO - Async storing batch of 8 embeddings
2026-03-02 07:37:10,508 - Knowledge - INFO - Worker kw17 processing /app/data/T0015/327504/b918650/lu5-327504/docs/v0.1.6/models/model/index.html
2026-03-02 07:37:10,629 - Knowledge - INFO - Fast-tracked /app/data/T0015/327504/b918650/lu5-327504/docs/v0.1.6/window/deltaTime/meta.json (ext=.json, size=520)
2026-03-02 07:37:10,698 - Knowledge - INFO - Worker kw11 processing /app/data/T0015/327504/b918650/lu5-327504/docs/v0.1.6/window/createWindow/meta.json
2026-03-02 07:37:10,779 - Knowledge - INFO - process ingested knowledge for /app/data/T0015/327504/b918650/lu5-327504/docs/v0.0.4/shapes/circle/index.html
2026-03-02 07:37:10,861 - Knowledge - INFO - Worker kw1 processing /app/data/T0015/327504/b918650/lu5-327504/docs/v0.1.6/shapes/circle/meta.json
2026-03-02 07:37:10,972 - Knowledge - INFO - Worker kw17 processing /app/data/T0015/327504/b918650/lu5-327504/docs/v0.1.6/models/model/meta.json
2026-03-02 07:37:11,040 - Knowledge - INFO - Worker kw8 processing /app/data/T0015/327504/b918650/lu5-327504/docs/v0.1.6/window/index.html
2026-03-02 07:37:11,155 - Knowledge - INFO - Fast-tracked /app/data/T0015/327504/b918650/lu5-327504/docs/v0.1.6/window/createWindow/meta.json (ext=.json, size=634)
2026-03-02 07:37:11,272 - Knowledge - INFO - process ingested knowledge for /app/data/T0015/327504/b918650/lu5-327504/docs/v0.0.4/shapes/circle/meta.json
2026-03-02 07:37:11,387 - Knowledge - INFO - Fast-tracked /app/data/T0015/327504/b918650/lu5-327504/docs/v0.1.6/shapes/circle/meta.json (ext=.json, size=390)
2026-03-02 07:37:11,462 - Knowledge - INFO - Fast-tracked /app/data/T0015/327504/b918650/lu5-327504/docs/v0.1.6/models/model/meta.json (ext=.json, size=243)
2026-03-02 07:37:11,539 - Knowledge - INFO - Worker kw8 processing /app/data/T0015/327504/b918650/lu5-327504/docs/v0.1.6/window/frameRate/index.html
2026-03-02 07:37:11,645 - Knowledge - INFO - Worker kw11 processing /app/data/T0015/327504/b918650/lu5-327504/docs/v0.1.6/window/windowResized/index.html
2026-03-02 07:37:11,719 - Knowledge - INFO - process ingested knowledge for /app/data/T0015/327504/b918650/lu5-327504/docs/v0.0.4/shapes/point/index.html
2026-03-02 07:37:11,787 - Knowledge - INFO - Worker kw1 processing /app/data/T0015/327504/b918650/lu5-327504/docs/v0.1.6/shapes/point/index.html
2026-03-02 07:37:11,913 - Knowledge - INFO - Worker kw17 processing /app/data/T0015/327504/b918650/lu5-327504/docs/v0.1.6/models/index.html
2026-03-02 07:37:12,008 - Knowledge - INFO - Worker kw8 processing /app/data/T0015/327504/b918650/lu5-327504/docs/v0.1.6/window/frameRate/meta.json
2026-03-02 07:37:12,133 - Knowledge - INFO - Worker kw11 processing /app/data/T0015/327504/b918650/lu5-327504/docs/v0.1.6/window/windowResized/meta.json
2026-03-02 07:37:12,249 - Knowledge - INFO - process ingested knowledge for /app/data/T0015/327504/b918650/lu5-327504/docs/v0.0.4/shapes/point/meta.json
2026-03-02 07:37:12,328 - Knowledge - INFO - Worker kw1 processing /app/data/T0015/327504/b918650/lu5-327504/docs/v0.1.6/shapes/point/meta.json
2026-03-02 07:37:12,419 - Knowledge - INFO - Worker kw17 processing /app/data/T0015/327504/b918650/lu5-327504/docs/v0.1.6/shapes/line/index.html
2026-03-02 07:37:12,532 - Knowledge - INFO - Fast-tracked /app/data/T0015/327504/b918650/lu5-327504/docs/v0.1.6/window/frameRate/meta.json (ext=.json, size=562)
2026-03-02 07:37:12,669 - Knowledge - INFO - Fast-tracked /app/data/T0015/327504/b918650/lu5-327504/docs/v0.1.6/window/windowResized/meta.json (ext=.json, size=402)
2026-03-02 07:37:12,741 - Knowledge - INFO - process ingested knowledge for /app/data/T0015/327504/b918650/lu5-327504/docs/v0.0.4/shapes/beginShape/index.html
2026-03-02 07:37:12,874 - Knowledge - INFO - Fast-tracked /app/data/T0015/327504/b918650/lu5-327504/docs/v0.1.6/shapes/point/meta.json (ext=.json, size=210)
2026-03-02 07:37:12,994 - Knowledge - INFO - Worker kw17 processing /app/data/T0015/327504/b918650/lu5-327504/docs/v0.1.6/shapes/line/meta.json
2026-03-02 07:37:13,068 - Knowledge - INFO - Worker kw8 processing /app/data/T0015/327504/b918650/lu5-327504/docs/v0.1.6/models/loadModel/index.html
2026-03-02 07:37:13,194 - Knowledge - INFO - Worker kw11 processing /app/data/T0015/327504/b918650/lu5-327504/docs/v0.1.6/window/height/index.html
2026-03-02 07:37:13,317 - Knowledge - INFO - process ingested knowledge for /app/data/T0015/327504/b918650/lu5-327504/docs/v0.0.4/shapes/beginShape/meta.json
2026-03-02 07:37:13,402 - Knowledge - INFO - Worker kw1 processing /app/data/T0015/327504/b918650/lu5-327504/docs/v0.1.6/shapes/beginShape/index.html
2026-03-02 07:37:13,506 - Knowledge - INFO - Fast-tracked /app/data/T0015/327504/b918650/lu5-327504/docs/v0.1.6/shapes/line/meta.json (ext=.json, size=473)
2026-03-02 07:37:13,594 - Knowledge - INFO - Worker kw8 processing /app/data/T0015/327504/b918650/lu5-327504/docs/v0.1.6/models/loadModel/meta.json
2026-03-02 07:37:13,865 - Knowledge - INFO - Worker kw1 processing /app/data/T0015/327504/b918650/lu5-327504/docs/v0.1.6/shapes/beginShape/meta.json
2026-03-02 07:37:14,001 - Knowledge - INFO - Worker kw17 processing /app/data/T0015/327504/b918650/lu5-327504/docs/v0.1.6/shapes/endShape/index.html
2026-03-02 07:37:14,085 - Knowledge - INFO - Fast-tracked /app/data/T0015/327504/b918650/lu5-327504/docs/v0.1.6/models/loadModel/meta.json (ext=.json, size=248)
2026-03-02 07:37:14,157 - Knowledge - INFO - Fast-tracked /app/data/T0015/327504/b918650/lu5-327504/docs/v0.1.6/shapes/beginShape/meta.json (ext=.json, size=612)
2026-03-02 07:37:14,281 - Knowledge - INFO - Worker kw17 processing /app/data/T0015/327504/b918650/lu5-327504/docs/v0.1.6/shapes/endShape/meta.json
2026-03-02 07:37:14,525 - Knowledge - INFO - Worker kw1 processing /app/data/T0015/327504/b918650/lu5-327504/docs/v0.1.6/shapes/triangle/index.html
2026-03-02 07:37:14,671 - Knowledge - INFO - Fast-tracked /app/data/T0015/327504/b918650/lu5-327504/docs/v0.1.6/shapes/endShape/meta.json (ext=.json, size=277)
2026-03-02 07:37:14,754 - Knowledge - INFO - Worker kw1 processing /app/data/T0015/327504/b918650/lu5-327504/docs/v0.1.6/shapes/triangle/meta.json
2026-03-02 07:37:14,819 - Knowledge - INFO - [kw19] Queue=715, InProgress=0, PendingWorkers=20/20, Completed=588/1455 (40.4%)
2026-03-02 07:37:14,875 - Knowledge - INFO - Worker kw17 processing /app/data/T0015/327504/b918650/lu5-327504/docs/v0.1.6/shapes/circle/index.html
2026-03-02 07:37:15,019 - Knowledge - INFO - Fast-tracked /app/data/T0015/327504/b918650/lu5-327504/docs/v0.1.6/shapes/triangle/meta.json (ext=.json, size=217)
2026-03-02 07:37:15,119 - Knowledge - INFO - Batch sizing: calculated=8, max_allowed=10, queue=715, active_workers=20/20
2026-03-02 07:37:15,344 - Knowledge - INFO - Worker kw1 processing /app/data/T0015/327504/b918650/lu5-327504/docs/v0.1.6/shapes/arc/index.html
2026-03-02 07:37:15,467 - Knowledge - INFO - Async storing batch of 8 embeddings
2026-03-02 07:37:15,644 - Knowledge - INFO - Worker kw19 processing /app/data/T0015/327504/b918650/lu5-327504/docs/v0.1.6/shapes/arc/meta.json
2026-03-02 07:37:15,812 - Knowledge - INFO - Fast-tracked /app/data/T0015/327504/b918650/lu5-327504/docs/v0.1.6/shapes/arc/meta.json (ext=.json, size=207)
2026-03-02 07:37:15,973 - Knowledge - INFO - Worker kw19 processing /app/data/T0015/327504/b918650/lu5-327504/docs/v0.1.6/shapes/ellipse/index.html
2026-03-02 07:37:16,177 - Knowledge - INFO - Worker kw19 processing /app/data/T0015/327504/b918650/lu5-327504/docs/v0.1.6/shapes/ellipse/meta.json
2026-03-02 07:37:16,372 - Knowledge - INFO - Fast-tracked /app/data/T0015/327504/b918650/lu5-327504/docs/v0.1.6/shapes/ellipse/meta.json (ext=.json, size=221)
2026-03-02 07:37:16,560 - Knowledge - INFO - Worker kw19 processing /app/data/T0015/327504/b918650/lu5-327504/docs/v0.1.6/shapes/vertex/index.html
2026-03-02 07:37:16,764 - Knowledge - INFO - Worker kw19 processing /app/data/T0015/327504/b918650/lu5-327504/docs/v0.1.6/shapes/vertex/meta.json
2026-03-02 07:37:16,952 - Knowledge - INFO - Fast-tracked /app/data/T0015/327504/b918650/lu5-327504/docs/v0.1.6/shapes/vertex/meta.json (ext=.json, size=373)
2026-03-02 07:37:17,137 - Knowledge - INFO - Worker kw19 processing /app/data/T0015/327504/b918650/lu5-327504/docs/v0.1.6/shapes/rect/index.html
2026-03-02 07:37:17,319 - Knowledge - INFO - Worker kw19 processing /app/data/T0015/327504/b918650/lu5-327504/docs/v0.1.6/shapes/rect/meta.json
2026-03-02 07:37:17,513 - Knowledge - INFO - Fast-tracked /app/data/T0015/327504/b918650/lu5-327504/docs/v0.1.6/shapes/rect/meta.json (ext=.json, size=423)
2026-03-02 07:37:17,675 - Knowledge - INFO - Worker kw19 processing /app/data/T0015/327504/b918650/lu5-327504/docs/v0.1.6/shapes/square/index.html
2026-03-02 07:37:22,675 - Knowledge - INFO - Async storage completed for 8 embeddings
2026-03-02 07:37:27,090 - Knowledge - INFO - [LLM_CALL] Completed: index.html:chunk1, Duration: 1536ms, PromptTokens: 4462, CompletionTokens: 59, Cost: $0.00047
2026-03-02 07:37:27,264 - Knowledge - INFO - done ingest for /app/data/T0015/327504/b918650/lu5-327504/docs/v0.0.4/shapes/arc/index.html
2026-03-02 07:37:29,479 - Knowledge - INFO - [LLM_CALL] Completed: index.html:chunk1, Duration: 1327ms, PromptTokens: 4672, CompletionTokens: 59, Cost: $0.00049
2026-03-02 07:37:29,635 - Knowledge - INFO - done ingest for /app/data/T0015/327504/b918650/lu5-327504/docs/v0.0.4/shapes/vertex/index.html
2026-03-02 07:37:31,956 - Knowledge - INFO - [LLM_CALL] Completed: index.html:chunk1, Duration: 223ms, PromptTokens: 4472, CompletionTokens: 59, Cost: $0.00047
2026-03-02 07:37:32,156 - Knowledge - INFO - done ingest for /app/data/T0015/327504/b918650/lu5-327504/docs/v0.0.4/shapes/ellipse/index.html
2026-03-02 07:37:32,632 - Knowledge - INFO - Async storage completed for 8 embeddings
2026-03-02 07:37:34,387 - Knowledge - INFO - [LLM_CALL] Completed: index.html:chunk1, Duration: 1223ms, PromptTokens: 4462, CompletionTokens: 59, Cost: $0.00047
2026-03-02 07:37:34,582 - Knowledge - INFO - done ingest for /app/data/T0015/327504/b918650/lu5-327504/docs/v0.0.4/shapes/triangle/index.html
2026-03-02 07:37:34,770 - Knowledge - INFO - Processing batch of 8 files
2026-03-02 07:37:34,961 - Knowledge - INFO - process ingested knowledge for /app/data/T0015/327504/b918650/lu5-327504/docs/v0.0.4/shapes/triangle/index.html
2026-03-02 07:37:35,152 - Knowledge - INFO - process ingested knowledge for /app/data/T0015/327504/b918650/lu5-327504/docs/v0.0.4/shapes/triangle/meta.json
2026-03-02 07:37:35,331 - Knowledge - INFO - process ingested knowledge for /app/data/T0015/327504/b918650/lu5-327504/docs/v0.0.4/shapes/arc/index.html
2026-03-02 07:37:35,539 - Knowledge - INFO - process ingested knowledge for /app/data/T0015/327504/b918650/lu5-327504/docs/v0.0.4/shapes/arc/meta.json
2026-03-02 07:37:35,689 - Knowledge - INFO - process ingested knowledge for /app/data/T0015/327504/b918650/lu5-327504/docs/v0.0.4/shapes/ellipse/index.html
2026-03-02 07:37:35,913 - Knowledge - INFO - process ingested knowledge for /app/data/T0015/327504/b918650/lu5-327504/docs/v0.0.4/shapes/ellipse/meta.json
2026-03-02 07:37:36,073 - Knowledge - INFO - process ingested knowledge for /app/data/T0015/327504/b918650/lu5-327504/docs/v0.0.4/shapes/vertex/index.html
2026-03-02 07:37:36,233 - Knowledge - INFO - process ingested knowledge for /app/data/T0015/327504/b918650/lu5-327504/docs/v0.0.4/shapes/vertex/meta.json
2026-03-02 07:37:37,209 - Knowledge - INFO - [LLM_CALL] Completed: index.html:chunk1, Duration: 913ms, PromptTokens: 4632, CompletionTokens: 59, Cost: $0.00049
2026-03-02 07:37:37,418 - Knowledge - INFO - done ingest for /app/data/T0015/327504/b918650/lu5-327504/docs/v0.0.4/math/sin/index.html
2026-03-02 07:37:37,436 - Knowledge - INFO - [kw16] Queue=707, InProgress=0, PendingWorkers=20/20, Completed=596/1455 (41.0%)
2026-03-02 07:37:37,711 - Knowledge - INFO - Batch sizing: calculated=8, max_allowed=10, queue=707, active_workers=20/20
2026-03-02 07:37:37,907 - Knowledge - INFO - Async storing batch of 8 embeddings
2026-03-02 07:37:38,128 - Knowledge - INFO - Worker kw16 processing /app/data/T0015/327504/b918650/lu5-327504/docs/v0.1.6/shapes/square/meta.json
2026-03-02 07:37:38,331 - Knowledge - INFO - Fast-tracked /app/data/T0015/327504/b918650/lu5-327504/docs/v0.1.6/shapes/square/meta.json (ext=.json, size=387)
2026-03-02 07:37:38,539 - Knowledge - INFO - Worker kw16 processing /app/data/T0015/327504/b918650/lu5-327504/docs/v0.1.6/shapes/quad/index.html
2026-03-02 07:37:38,717 - Knowledge - INFO - Worker kw16 processing /app/data/T0015/327504/b918650/lu5-327504/docs/v0.1.6/shapes/quad/meta.json
2026-03-02 07:37:38,895 - Knowledge - INFO - Fast-tracked /app/data/T0015/327504/b918650/lu5-327504/docs/v0.1.6/shapes/quad/meta.json (ext=.json, size=723)
2026-03-02 07:37:39,089 - Knowledge - INFO - Worker kw16 processing /app/data/T0015/327504/b918650/lu5-327504/docs/v0.1.6/shapes/index.html
2026-03-02 07:37:39,270 - Knowledge - INFO - Worker kw16 processing /app/data/T0015/327504/b918650/lu5-327504/docs/v0.1.6/transform/rotateY/index.html
2026-03-02 07:37:39,481 - Knowledge - INFO - Worker kw16 processing /app/data/T0015/327504/b918650/lu5-327504/docs/v0.1.6/transform/rotateY/meta.json
2026-03-02 07:37:39,775 - Knowledge - INFO - Fast-tracked /app/data/T0015/327504/b918650/lu5-327504/docs/v0.1.6/transform/rotateY/meta.json (ext=.json, size=276)
2026-03-02 07:37:39,971 - Knowledge - INFO - Worker kw16 processing /app/data/T0015/327504/b918650/lu5-327504/docs/v0.1.6/transform/scale/index.html
2026-03-02 07:37:40,173 - Knowledge - INFO - Worker kw16 processing /app/data/T0015/327504/b918650/lu5-327504/docs/v0.1.6/transform/scale/meta.json
2026-03-02 07:37:40,369 - Knowledge - INFO - Fast-tracked /app/data/T0015/327504/b918650/lu5-327504/docs/v0.1.6/transform/scale/meta.json (ext=.json, size=362)
2026-03-02 07:37:41,813 - Knowledge - INFO - [LLM_CALL] Completed: index.html:chunk1, Duration: 1140ms, PromptTokens: 4922, CompletionTokens: 59, Cost: $0.00052
2026-03-02 07:37:41,989 - Knowledge - INFO - done ingest for /app/data/T0015/327504/b918650/lu5-327504/docs/v0.0.4/math/map/index.html
2026-03-02 07:37:42,483 - Knowledge - INFO - Async storage completed for 10 embeddings
2026-03-02 07:37:44,826 - Knowledge - INFO - Async storage completed for 10 embeddings
2026-03-02 07:37:45,222 - Knowledge - INFO - [LLM_CALL] Completed: index.html:chunk1, Duration: 3231ms, PromptTokens: 4634, CompletionTokens: 59, Cost: $0.00049
2026-03-02 07:37:45,422 - Knowledge - INFO - done ingest for /app/data/T0015/327504/b918650/lu5-327504/docs/v0.0.4/math/cos/index.html
2026-03-02 07:37:46,168 - Knowledge - INFO - [LLM_CALL] Completed: index.html:chunk1, Duration: 746ms, PromptTokens: 4734, CompletionTokens: 59, Cost: $0.00050
2026-03-02 07:37:46,352 - Knowledge - INFO - done ingest for /app/data/T0015/327504/b918650/lu5-327504/docs/v0.0.4/math/abs/index.html
2026-03-02 07:37:47,145 - Knowledge - INFO - done ingest for /app/data/T0015/327504/b918650/lu5-327504/docs/v0.0.4/math/max/index.html
2026-03-02 07:37:47,360 - Knowledge - INFO - Processing batch of 8 files
2026-03-02 07:37:47,552 - Knowledge - INFO - process ingested knowledge for /app/data/T0015/327504/b918650/lu5-327504/docs/v0.0.4/math/floor/meta.json
2026-03-02 07:37:47,717 - Knowledge - INFO - process ingested knowledge for /app/data/T0015/327504/b918650/lu5-327504/docs/v0.0.4/math/sin/index.html
2026-03-02 07:37:47,920 - Knowledge - INFO - process ingested knowledge for /app/data/T0015/327504/b918650/lu5-327504/docs/v0.0.4/math/sin/meta.json
2026-03-02 07:37:48,011 - Knowledge - INFO - done ingest for /app/data/T0015/327504/b918650/lu5-327504/docs/v0.0.4/math/tan/index.html
2026-03-02 07:37:48,138 - Knowledge - INFO - done ingest for /app/data/T0015/327504/b918650/lu5-327504/docs/v0.0.4/math/ceil/index.html
2026-03-02 07:37:48,183 - Knowledge - INFO - process ingested knowledge for /app/data/T0015/327504/b918650/lu5-327504/docs/v0.0.4/math/abs/index.html
2026-03-02 07:37:48,460 - Knowledge - INFO - process ingested knowledge for /app/data/T0015/327504/b918650/lu5-327504/docs/v0.0.4/math/abs/meta.json
2026-03-02 07:37:48,630 - Knowledge - INFO - process ingested knowledge for /app/data/T0015/327504/b918650/lu5-327504/docs/v0.0.4/math/max/index.html
2026-03-02 07:37:48,821 - Knowledge - INFO - process ingested knowledge for /app/data/T0015/327504/b918650/lu5-327504/docs/v0.0.4/math/max/meta.json
2026-03-02 07:37:48,999 - Knowledge - INFO - process ingested knowledge for /app/data/T0015/327504/b918650/lu5-327504/docs/v0.0.4/math/map/index.html
2026-03-02 07:37:50,122 - Knowledge - INFO - [LLM_CALL] Completed: index.html:chunk1, Duration: 825ms, PromptTokens: 4478, CompletionTokens: 59, Cost: $0.00047
2026-03-02 07:37:50,407 - Knowledge - INFO - done ingest for /app/data/T0015/327504/b918650/lu5-327504/docs/v0.0.4/math/HALF_PI/index.html
2026-03-02 07:37:50,411 - Knowledge - INFO - done ingest for /app/data/T0015/327504/b918650/lu5-327504/docs/v0.0.4/math/constrain/index.html
2026-03-02 07:37:50,412 - Knowledge - INFO - [kw15] Queue=699, InProgress=0, PendingWorkers=20/20, Completed=604/1455 (41.5%)
2026-03-02 07:37:50,812 - Knowledge - INFO - Batch sizing: calculated=8, max_allowed=10, queue=699, active_workers=20/20
2026-03-02 07:37:50,984 - Knowledge - INFO - Async storing batch of 8 embeddings
2026-03-02 07:37:51,207 - Knowledge - INFO - Worker kw15 processing /app/data/T0015/327504/b918650/lu5-327504/docs/v0.1.6/transform/translate/index.html
2026-03-02 07:37:51,423 - Knowledge - INFO - Worker kw15 processing /app/data/T0015/327504/b918650/lu5-327504/docs/v0.1.6/transform/translate/meta.json
2026-03-02 07:37:51,605 - Knowledge - INFO - Fast-tracked /app/data/T0015/327504/b918650/lu5-327504/docs/v0.1.6/transform/translate/meta.json (ext=.json, size=382)
2026-03-02 07:37:51,785 - Knowledge - INFO - Worker kw15 processing /app/data/T0015/327504/b918650/lu5-327504/docs/v0.1.6/transform/rotateZ/index.html
2026-03-02 07:37:51,985 - Knowledge - INFO - Worker kw15 processing /app/data/T0015/327504/b918650/lu5-327504/docs/v0.1.6/transform/rotateZ/meta.json
2026-03-02 07:37:52,161 - Knowledge - INFO - Fast-tracked /app/data/T0015/327504/b918650/lu5-327504/docs/v0.1.6/transform/rotateZ/meta.json (ext=.json, size=276)
2026-03-02 07:37:52,371 - Knowledge - INFO - Worker kw15 processing /app/data/T0015/327504/b918650/lu5-327504/docs/v0.1.6/transform/index.html
2026-03-02 07:37:52,533 - Knowledge - INFO - [LLM_CALL] Completed: index.html:chunk1, Duration: 819ms, PromptTokens: 4810, CompletionTokens: 59, Cost: $0.00050
2026-03-02 07:37:52,629 - Knowledge - INFO - Worker kw15 processing /app/data/T0015/327504/b918650/lu5-327504/docs/v0.1.6/transform/rotateX/index.html
2026-03-02 07:37:52,782 - Knowledge - INFO - done ingest for /app/data/T0015/327504/b918650/lu5-327504/docs/v0.0.4/classes/class/index.html
2026-03-02 07:37:52,785 - Knowledge - INFO - done ingest for /app/data/T0015/327504/b918650/lu5-327504/docs/v0.0.4/math/PI/index.html
2026-03-02 07:37:52,874 - Knowledge - INFO - Worker kw15 processing /app/data/T0015/327504/b918650/lu5-327504/docs/v0.1.6/transform/rotateX/meta.json
2026-03-02 07:37:53,128 - Knowledge - INFO - Processing batch of 8 files
2026-03-02 07:37:53,218 - Knowledge - INFO - Fast-tracked /app/data/T0015/327504/b918650/lu5-327504/docs/v0.1.6/transform/rotateX/meta.json (ext=.json, size=275)
2026-03-02 07:37:53,303 - Knowledge - INFO - process ingested knowledge for /app/data/T0015/327504/b918650/lu5-327504/docs/v0.0.4/math/map/meta.json
2026-03-02 07:37:53,420 - Knowledge - INFO - Worker kw15 processing /app/data/T0015/327504/b918650/lu5-327504/docs/v0.1.6/transform/rotate/index.html
2026-03-02 07:37:53,523 - Knowledge - INFO - process ingested knowledge for /app/data/T0015/327504/b918650/lu5-327504/docs/v0.0.4/math/constrain/index.html
2026-03-02 07:37:53,746 - Knowledge - INFO - process ingested knowledge for /app/data/T0015/327504/b918650/lu5-327504/docs/v0.0.4/math/constrain/meta.json
2026-03-02 07:37:53,928 - Knowledge - INFO - process ingested knowledge for /app/data/T0015/327504/b918650/lu5-327504/docs/v0.0.4/math/PI/index.html
2026-03-02 07:37:54,111 - Knowledge - INFO - process ingested knowledge for /app/data/T0015/327504/b918650/lu5-327504/docs/v0.0.4/math/PI/meta.json
2026-03-02 07:37:54,113 - Knowledge - INFO - Async storage completed for 8 embeddings
2026-03-02 07:37:54,288 - Knowledge - INFO - process ingested knowledge for /app/data/T0015/327504/b918650/lu5-327504/docs/v0.0.4/math/cos/index.html
2026-03-02 07:37:54,482 - Knowledge - INFO - process ingested knowledge for /app/data/T0015/327504/b918650/lu5-327504/docs/v0.0.4/math/cos/meta.json
2026-03-02 07:37:54,678 - Knowledge - INFO - process ingested knowledge for /app/data/T0015/327504/b918650/lu5-327504/docs/v0.0.4/math/ceil/index.html
2026-03-02 07:37:54,945 - Knowledge - INFO - Async storage completed for 10 embeddings
2026-03-02 07:37:55,724 - Knowledge - INFO - Async storage completed for 10 embeddings
2026-03-02 07:37:56,101 - Knowledge - INFO - [WEBSOCKET] Sent: Type=progress_update, Size: 293, Duration: 0ms
2026-03-02 07:37:56,291 - Knowledge - INFO - [WEBSOCKET] Sent: Type=unknown, Size: ?, Duration: 191ms
2026-03-02 07:37:56,500 - Knowledge - INFO - Progress: 42.1% | Files: 612/1455 | Rate: 1.47 files/sec | Queue: 691
2026-03-02 07:37:56,687 - Knowledge - INFO - [LLM_CALL] Completed: index.html:chunk1, Duration: 182ms, PromptTokens: 10840, CompletionTokens: 59, Cost: $0.00111
2026-03-02 07:37:56,714 - Knowledge - INFO - [kw3] Queue=691, InProgress=0, PendingWorkers=20/20, Completed=612/1455 (42.1%)
2026-03-02 07:37:56,980 - Knowledge - INFO - done ingest for /app/data/T0015/327504/b918650/lu5-327504/docs/v0.0.4/math/index.html
2026-03-02 07:37:56,980 - Knowledge - INFO - done ingest for /app/data/T0015/327504/b918650/lu5-327504/docs/v0.0.4/shapes/index.html
2026-03-02 07:37:57,100 - Knowledge - INFO - Batch sizing: calculated=8, max_allowed=10, queue=691, active_workers=20/20
2026-03-02 07:37:57,194 - Knowledge - INFO - Processing batch of 8 files
2026-03-02 07:37:57,364 - Knowledge - INFO - Async storing batch of 8 embeddings
2026-03-02 07:37:57,501 - Knowledge - INFO - process ingested knowledge for /app/data/T0015/327504/b918650/lu5-327504/docs/v0.0.4/math/ceil/meta.json
2026-03-02 07:37:57,600 - Knowledge - INFO - Worker kw3 processing /app/data/T0015/327504/b918650/lu5-327504/docs/v0.1.6/transform/rotate/meta.json
2026-03-02 07:37:57,678 - Knowledge - INFO - process ingested knowledge for /app/data/T0015/327504/b918650/lu5-327504/docs/v0.0.4/math/HALF_PI/index.html
2026-03-02 07:37:57,786 - Knowledge - INFO - Fast-tracked /app/data/T0015/327504/b918650/lu5-327504/docs/v0.1.6/transform/rotate/meta.json (ext=.json, size=263)
2026-03-02 07:37:57,896 - Knowledge - INFO - process ingested knowledge for /app/data/T0015/327504/b918650/lu5-327504/docs/v0.0.4/math/HALF_PI/meta.json
2026-03-02 07:37:58,033 - Knowledge - INFO - Worker kw3 processing /app/data/T0015/327504/b918650/lu5-327504/docs/v0.1.6/math/round/index.html
2026-03-02 07:37:58,125 - Knowledge - INFO - process ingested knowledge for /app/data/T0015/327504/b918650/lu5-327504/docs/v0.0.4/math/tan/index.html
2026-03-02 07:37:58,305 - Knowledge - INFO - Worker kw3 processing /app/data/T0015/327504/b918650/lu5-327504/docs/v0.1.6/math/round/meta.json
2026-03-02 07:37:58,318 - Knowledge - INFO - done ingest for /app/data/T0015/327504/b918650/lu5-327504/docs/v0.0.4/keyboard/ENTER/index.html
2026-03-02 07:37:58,411 - Knowledge - INFO - process ingested knowledge for /app/data/T0015/327504/b918650/lu5-327504/docs/v0.0.4/math/tan/meta.json
2026-03-02 07:37:58,545 - Knowledge - INFO - Fast-tracked /app/data/T0015/327504/b918650/lu5-327504/docs/v0.1.6/math/round/meta.json (ext=.json, size=328)
2026-03-02 07:37:58,743 - Knowledge - INFO - process ingested knowledge for /app/data/T0015/327504/b918650/lu5-327504/docs/v0.0.4/math/index.html
2026-03-02 07:37:58,863 - Knowledge - INFO - Worker kw3 processing /app/data/T0015/327504/b918650/lu5-327504/docs/v0.1.6/math/min/index.html
2026-03-02 07:37:58,985 - Knowledge - INFO - process ingested knowledge for /app/data/T0015/327504/b918650/lu5-327504/docs/v0.0.4/classes/class/index.html
2026-03-02 07:37:59,108 - Knowledge - INFO - Worker kw3 processing /app/data/T0015/327504/b918650/lu5-327504/docs/v0.1.6/math/min/meta.json
2026-03-02 07:37:59,244 - Knowledge - INFO - process ingested knowledge for /app/data/T0015/327504/b918650/lu5-327504/docs/v0.0.4/classes/class/meta.json
2026-03-02 07:37:59,258 - Knowledge - INFO - done ingest for /app/data/T0015/327504/b918650/lu5-327504/docs/v0.0.4/shapes/quad/index.html
2026-03-02 07:37:59,342 - Knowledge - INFO - Fast-tracked /app/data/T0015/327504/b918650/lu5-327504/docs/v0.1.6/math/min/meta.json (ext=.json, size=530)
2026-03-02 07:37:59,559 - Knowledge - INFO - done ingest for /app/data/T0015/327504/b918650/lu5-327504/docs/v0.0.4/setting/noFill/index.html
2026-03-02 07:37:59,672 - Knowledge - INFO - Worker kw3 processing /app/data/T0015/327504/b918650/lu5-327504/docs/v0.1.6/math/randomSeed/index.html
2026-03-02 07:37:59,861 - Knowledge - INFO - Worker kw3 processing /app/data/T0015/327504/b918650/lu5-327504/docs/v0.1.6/math/randomSeed/meta.json
2026-03-02 07:38:00,044 - Knowledge - INFO - Fast-tracked /app/data/T0015/327504/b918650/lu5-327504/docs/v0.1.6/math/randomSeed/meta.json (ext=.json, size=313)
2026-03-02 07:38:00,261 - Knowledge - INFO - Worker kw3 processing /app/data/T0015/327504/b918650/lu5-327504/docs/v0.1.6/math/floor/index.html
2026-03-02 07:38:00,466 - Knowledge - INFO - [kw6] Queue=683, InProgress=0, PendingWorkers=20/20, Completed=620/1455 (42.6%)
2026-03-02 07:38:00,674 - Knowledge - INFO - Batch sizing: calculated=8, max_allowed=10, queue=683, active_workers=20/20
2026-03-02 07:38:00,874 - Knowledge - INFO - Async storing batch of 8 embeddings
2026-03-02 07:38:01,051 - Knowledge - INFO - Worker kw6 processing /app/data/T0015/327504/b918650/lu5-327504/docs/v0.1.6/math/floor/meta.json
2026-03-02 07:38:01,262 - Knowledge - INFO - Async storage completed for 10 embeddings
2026-03-02 07:38:01,284 - Knowledge - INFO - Fast-tracked /app/data/T0015/327504/b918650/lu5-327504/docs/v0.1.6/math/floor/meta.json (ext=.json, size=498)
2026-03-02 07:38:01,498 - Knowledge - INFO - [LLM_CALL] Completed: index.html:chunk1, Duration: 549ms, PromptTokens: 4744, CompletionTokens: 59, Cost: $0.00050
2026-03-02 07:38:01,594 - Knowledge - INFO - Worker kw6 processing /app/data/T0015/327504/b918650/lu5-327504/docs/v0.1.6/math/sin/index.html
2026-03-02 07:38:01,754 - Knowledge - INFO - done ingest for /app/data/T0015/327504/b918650/lu5-327504/docs/v0.0.4/shapes/rect/index.html
2026-03-02 07:38:01,759 - Knowledge - INFO - done ingest for /app/data/T0015/327504/b918650/lu5-327504/docs/v0.0.4/setting/index.html
2026-03-02 07:38:01,847 - Knowledge - INFO - Worker kw6 processing /app/data/T0015/327504/b918650/lu5-327504/docs/v0.1.6/math/sin/meta.json
2026-03-02 07:38:02,144 - Knowledge - INFO - Fast-tracked /app/data/T0015/327504/b918650/lu5-327504/docs/v0.1.6/math/sin/meta.json (ext=.json, size=319)
2026-03-02 07:38:02,323 - Knowledge - INFO - Worker kw6 processing /app/data/T0015/327504/b918650/lu5-327504/docs/v0.1.6/math/abs/index.html
2026-03-02 07:38:02,512 - Knowledge - INFO - done ingest for /app/data/T0015/327504/b918650/lu5-327504/docs/v0.0.4/keyboard/keyReleased/index.html
2026-03-02 07:38:02,513 - Knowledge - INFO - Worker kw6 processing /app/data/T0015/327504/b918650/lu5-327504/docs/v0.1.6/math/abs/meta.json
2026-03-02 07:38:02,857 - Knowledge - INFO - Fast-tracked /app/data/T0015/327504/b918650/lu5-327504/docs/v0.1.6/math/abs/meta.json (ext=.json, size=411)
2026-03-02 07:38:03,052 - Knowledge - INFO - Worker kw6 processing /app/data/T0015/327504/b918650/lu5-327504/docs/v0.1.6/math/max/index.html
2026-03-02 07:38:03,190 - Knowledge - INFO - Async storage completed for 8 embeddings
2026-03-02 07:38:03,242 - Knowledge - INFO - Worker kw6 processing /app/data/T0015/327504/b918650/lu5-327504/docs/v0.1.6/math/max/meta.json
2026-03-02 07:38:03,461 - Knowledge - INFO - Fast-tracked /app/data/T0015/327504/b918650/lu5-327504/docs/v0.1.6/math/max/meta.json (ext=.json, size=529)
2026-03-02 07:38:03,577 - Knowledge - INFO - done ingest for /app/data/T0015/327504/b918650/lu5-327504/docs/v0.0.4/math/floor/index.html
2026-03-02 07:38:03,662 - Knowledge - INFO - Worker kw6 processing /app/data/T0015/327504/b918650/lu5-327504/docs/v0.1.6/math/map/index.html
2026-03-02 07:38:03,806 - Knowledge - INFO - done ingest for /app/data/T0015/327504/b918650/lu5-327504/docs/v0.0.4/math/round/index.html
2026-03-02 07:38:04,046 - Knowledge - INFO - [LLM_CALL] Completed: index.html:chunk1, Duration: 141ms, PromptTokens: 4536, CompletionTokens: 59, Cost: $0.00048
2026-03-02 07:38:04,244 - Knowledge - INFO - done ingest for /app/data/T0015/327504/b918650/lu5-327504/docs/v0.0.4/setting/noStroke/index.html
2026-03-02 07:38:04,897 - Knowledge - INFO - [LLM_CALL] Completed: index.html:chunk1, Duration: 201ms, PromptTokens: 4458, CompletionTokens: 59, Cost: $0.00047
2026-03-02 07:38:05,111 - Knowledge - INFO - done ingest for /app/data/T0015/327504/b918650/lu5-327504/docs/v0.0.4/keyboard/LEFT_ARROW/index.html
2026-03-02 07:38:05,800 - Knowledge - INFO - [LLM_CALL] Completed: index.html:chunk1, Duration: 512ms, PromptTokens: 4618, CompletionTokens: 59, Cost: $0.00049
2026-03-02 07:38:05,888 - Knowledge - INFO - Async storage completed for 8 embeddings
2026-03-02 07:38:06,011 - Knowledge - INFO - done ingest for /app/data/T0015/327504/b918650/lu5-327504/docs/v0.0.4/classes/index.html
2026-03-02 07:38:06,012 - Knowledge - INFO - done ingest for /app/data/T0015/327504/b918650/lu5-327504/docs/v0.0.4/math/min/index.html
2026-03-02 07:38:06,267 - Knowledge - INFO - done ingest for /app/data/T0015/327504/b918650/lu5-327504/docs/v0.0.4/shapes/square/index.html
2026-03-02 07:38:06,378 - Knowledge - INFO - Async storage completed for 8 embeddings
2026-03-02 07:38:06,455 - Knowledge - INFO - Processing batch of 8 files
2026-03-02 07:38:06,689 - Knowledge - INFO - process ingested knowledge for /app/data/T0015/327504/b918650/lu5-327504/docs/v0.0.4/shapes/rect/index.html
2026-03-02 07:38:06,900 - Knowledge - INFO - process ingested knowledge for /app/data/T0015/327504/b918650/lu5-327504/docs/v0.0.4/shapes/rect/meta.json
2026-03-02 07:38:07,052 - Knowledge - INFO - process ingested knowledge for /app/data/T0015/327504/b918650/lu5-327504/docs/v0.0.4/shapes/square/index.html
2026-03-02 07:38:07,257 - Knowledge - INFO - process ingested knowledge for /app/data/T0015/327504/b918650/lu5-327504/docs/v0.0.4/shapes/square/meta.json
2026-03-02 07:38:07,501 - Knowledge - INFO - process ingested knowledge for /app/data/T0015/327504/b918650/lu5-327504/docs/v0.0.4/shapes/quad/index.html
2026-03-02 07:38:07,507 - Knowledge - INFO - done ingest for /app/data/T0015/327504/b918650/lu5-327504/docs/v0.0.4/keyboard/BACKSPACE/index.html
2026-03-02 07:38:07,679 - Knowledge - INFO - process ingested knowledge for /app/data/T0015/327504/b918650/lu5-327504/docs/v0.0.4/shapes/quad/meta.json
2026-03-02 07:38:07,816 - Knowledge - INFO - Processing batch of 8 files
2026-03-02 07:38:07,890 - Knowledge - INFO - process ingested knowledge for /app/data/T0015/327504/b918650/lu5-327504/docs/v0.0.4/shapes/index.html
2026-03-02 07:38:08,044 - Knowledge - INFO - process ingested knowledge for /app/data/T0015/327504/b918650/lu5-327504/docs/v0.0.4/keyboard/ENTER/index.html
2026-03-02 07:38:08,223 - Knowledge - INFO - process ingested knowledge for /app/data/T0015/327504/b918650/lu5-327504/docs/v0.0.4/math/round/index.html
2026-03-02 07:38:08,341 - Knowledge - INFO - done ingest for /app/data/T0015/327504/b918650/lu5-327504/docs/v0.0.4/math/QUARTER_PI/index.html
2026-03-02 07:38:08,368 - Knowledge - INFO - process ingested knowledge for /app/data/T0015/327504/b918650/lu5-327504/docs/v0.0.4/keyboard/ENTER/meta.json
2026-03-02 07:38:08,395 - Knowledge - INFO - done ingest for /app/data/T0015/327504/b918650/lu5-327504/docs/v0.0.4/setting/fill/index.html
2026-03-02 07:38:08,716 - Knowledge - INFO - [LLM_CALL] Completed: index.html:chunk1, Duration: 80ms, PromptTokens: 4458, CompletionTokens: 59, Cost: $0.00047
2026-03-02 07:38:08,727 - Knowledge - INFO - process ingested knowledge for /app/data/T0015/327504/b918650/lu5-327504/docs/v0.0.4/keyboard/keyReleased/index.html
2026-03-02 07:38:08,916 - Knowledge - INFO - done ingest for /app/data/T0015/327504/b918650/lu5-327504/docs/v0.0.4/keyboard/UP_ARROW/index.html
2026-03-02 07:38:08,924 - Knowledge - INFO - Processing batch of 8 files
2026-03-02 07:38:09,133 - Knowledge - INFO - process ingested knowledge for /app/data/T0015/327504/b918650/lu5-327504/docs/v0.0.4/keyboard/keyReleased/meta.json
2026-03-02 07:38:09,317 - Knowledge - INFO - process ingested knowledge for /app/data/T0015/327504/b918650/lu5-327504/docs/v0.0.4/setting/stroke/meta.json
2026-03-02 07:38:09,332 - Knowledge - INFO - [LLM_CALL] Completed: index.html:chunk1, Duration: 411ms, PromptTokens: 4448, CompletionTokens: 59, Cost: $0.00047
2026-03-02 07:38:09,420 - Knowledge - INFO - process ingested knowledge for /app/data/T0015/327504/b918650/lu5-327504/docs/v0.0.4/keyboard/LEFT_ARROW/index.html
2026-03-02 07:38:09,533 - Knowledge - INFO - process ingested knowledge for /app/data/T0015/327504/b918650/lu5-327504/docs/v0.0.4/setting/noFill/index.html
2026-03-02 07:38:09,614 - Knowledge - INFO - done ingest for /app/data/T0015/327504/b918650/lu5-327504/docs/v0.0.4/setting/pop/index.html
2026-03-02 07:38:09,723 - Knowledge - INFO - process ingested knowledge for /app/data/T0015/327504/b918650/lu5-327504/docs/v0.0.4/keyboard/LEFT_ARROW/meta.json
2026-03-02 07:38:09,795 - Knowledge - INFO - [WEBSOCKET] Sent: Type=progress_update, Size: 293, Duration: 0ms
2026-03-02 07:38:09,829 - Knowledge - INFO - process ingested knowledge for /app/data/T0015/327504/b918650/lu5-327504/docs/v0.0.4/setting/noFill/meta.json
2026-03-02 07:38:10,052 - Knowledge - INFO - process ingested knowledge for /app/data/T0015/327504/b918650/lu5-327504/docs/v0.0.4/keyboard/BACKSPACE/index.html
2026-03-02 07:38:10,188 - Knowledge - INFO - [LLM_CALL] Completed: index.html:chunk1, Duration: 574ms, PromptTokens: 4712, CompletionTokens: 59, Cost: $0.00049
2026-03-02 07:38:10,296 - Knowledge - INFO - process ingested knowledge for /app/data/T0015/327504/b918650/lu5-327504/docs/v0.0.4/setting/noStroke/index.html
2026-03-02 07:38:10,362 - Knowledge - INFO - process ingested knowledge for /app/data/T0015/327504/b918650/lu5-327504/docs/v0.0.4/keyboard/BACKSPACE/meta.json
2026-03-02 07:38:10,491 - Knowledge - INFO - done ingest for /app/data/T0015/327504/b918650/lu5-327504/docs/v0.0.4/setting/background/index.html
2026-03-02 07:38:10,491 - Knowledge - INFO - [WEBSOCKET] Sent: Type=unknown, Size: ?, Duration: 696ms
2026-03-02 07:38:10,584 - Knowledge - INFO - process ingested knowledge for /app/data/T0015/327504/b918650/lu5-327504/docs/v0.0.4/setting/noStroke/meta.json
2026-03-02 07:38:10,941 - Knowledge - INFO - Progress: 44.3% | Files: 644/1455 | Rate: 1.50 files/sec | Queue: 675
2026-03-02 07:38:10,947 - Knowledge - INFO - done ingest for /app/data/T0015/327504/b918650/lu5-327504/docs/v0.0.4/math/TWO_PI/index.html
2026-03-02 07:38:11,113 - Knowledge - INFO - process ingested knowledge for /app/data/T0015/327504/b918650/lu5-327504/docs/v0.0.4/setting/index.html
2026-03-02 07:38:11,210 - Knowledge - INFO - [kw7] Queue=675, InProgress=0, PendingWorkers=20/20, Completed=644/1455 (44.3%)
2026-03-02 07:38:11,343 - Knowledge - INFO - Processing batch of 8 files
2026-03-02 07:38:11,465 - Knowledge - INFO - process ingested knowledge for /app/data/T0015/327504/b918650/lu5-327504/docs/v0.0.4/setting/fill/index.html
2026-03-02 07:38:11,498 - Knowledge - INFO - Batch sizing: calculated=8, max_allowed=10, queue=675, active_workers=20/20
2026-03-02 07:38:11,582 - Knowledge - INFO - process ingested knowledge for /app/data/T0015/327504/b918650/lu5-327504/docs/v0.0.4/math/round/meta.json
2026-03-02 07:38:11,817 - Knowledge - INFO - [LLM_CALL] Completed: index.html:chunk1, Duration: 264ms, PromptTokens: 4590, CompletionTokens: 59, Cost: $0.00048
2026-03-02 07:38:11,870 - Knowledge - INFO - process ingested knowledge for /app/data/T0015/327504/b918650/lu5-327504/docs/v0.0.4/setting/fill/meta.json
2026-03-02 07:38:11,927 - Knowledge - INFO - process ingested knowledge for /app/data/T0015/327504/b918650/lu5-327504/docs/v0.0.4/math/min/index.html
2026-03-02 07:38:12,020 - Knowledge - INFO - done ingest for /app/data/T0015/327504/b918650/lu5-327504/docs/v0.0.4/keyboard/keyHeld/index.html
2026-03-02 07:38:12,021 - Knowledge - INFO - [kw4] Queue=667, InProgress=0, PendingWorkers=20/20, Completed=652/1455 (44.8%)
2026-03-02 07:38:12,021 - Knowledge - INFO - Async storing batch of 8 embeddings
2026-03-02 07:38:12,250 - Knowledge - INFO - process ingested knowledge for /app/data/T0015/327504/b918650/lu5-327504/docs/v0.0.4/math/min/meta.json
2026-03-02 07:38:12,440 - Knowledge - INFO - done ingest for /app/data/T0015/327504/b918650/lu5-327504/docs/v0.0.4/keyboard/isKeyDown/index.html
2026-03-02 07:38:12,451 - Knowledge - INFO - Batch sizing: calculated=8, max_allowed=10, queue=667, active_workers=20/20
2026-03-02 07:38:12,589 - Knowledge - INFO - Worker kw7 processing /app/data/T0015/327504/b918650/lu5-327504/docs/v0.1.6/math/map/meta.json
2026-03-02 07:38:12,595 - Knowledge - INFO - done ingest for /app/data/T0015/327504/b918650/lu5-327504/docs/v0.0.4/setting/push/index.html
2026-03-02 07:38:12,759 - Knowledge - INFO - process ingested knowledge for /app/data/T0015/327504/b918650/lu5-327504/docs/v0.0.4/math/QUARTER_PI/index.html
2026-03-02 07:38:12,995 - Knowledge - INFO - Async storing batch of 8 embeddings
2026-03-02 07:38:13,007 - Knowledge - INFO - Fast-tracked /app/data/T0015/327504/b918650/lu5-327504/docs/v0.1.6/math/map/meta.json (ext=.json, size=576)
2026-03-02 07:38:13,218 - Knowledge - INFO - process ingested knowledge for /app/data/T0015/327504/b918650/lu5-327504/docs/v0.0.4/math/QUARTER_PI/meta.json
2026-03-02 07:38:13,248 - Knowledge - INFO - [kw18] Queue=659, InProgress=0, PendingWorkers=20/20, Completed=652/1455 (44.8%)
2026-03-02 07:38:13,322 - Knowledge - INFO - Worker kw4 processing /app/data/T0015/327504/b918650/lu5-327504/docs/v0.1.6/math/ceil/meta.json
2026-03-02 07:38:13,434 - Knowledge - INFO - Worker kw7 processing /app/data/T0015/327504/b918650/lu5-327504/docs/v0.1.6/math/constrain/index.html
2026-03-02 07:38:13,523 - Knowledge - INFO - process ingested knowledge for /app/data/T0015/327504/b918650/lu5-327504/docs/v0.0.4/math/TWO_PI/index.html
2026-03-02 07:38:13,617 - Knowledge - INFO - Batch sizing: calculated=8, max_allowed=10, queue=659, active_workers=20/20
2026-03-02 07:38:13,742 - Knowledge - INFO - Fast-tracked /app/data/T0015/327504/b918650/lu5-327504/docs/v0.1.6/math/ceil/meta.json (ext=.json, size=475)
2026-03-02 07:38:13,831 - Knowledge - INFO - Worker kw7 processing /app/data/T0015/327504/b918650/lu5-327504/docs/v0.1.6/math/constrain/meta.json
2026-03-02 07:38:13,860 - Knowledge - INFO - Async storage completed for 8 embeddings
2026-03-02 07:38:13,935 - Knowledge - INFO - process ingested knowledge for /app/data/T0015/327504/b918650/lu5-327504/docs/v0.0.4/math/TWO_PI/meta.json
2026-03-02 07:38:14,020 - Knowledge - INFO - Async storing batch of 8 embeddings
2026-03-02 07:38:14,169 - Knowledge - INFO - [LLM_CALL] Completed: index.html:chunk1, Duration: 1391ms, PromptTokens: 4458, CompletionTokens: 59, Cost: $0.00047
2026-03-02 07:38:14,171 - Knowledge - INFO - Worker kw4 processing /app/data/T0015/327504/b918650/lu5-327504/docs/v0.1.6/math/tan/index.html
2026-03-02 07:38:14,250 - Knowledge - INFO - Fast-tracked /app/data/T0015/327504/b918650/lu5-327504/docs/v0.1.6/math/constrain/meta.json (ext=.json, size=438)
2026-03-02 07:38:14,519 - Knowledge - INFO - process ingested knowledge for /app/data/T0015/327504/b918650/lu5-327504/docs/v0.0.4/math/floor/index.html
2026-03-02 07:38:14,606 - Knowledge - INFO - Worker kw18 processing /app/data/T0015/327504/b918650/lu5-327504/docs/v0.1.6/setting/strokeWeight/meta.json
2026-03-02 07:38:14,686 - Knowledge - INFO - done ingest for /app/data/T0015/327504/b918650/lu5-327504/docs/v0.0.4/keyboard/DOWN_ARROW/index.html
2026-03-02 07:38:14,686 - Knowledge - INFO - done ingest for /app/data/T0015/327504/b918650/lu5-327504/docs/v0.0.4/keyboard/keyPressed/index.html
2026-03-02 07:38:14,881 - Knowledge - INFO - Worker kw4 processing /app/data/T0015/327504/b918650/lu5-327504/docs/v0.1.6/math/tan/meta.json
2026-03-02 07:38:14,885 - Knowledge - INFO - done ingest for /app/data/T0015/327504/b918650/lu5-327504/docs/v0.0.4/setting/stroke/index.html
2026-03-02 07:38:14,909 - Knowledge - INFO - Worker kw7 processing /app/data/T0015/327504/b918650/lu5-327504/docs/v0.1.6/math/random/index.html
2026-03-02 07:38:15,147 - Knowledge - INFO - Fast-tracked /app/data/T0015/327504/b918650/lu5-327504/docs/v0.1.6/setting/strokeWeight/meta.json (ext=.json, size=323)
2026-03-02 07:38:15,433 - Knowledge - INFO - Fast-tracked /app/data/T0015/327504/b918650/lu5-327504/docs/v0.1.6/math/tan/meta.json (ext=.json, size=322)
2026-03-02 07:38:15,652 - Knowledge - INFO - Worker kw7 processing /app/data/T0015/327504/b918650/lu5-327504/docs/v0.1.6/math/random/meta.json
2026-03-02 07:38:15,729 - Knowledge - INFO - Worker kw18 processing /app/data/T0015/327504/b918650/lu5-327504/docs/v0.1.6/setting/push/index.html
2026-03-02 07:38:15,872 - Knowledge - INFO - Worker kw4 processing /app/data/T0015/327504/b918650/lu5-327504/docs/v0.1.6/math/index.html
2026-03-02 07:38:15,955 - Knowledge - INFO - Fast-tracked /app/data/T0015/327504/b918650/lu5-327504/docs/v0.1.6/math/random/meta.json (ext=.json, size=602)
2026-03-02 07:38:15,976 - Knowledge - INFO - [kw5] Queue=651, InProgress=0, PendingWorkers=20/20, Completed=652/1455 (44.8%)
2026-03-02 07:38:16,042 - Knowledge - INFO - Worker kw18 processing /app/data/T0015/327504/b918650/lu5-327504/docs/v0.1.6/setting/push/meta.json
2026-03-02 07:38:16,134 - Knowledge - INFO - Worker kw4 processing /app/data/T0015/327504/b918650/lu5-327504/docs/v0.1.6/classes/class/index.html
2026-03-02 07:38:16,228 - Knowledge - INFO - Worker kw7 processing /app/data/T0015/327504/b918650/lu5-327504/docs/v0.1.6/math/cos/index.html
2026-03-02 07:38:16,322 - Knowledge - INFO - Batch sizing: calculated=8, max_allowed=10, queue=651, active_workers=20/20
2026-03-02 07:38:16,426 - Knowledge - INFO - Fast-tracked /app/data/T0015/327504/b918650/lu5-327504/docs/v0.1.6/setting/push/meta.json (ext=.json, size=207)
2026-03-02 07:38:16,575 - Knowledge - INFO - [LLM_CALL] Completed: index.html:chunk1, Duration: 188ms, PromptTokens: 4458, CompletionTokens: 59, Cost: $0.00047
2026-03-02 07:38:16,581 - Knowledge - INFO - Worker kw4 processing /app/data/T0015/327504/b918650/lu5-327504/docs/v0.1.6/classes/class/meta.json
2026-03-02 07:38:16,732 - Knowledge - INFO - Worker kw7 processing /app/data/T0015/327504/b918650/lu5-327504/docs/v0.1.6/math/cos/meta.json
2026-03-02 07:38:16,912 - Knowledge - INFO - Worker kw18 processing /app/data/T0015/327504/b918650/lu5-327504/docs/v0.1.6/setting/background/index.html
2026-03-02 07:38:17,034 - Knowledge - INFO - done ingest for /app/data/T0015/327504/b918650/lu5-327504/docs/v0.0.4/keyboard/RIGHT_ARROW/index.html
2026-03-02 07:38:17,035 - Knowledge - INFO - Async storing batch of 8 embeddings
2026-03-02 07:38:17,035 - Knowledge - INFO - done ingest for /app/data/T0015/327504/b918650/lu5-327504/docs/v0.0.4/keyboard/index.html
2026-03-02 07:38:17,050 - Knowledge - INFO - Async storage completed for 8 embeddings
2026-03-02 07:38:17,118 - Knowledge - INFO - Fast-tracked /app/data/T0015/327504/b918650/lu5-327504/docs/v0.1.6/classes/class/meta.json (ext=.json, size=849)
2026-03-02 07:38:17,279 - Knowledge - INFO - Fast-tracked /app/data/T0015/327504/b918650/lu5-327504/docs/v0.1.6/math/cos/meta.json (ext=.json, size=321)
2026-03-02 07:38:17,289 - Knowledge - INFO - done ingest for /app/data/T0015/327504/b918650/lu5-327504/docs/v0.0.4/setting/strokeWeight/index.html
2026-03-02 07:38:17,360 - Knowledge - INFO - Worker kw18 processing /app/data/T0015/327504/b918650/lu5-327504/docs/v0.1.6/setting/background/meta.json
2026-03-02 07:38:17,474 - Knowledge - INFO - Processing batch of 8 files
2026-03-02 07:38:17,597 - Knowledge - INFO - Worker kw5 processing /app/data/T0015/327504/b918650/lu5-327504/docs/v0.1.6/setting/noFill/meta.json
2026-03-02 07:38:17,713 - Knowledge - INFO - Processing batch of 8 files
2026-03-02 07:38:17,832 - Knowledge - INFO - [LLM_CALL] Completed: index.html:chunk1, Duration: 475ms, PromptTokens: 4844, CompletionTokens: 59, Cost: $0.00051
2026-03-02 07:38:17,906 - Knowledge - INFO - Worker kw4 processing /app/data/T0015/327504/b918650/lu5-327504/docs/v0.1.6/classes/index.html
2026-03-02 07:38:18,011 - Knowledge - INFO - Worker kw7 processing /app/data/T0015/327504/b918650/lu5-327504/docs/v0.1.6/math/ceil/index.html
2026-03-02 07:38:18,241 - Knowledge - INFO - Fast-tracked /app/data/T0015/327504/b918650/lu5-327504/docs/v0.1.6/setting/background/meta.json (ext=.json, size=392)
2026-03-02 07:38:18,328 - Knowledge - INFO - process ingested knowledge for /app/data/T0015/327504/b918650/lu5-327504/docs/v0.0.4/setting/pop/index.html
2026-03-02 07:38:18,416 - Knowledge - INFO - Fast-tracked /app/data/T0015/327504/b918650/lu5-327504/docs/v0.1.6/setting/noFill/meta.json (ext=.json, size=198)
2026-03-02 07:38:18,520 - Knowledge - INFO - process ingested knowledge for /app/data/T0015/327504/b918650/lu5-327504/docs/v0.0.4/keyboard/isKeyDown/index.html
2026-03-02 07:38:18,667 - Knowledge - INFO - done ingest for /app/data/T0015/327504/b918650/lu5-327504/docs/v0.0.4/mouse/mouseReleased/index.html
2026-03-02 07:38:18,667 - Knowledge - INFO - Processing batch of 8 files
2026-03-02 07:38:18,765 - Knowledge - INFO - Worker kw4 processing /app/data/T0015/327504/b918650/lu5-327504/docs/v0.1.6/setting/strokeWeight/index.html
2026-03-02 07:38:18,883 - Knowledge - INFO - Async storage completed for 8 embeddings
2026-03-02 07:38:18,968 - Knowledge - INFO - Worker kw18 processing /app/data/T0015/327504/b918650/lu5-327504/docs/v0.1.6/setting/stroke/index.html
2026-03-02 07:38:19,070 - Knowledge - INFO - process ingested knowledge for /app/data/T0015/327504/b918650/lu5-327504/docs/v0.0.4/setting/pop/meta.json
2026-03-02 07:38:19,190 - Knowledge - INFO - Worker kw5 processing /app/data/T0015/327504/b918650/lu5-327504/docs/v0.1.6/setting/debugMode/index.html
2026-03-02 07:38:19,268 - Knowledge - INFO - process ingested knowledge for /app/data/T0015/327504/b918650/lu5-327504/docs/v0.0.4/keyboard/isKeyDown/meta.json
2026-03-02 07:38:19,475 - Knowledge - INFO - process ingested knowledge for /app/data/T0015/327504/b918650/lu5-327504/docs/v0.0.4/classes/index.html
2026-03-02 07:38:19,481 - Knowledge - INFO - [LLM_CALL] Completed: index.html:chunk1, Duration: 197ms, PromptTokens: 4912, CompletionTokens: 59, Cost: $0.00051
2026-03-02 07:38:19,751 - Knowledge - INFO - Worker kw18 processing /app/data/T0015/327504/b918650/lu5-327504/docs/v0.1.6/setting/stroke/meta.json
2026-03-02 07:38:19,834 - Knowledge - INFO - process ingested knowledge for /app/data/T0015/327504/b918650/lu5-327504/docs/v0.0.4/keyboard/RIGHT_ARROW/index.html
2026-03-02 07:38:19,952 - Knowledge - INFO - Worker kw5 processing /app/data/T0015/327504/b918650/lu5-327504/docs/v0.1.6/setting/debugMode/meta.json
2026-03-02 07:38:20,029 - Knowledge - INFO - process ingested knowledge for /app/data/T0015/327504/b918650/lu5-327504/docs/v0.0.4/keyboard/index.html
2026-03-02 07:38:20,116 - Knowledge - INFO - process ingested knowledge for /app/data/T0015/327504/b918650/lu5-327504/docs/v0.0.4/setting/strokeWeight/index.html
2026-03-02 07:38:20,242 - Knowledge - INFO - done ingest for /app/data/T0015/327504/b918650/lu5-327504/docs/v0.1.6/io/loadText/index.html
2026-03-02 07:38:20,398 - Knowledge - INFO - Fast-tracked /app/data/T0015/327504/b918650/lu5-327504/docs/v0.1.6/setting/stroke/meta.json (ext=.json, size=485)
2026-03-02 07:38:20,478 - Knowledge - INFO - process ingested knowledge for /app/data/T0015/327504/b918650/lu5-327504/docs/v0.0.4/keyboard/RIGHT_ARROW/meta.json
2026-03-02 07:38:20,624 - Knowledge - INFO - Fast-tracked /app/data/T0015/327504/b918650/lu5-327504/docs/v0.1.6/setting/debugMode/meta.json (ext=.json, size=783)
2026-03-02 07:38:20,676 - Knowledge - INFO - [LLM_CALL] Completed: index.html:chunk1, Duration: 434ms, PromptTokens: 4614, CompletionTokens: 59, Cost: $0.00048
2026-03-02 07:38:20,700 - Knowledge - INFO - process ingested knowledge for /app/data/T0015/327504/b918650/lu5-327504/docs/v0.0.4/keyboard/keyPressed/index.html
2026-03-02 07:38:20,862 - Knowledge - INFO - process ingested knowledge for /app/data/T0015/327504/b918650/lu5-327504/docs/v0.0.4/setting/strokeWeight/meta.json
2026-03-02 07:38:21,084 - Knowledge - INFO - Worker kw18 processing /app/data/T0015/327504/b918650/lu5-327504/docs/v0.1.6/setting/noFill/index.html
2026-03-02 07:38:21,177 - Knowledge - INFO - process ingested knowledge for /app/data/T0015/327504/b918650/lu5-327504/docs/v0.0.4/keyboard/DOWN_ARROW/index.html
2026-03-02 07:38:21,342 - Knowledge - INFO - Worker kw5 processing /app/data/T0015/327504/b918650/lu5-327504/docs/v0.1.6/setting/noStroke/index.html
2026-03-02 07:38:21,471 - Knowledge - INFO - done ingest for /app/data/T0015/327504/b918650/lu5-327504/docs/v0.0.4/mouse/mouseY/index.html
2026-03-02 07:38:21,472 - Knowledge - INFO - done ingest for /app/data/T0015/327504/b918650/lu5-327504/docs/v0.1.6/shapes/arc/index.html
2026-03-02 07:38:21,590 - Knowledge - INFO - process ingested knowledge for /app/data/T0015/327504/b918650/lu5-327504/docs/v0.0.4/keyboard/keyPressed/meta.json
2026-03-02 07:38:21,701 - Knowledge - INFO - process ingested knowledge for /app/data/T0015/327504/b918650/lu5-327504/docs/v0.0.4/setting/push/index.html
2026-03-02 07:38:21,917 - Knowledge - INFO - process ingested knowledge for /app/data/T0015/327504/b918650/lu5-327504/docs/v0.0.4/keyboard/DOWN_ARROW/meta.json
2026-03-02 07:38:22,038 - Knowledge - INFO - Worker kw5 processing /app/data/T0015/327504/b918650/lu5-327504/docs/v0.1.6/setting/noStroke/meta.json
2026-03-02 07:38:22,291 - Knowledge - INFO - Async storage completed for 8 embeddings
2026-03-02 07:38:22,310 - Knowledge - INFO - process ingested knowledge for /app/data/T0015/327504/b918650/lu5-327504/docs/v0.0.4/keyboard/UP_ARROW/index.html
2026-03-02 07:38:22,403 - Knowledge - INFO - process ingested knowledge for /app/data/T0015/327504/b918650/lu5-327504/docs/v0.0.4/setting/push/meta.json
2026-03-02 07:38:22,488 - Knowledge - INFO - process ingested knowledge for /app/data/T0015/327504/b918650/lu5-327504/docs/v0.0.4/keyboard/keyHeld/index.html
2026-03-02 07:38:22,502 - Knowledge - INFO - [LLM_CALL] Completed: index.html:chunk1, Duration: 304ms, PromptTokens: 4952, CompletionTokens: 59, Cost: $0.00052
2026-03-02 07:38:22,585 - Knowledge - INFO - Fast-tracked /app/data/T0015/327504/b918650/lu5-327504/docs/v0.1.6/setting/noStroke/meta.json (ext=.json, size=303)
2026-03-02 07:38:22,796 - Knowledge - INFO - process ingested knowledge for /app/data/T0015/327504/b918650/lu5-327504/docs/v0.0.4/keyboard/UP_ARROW/meta.json
2026-03-02 07:38:22,880 - Knowledge - INFO - process ingested knowledge for /app/data/T0015/327504/b918650/lu5-327504/docs/v0.0.4/setting/background/index.html
2026-03-02 07:38:22,982 - Knowledge - INFO - process ingested knowledge for /app/data/T0015/327504/b918650/lu5-327504/docs/v0.0.4/keyboard/keyHeld/meta.json
2026-03-02 07:38:23,106 - Knowledge - INFO - done ingest for /app/data/T0015/327504/b918650/lu5-327504/docs/v0.1.6/io/loadStrings/index.html
2026-03-02 07:38:23,189 - Knowledge - INFO - Worker kw5 processing /app/data/T0015/327504/b918650/lu5-327504/docs/v0.1.6/setting/index.html
2026-03-02 07:38:23,303 - Knowledge - INFO - process ingested knowledge for /app/data/T0015/327504/b918650/lu5-327504/docs/v0.0.4/modules.json
2026-03-02 07:38:23,388 - Knowledge - INFO - process ingested knowledge for /app/data/T0015/327504/b918650/lu5-327504/docs/v0.0.4/setting/background/meta.json
2026-03-02 07:38:23,663 - Knowledge - INFO - done ingest for /app/data/T0015/327504/b918650/lu5-327504/docs/v0.0.4/mouse/mouseX/index.html
2026-03-02 07:38:23,741 - Knowledge - INFO - Worker kw5 processing /app/data/T0015/327504/b918650/lu5-327504/docs/v0.1.6/setting/fill/index.html
2026-03-02 07:38:23,885 - Knowledge - INFO - done ingest for /app/data/T0015/327504/b918650/lu5-327504/docs/v0.1.6/shapes/point/index.html
2026-03-02 07:38:24,037 - Knowledge - INFO - process ingested knowledge for /app/data/T0015/327504/b918650/lu5-327504/docs/v0.0.4/setting/stroke/index.html
2026-03-02 07:38:24,111 - Knowledge - INFO - Worker kw5 processing /app/data/T0015/327504/b918650/lu5-327504/docs/v0.1.6/setting/fill/meta.json
2026-03-02 07:38:24,409 - Knowledge - INFO - Fast-tracked /app/data/T0015/327504/b918650/lu5-327504/docs/v0.1.6/setting/fill/meta.json (ext=.json, size=508)
2026-03-02 07:38:24,653 - Knowledge - INFO - done ingest for /app/data/T0015/327504/b918650/lu5-327504/docs/v0.0.4/typography/textFont/index.html
2026-03-02 07:38:25,133 - Knowledge - INFO - [LLM_CALL] Completed: index.html:chunk1, Duration: 471ms, PromptTokens: 4794, CompletionTokens: 59, Cost: $0.00050
2026-03-02 07:38:25,321 - Knowledge - INFO - Async storage completed for 8 embeddings
2026-03-02 07:38:25,343 - Knowledge - INFO - done ingest for /app/data/T0015/327504/b918650/lu5-327504/docs/v0.0.4/typography/loadFont/index.html
2026-03-02 07:38:25,392 - Knowledge - INFO - [WEBSOCKET] Sent: Type=progress_update, Size: 292, Duration: 0ms
2026-03-02 07:38:25,576 - Knowledge - INFO - Async storage completed for 8 embeddings
2026-03-02 07:38:25,740 - Knowledge - INFO - done ingest for /app/data/T0015/327504/b918650/lu5-327504/docs/v0.0.4/mouse/mouseIsPressed/index.html
2026-03-02 07:38:25,742 - Knowledge - INFO - [WEBSOCKET] Sent: Type=unknown, Size: ?, Duration: 351ms
2026-03-02 07:38:26,093 - Knowledge - INFO - Progress: 46.5% | Files: 684/1455 | Rate: 1.54 files/sec | Queue: 643
2026-03-02 07:38:26,095 - Knowledge - INFO - done ingest for /app/data/T0015/327504/b918650/lu5-327504/docs/v0.1.6/shapes/triangle/index.html
2026-03-02 07:38:26,095 - Knowledge - INFO - Processing batch of 8 files
2026-03-02 07:38:26,185 - Knowledge - INFO - [kw10] Queue=643, InProgress=0, PendingWorkers=20/20, Completed=684/1455 (47.0%)
2026-03-02 07:38:26,242 - Knowledge - INFO - [kw20] Queue=643, InProgress=0, PendingWorkers=20/20, Completed=684/1455 (47.0%)
2026-03-02 07:38:26,275 - Knowledge - INFO - [kw9] Queue=643, InProgress=0, PendingWorkers=20/20, Completed=684/1455 (47.0%)
2026-03-02 07:38:26,516 - Knowledge - INFO - process ingested knowledge for /app/data/T0015/327504/b918650/lu5-327504/docs/v0.0.4/mouse/mouseY/index.html
2026-03-02 07:38:26,600 - Knowledge - INFO - Batch sizing: calculated=8, max_allowed=10, queue=643, active_workers=20/20
2026-03-02 07:38:26,714 - Knowledge - INFO - Batch sizing: calculated=8, max_allowed=10, queue=643, active_workers=20/20
2026-03-02 07:38:26,784 - Knowledge - INFO - done ingest for /app/data/T0015/327504/b918650/lu5-327504/docs/v0.0.4/typography/textSize/index.html
2026-03-02 07:38:26,822 - Knowledge - INFO - Batch sizing: calculated=8, max_allowed=10, queue=643, active_workers=20/20
2026-03-02 07:38:26,887 - Knowledge - INFO - process ingested knowledge for /app/data/T0015/327504/b918650/lu5-327504/docs/v0.0.4/mouse/mouseY/meta.json
2026-03-02 07:38:26,994 - Knowledge - INFO - Async storing batch of 8 embeddings
2026-03-02 07:38:27,147 - Knowledge - INFO - Async storing batch of 8 embeddings
2026-03-02 07:38:27,216 - Knowledge - INFO - done ingest for /app/data/T0015/327504/b918650/lu5-327504/docs/v0.1.6/io/print/index.html
2026-03-02 07:38:27,298 - Knowledge - INFO - Async storing batch of 8 embeddings
2026-03-02 07:38:27,398 - Knowledge - INFO - process ingested knowledge for /app/data/T0015/327504/b918650/lu5-327504/docs/v0.0.4/mouse/mouseReleased/index.html
2026-03-02 07:38:27,486 - Knowledge - INFO - Worker kw10 processing /app/data/T0015/327504/b918650/lu5-327504/docs/v0.1.6/setting/pop/index.html
2026-03-02 07:38:27,597 - Knowledge - INFO - Async storage completed for 8 embeddings
2026-03-02 07:38:27,601 - Knowledge - INFO - done ingest for /app/data/T0015/327504/b918650/lu5-327504/docs/v0.1.6/window/deltaTime/index.html
2026-03-02 07:38:27,605 - Knowledge - INFO - Worker kw20 processing /app/data/T0015/327504/b918650/lu5-327504/docs/v0.1.6/keyboard/index.html
2026-03-02 07:38:27,718 - Knowledge - INFO - Processing batch of 8 files
2026-03-02 07:38:27,887 - Knowledge - INFO - Worker kw9 processing /app/data/T0015/327504/b918650/lu5-327504/docs/v0.1.6/mouse/mouseReleased/index.html
2026-03-02 07:38:27,923 - Knowledge - INFO - [LLM_CALL] Completed: index.html:chunk1, Duration: 208ms, PromptTokens: 5010, CompletionTokens: 59, Cost: $0.00052
2026-03-02 07:38:27,988 - Knowledge - INFO - process ingested knowledge for /app/data/T0015/327504/b918650/lu5-327504/docs/v0.0.4/mouse/mouseReleased/meta.json
2026-03-02 07:38:28,067 - Knowledge - INFO - Worker kw10 processing /app/data/T0015/327504/b918650/lu5-327504/docs/v0.1.6/setting/pop/meta.json
2026-03-02 07:38:28,434 - Knowledge - INFO - Worker kw20 processing /app/data/T0015/327504/b918650/lu5-327504/docs/v0.1.6/keyboard/keyPressed/index.html
2026-03-02 07:38:28,565 - Knowledge - INFO - process ingested knowledge for /app/data/T0015/327504/b918650/lu5-327504/docs/v0.0.4/typography/loadFont/index.html
2026-03-02 07:38:28,700 - Knowledge - INFO - Worker kw9 processing /app/data/T0015/327504/b918650/lu5-327504/docs/v0.1.6/mouse/mouseReleased/meta.json
2026-03-02 07:38:28,735 - Knowledge - INFO - Async storage completed for 8 embeddings
2026-03-02 07:38:28,769 - Knowledge - INFO - done ingest for /app/data/T0015/327504/b918650/lu5-327504/docs/v0.1.6/shapes/rect/index.html
2026-03-02 07:38:28,769 - Knowledge - INFO - [LLM_CALL] Completed: index.html:chunk1, Duration: 0ms, PromptTokens: 5174, CompletionTokens: 59, Cost: $0.00054
2026-03-02 07:38:28,888 - Knowledge - INFO - process ingested knowledge for /app/data/T0015/327504/b918650/lu5-327504/docs/v0.0.4/mouse/mouseX/index.html
2026-03-02 07:38:28,969 - Knowledge - INFO - Fast-tracked /app/data/T0015/327504/b918650/lu5-327504/docs/v0.1.6/setting/pop/meta.json (ext=.json, size=210)
2026-03-02 07:38:29,058 - Knowledge - INFO - Worker kw20 processing /app/data/T0015/327504/b918650/lu5-327504/docs/v0.1.6/keyboard/keyPressed/meta.json
2026-03-02 07:38:29,126 - Knowledge - INFO - process ingested knowledge for /app/data/T0015/327504/b918650/lu5-327504/docs/v0.0.4/typography/loadFont/meta.json
2026-03-02 07:38:29,253 - Knowledge - INFO - Fast-tracked /app/data/T0015/327504/b918650/lu5-327504/docs/v0.1.6/mouse/mouseReleased/meta.json (ext=.json, size=688)
2026-03-02 07:38:29,579 - Knowledge - INFO - done ingest for /app/data/T0015/327504/b918650/lu5-327504/docs/v0.1.6/shapes/beginShape/index.html
2026-03-02 07:38:29,579 - Knowledge - INFO - done ingest for /app/data/T0015/327504/b918650/lu5-327504/docs/v0.1.6/window/frameRate/index.html
2026-03-02 07:38:29,677 - Knowledge - INFO - process ingested knowledge for /app/data/T0015/327504/b918650/lu5-327504/docs/v0.0.4/mouse/mouseX/meta.json
2026-03-02 07:38:29,784 - Knowledge - INFO - Worker kw10 processing /app/data/T0015/327504/b918650/lu5-327504/docs/v0.1.6/keyboard/keyHeld/index.html
2026-03-02 07:38:29,902 - Knowledge - INFO - [LLM_CALL] Completed: index.html:chunk1, Duration: 190ms, PromptTokens: 4790, CompletionTokens: 59, Cost: $0.00050
2026-03-02 07:38:30,013 - Knowledge - INFO - Fast-tracked /app/data/T0015/327504/b918650/lu5-327504/docs/v0.1.6/keyboard/keyPressed/meta.json (ext=.json, size=578)
2026-03-02 07:38:30,033 - Knowledge - INFO - process ingested knowledge for /app/data/T0015/327504/b918650/lu5-327504/docs/v0.1.6/io/loadStrings/index.html
2026-03-02 07:38:30,129 - Knowledge - INFO - Worker kw9 processing /app/data/T0015/327504/b918650/lu5-327504/docs/v0.1.6/mouse/mouseWheel/index.html
2026-03-02 07:38:30,436 - Knowledge - INFO - process ingested knowledge for /app/data/T0015/327504/b918650/lu5-327504/docs/v0.0.4/mouse/mouseIsPressed/index.html
2026-03-02 07:38:30,545 - Knowledge - INFO - Worker kw10 processing /app/data/T0015/327504/b918650/lu5-327504/docs/v0.1.6/keyboard/keyHeld/meta.json
2026-03-02 07:38:30,625 - Knowledge - INFO - done ingest for /app/data/T0015/327504/b918650/lu5-327504/docs/v0.0.4/image/loadImage/index.html
2026-03-02 07:38:30,625 - Knowledge - INFO - done ingest for /app/data/T0015/327504/b918650/lu5-327504/docs/v0.0.4/typography/text/index.html
2026-03-02 07:38:30,625 - Knowledge - INFO - Processing batch of 8 files
2026-03-02 07:38:30,699 - Knowledge - INFO - Worker kw20 processing /app/data/T0015/327504/b918650/lu5-327504/docs/v0.1.6/modules.json
2026-03-02 07:38:30,806 - Knowledge - INFO - done ingest for /app/data/T0015/327504/b918650/lu5-327504/docs/v0.1.6/shapes/square/index.html
2026-03-02 07:38:30,881 - Knowledge - INFO - process ingested knowledge for /app/data/T0015/327504/b918650/lu5-327504/docs/v0.1.6/io/loadStrings/meta.json
2026-03-02 07:38:31,036 - Knowledge - INFO - Worker kw9 processing /app/data/T0015/327504/b918650/lu5-327504/docs/v0.1.6/mouse/mouseWheel/meta.json
2026-03-02 07:38:31,144 - Knowledge - INFO - process ingested knowledge for /app/data/T0015/327504/b918650/lu5-327504/docs/v0.0.4/mouse/mouseIsPressed/meta.json
2026-03-02 07:38:31,290 - Knowledge - INFO - done ingest for /app/data/T0015/327504/b918650/lu5-327504/docs/v0.1.6/io/index.html
2026-03-02 07:38:31,292 - Knowledge - INFO - Fast-tracked /app/data/T0015/327504/b918650/lu5-327504/docs/v0.1.6/keyboard/keyHeld/meta.json (ext=.json, size=386)
2026-03-02 07:38:31,576 - Knowledge - INFO - process ingested knowledge for /app/data/T0015/327504/b918650/lu5-327504/docs/v0.1.6/shapes/circle/meta.json
2026-03-02 07:38:31,782 - Knowledge - INFO - Fast-tracked /app/data/T0015/327504/b918650/lu5-327504/docs/v0.1.6/modules.json (ext=.json, size=3269)
2026-03-02 07:38:31,787 - Knowledge - INFO - done ingest for /app/data/T0015/327504/b918650/lu5-327504/docs/v0.1.6/window/index.html
2026-03-02 07:38:31,967 - Knowledge - INFO - process ingested knowledge for /app/data/T0015/327504/b918650/lu5-327504/docs/v0.1.6/io/loadText/index.html
2026-03-02 07:38:32,061 - Knowledge - INFO - Fast-tracked /app/data/T0015/327504/b918650/lu5-327504/docs/v0.1.6/mouse/mouseWheel/meta.json (ext=.json, size=630)
2026-03-02 07:38:32,365 - Knowledge - INFO - Worker kw10 processing /app/data/T0015/327504/b918650/lu5-327504/docs/v0.1.6/keyboard/keyReleased/index.html
2026-03-02 07:38:32,474 - Knowledge - INFO - process ingested knowledge for /app/data/T0015/327504/b918650/lu5-327504/docs/v0.1.6/shapes/point/index.html
2026-03-02 07:38:32,557 - Knowledge - INFO - done ingest for /app/data/T0015/327504/b918650/lu5-327504/docs/v0.0.4/image/image/index.html
2026-03-02 07:38:32,663 - Knowledge - INFO - Worker kw20 processing /app/data/T0015/327504/b918650/lu5-327504/docs/v0.1.6/mouse/pmouseY/index.html
2026-03-02 07:38:32,847 - Knowledge - INFO - done ingest for /app/data/T0015/327504/b918650/lu5-327504/docs/v0.0.4/index.html
2026-03-02 07:38:32,909 - Knowledge - INFO - process ingested knowledge for /app/data/T0015/327504/b918650/lu5-327504/docs/v0.1.6/io/loadText/meta.json
2026-03-02 07:38:33,000 - Knowledge - INFO - Worker kw9 processing /app/data/T0015/327504/b918650/lu5-327504/docs/v0.1.6/mouse/pmouseX/index.html
2026-03-02 07:38:33,117 - Knowledge - INFO - Worker kw10 processing /app/data/T0015/327504/b918650/lu5-327504/docs/v0.1.6/keyboard/keyReleased/meta.json
2026-03-02 07:38:33,543 - Knowledge - INFO - process ingested knowledge for /app/data/T0015/327504/b918650/lu5-327504/docs/v0.1.6/shapes/point/meta.json
2026-03-02 07:38:33,612 - Knowledge - INFO - done ingest for /app/data/T0015/327504/b918650/lu5-327504/docs/v0.1.6/shapes/ellipse/index.html
2026-03-02 07:38:33,741 - Knowledge - INFO - Worker kw20 processing /app/data/T0015/327504/b918650/lu5-327504/docs/v0.1.6/mouse/pmouseY/meta.json
2026-03-02 07:38:33,755 - Knowledge - INFO - [kw12] Queue=619, InProgress=0, PendingWorkers=20/20, Completed=700/1455 (48.1%)
2026-03-02 07:38:33,973 - Knowledge - INFO - process ingested knowledge for /app/data/T0015/327504/b918650/lu5-327504/docs/v0.1.6/io/print/index.html
2026-03-02 07:38:34,085 - Knowledge - INFO - [LLM_CALL] Completed: index.html:chunk1, Duration: 465ms, PromptTokens: 4924, CompletionTokens: 59, Cost: $0.00052
2026-03-02 07:38:34,086 - Knowledge - INFO - Worker kw9 processing /app/data/T0015/327504/b918650/lu5-327504/docs/v0.1.6/mouse/pmouseX/meta.json
2026-03-02 07:38:34,165 - Knowledge - INFO - Fast-tracked /app/data/T0015/327504/b918650/lu5-327504/docs/v0.1.6/keyboard/keyReleased/meta.json (ext=.json, size=397)
2026-03-02 07:38:34,243 - Knowledge - INFO - process ingested knowledge for /app/data/T0015/327504/b918650/lu5-327504/docs/v0.1.6/shapes/beginShape/index.html
2026-03-02 07:38:34,451 - Knowledge - INFO - Fast-tracked /app/data/T0015/327504/b918650/lu5-327504/docs/v0.1.6/mouse/pmouseY/meta.json (ext=.json, size=235)
2026-03-02 07:38:34,522 - Knowledge - INFO - Batch sizing: calculated=8, max_allowed=10, queue=619, active_workers=20/20
2026-03-02 07:38:34,629 - Knowledge - INFO - process ingested knowledge for /app/data/T0015/327504/b918650/lu5-327504/docs/v0.1.6/io/print/meta.json
2026-03-02 07:38:34,724 - Knowledge - INFO - done ingest for /app/data/T0015/327504/b918650/lu5-327504/docs/v0.1.6/window/windowResized/index.html
2026-03-02 07:38:34,724 - Knowledge - INFO - done ingest for /app/data/T0015/327504/b918650/lu5-327504/docs/v0.1.6/models/loadModel/index.html
2026-03-02 07:38:34,846 - Knowledge - INFO - Fast-tracked /app/data/T0015/327504/b918650/lu5-327504/docs/v0.1.6/mouse/pmouseX/meta.json (ext=.json, size=235)
2026-03-02 07:38:34,973 - Knowledge - INFO - Worker kw10 processing /app/data/T0015/327504/b918650/lu5-327504/docs/v0.1.6/keyboard/keyIsDown/index.html
2026-03-02 07:38:35,019 - Knowledge - INFO - [LLM_CALL] Completed: index.html:chunk1, Duration: 294ms, PromptTokens: 5152, CompletionTokens: 59, Cost: $0.00054
2026-03-02 07:38:35,085 - Knowledge - INFO - process ingested knowledge for /app/data/T0015/327504/b918650/lu5-327504/docs/v0.1.6/shapes/beginShape/meta.json
2026-03-02 07:38:35,165 - Knowledge - INFO - Worker kw20 processing /app/data/T0015/327504/b918650/lu5-327504/docs/v0.1.6/mouse/mouseY/index.html
2026-03-02 07:38:35,406 - Knowledge - INFO - Async storage completed for 8 embeddings
2026-03-02 07:38:35,707 - Knowledge - INFO - Worker kw9 processing /app/data/T0015/327504/b918650/lu5-327504/docs/v0.1.6/mouse/mouseX/index.html
2026-03-02 07:38:35,840 - Knowledge - INFO - Worker kw10 processing /app/data/T0015/327504/b918650/lu5-327504/docs/v0.1.6/keyboard/keyIsDown/meta.json
2026-03-02 07:38:35,933 - Knowledge - INFO - done ingest for /app/data/T0015/327504/b918650/lu5-327504/docs/v0.0.4/image/index.html
2026-03-02 07:38:35,934 - Knowledge - INFO - Async storing batch of 8 embeddings
2026-03-02 07:38:35,936 - Knowledge - INFO - done ingest for /app/data/T0015/327504/b918650/lu5-327504/docs/v0.0.4/typography/index.html
2026-03-02 07:38:35,936 - Knowledge - INFO - Processing batch of 8 files
2026-03-02 07:38:35,937 - Knowledge - INFO - done ingest for /app/data/T0015/327504/b918650/lu5-327504/docs/v0.1.6/shapes/vertex/index.html
2026-03-02 07:38:36,137 - Knowledge - INFO - process ingested knowledge for /app/data/T0015/327504/b918650/lu5-327504/docs/v0.1.6/shapes/triangle/index.html
2026-03-02 07:38:36,158 - Knowledge - INFO - Worker kw20 processing /app/data/T0015/327504/b918650/lu5-327504/docs/v0.1.6/mouse/mouseY/meta.json
2026-03-02 07:38:36,368 - Knowledge - INFO - Worker kw9 processing /app/data/T0015/327504/b918650/lu5-327504/docs/v0.1.6/mouse/mouseX/meta.json
2026-03-02 07:38:36,411 - Knowledge - INFO - [WEBSOCKET] Sent: Type=progress_update, Size: 293, Duration: 0ms
2026-03-02 07:38:36,447 - Knowledge - INFO - Fast-tracked /app/data/T0015/327504/b918650/lu5-327504/docs/v0.1.6/keyboard/keyIsDown/meta.json (ext=.json, size=677)
2026-03-02 07:38:36,654 - Knowledge - INFO - Worker kw12 processing /app/data/T0015/327504/b918650/lu5-327504/docs/v0.1.6/mouse/mouseIsPressed/index.html
2026-03-02 07:38:36,903 - Knowledge - INFO - process ingested knowledge for /app/data/T0015/327504/b918650/lu5-327504/docs/v0.1.6/window/height/meta.json
2026-03-02 07:38:37,155 - Knowledge - INFO - process ingested knowledge for /app/data/T0015/327504/b918650/lu5-327504/docs/v0.1.6/shapes/triangle/meta.json
2026-03-02 07:38:37,281 - Knowledge - INFO - Fast-tracked /app/data/T0015/327504/b918650/lu5-327504/docs/v0.1.6/mouse/mouseY/meta.json (ext=.json, size=336)
2026-03-02 07:38:37,478 - Knowledge - INFO - Fast-tracked /app/data/T0015/327504/b918650/lu5-327504/docs/v0.1.6/mouse/mouseX/meta.json (ext=.json, size=338)
2026-03-02 07:38:37,562 - Knowledge - INFO - [LLM_CALL] Completed: index.html:chunk1, Duration: 0ms, PromptTokens: 5170, CompletionTokens: 59, Cost: $0.00054
2026-03-02 07:38:37,838 - Knowledge - INFO - Worker kw12 processing /app/data/T0015/327504/b918650/lu5-327504/docs/v0.1.6/mouse/mouseIsPressed/meta.json
2026-03-02 07:38:37,949 - Knowledge - INFO - process ingested knowledge for /app/data/T0015/327504/b918650/lu5-327504/docs/v0.1.6/window/deltaTime/index.html
2026-03-02 07:38:38,059 - Knowledge - INFO - process ingested knowledge for /app/data/T0015/327504/b918650/lu5-327504/docs/v0.1.6/shapes/arc/index.html
2026-03-02 07:38:38,344 - Knowledge - INFO - done ingest for /app/data/T0015/327504/b918650/lu5-327504/docs/v0.1.6/window/createWindow/index.html
2026-03-02 07:38:38,345 - Knowledge - INFO - Processing batch of 8 files
2026-03-02 07:38:38,346 - Knowledge - INFO - Processing batch of 8 files
2026-03-02 07:38:38,346 - Knowledge - INFO - done ingest for /app/data/T0015/327504/b918650/lu5-327504/docs/v0.0.4/mouse/index.html
2026-03-02 07:38:38,346 - Knowledge - INFO - [WEBSOCKET] Sent: Type=unknown, Size: ?, Duration: 1935ms
2026-03-02 07:38:38,452 - Knowledge - INFO - Fast-tracked /app/data/T0015/327504/b918650/lu5-327504/docs/v0.1.6/mouse/mouseIsPressed/meta.json (ext=.json, size=309)
2026-03-02 07:38:38,532 - Knowledge - INFO - process ingested knowledge for /app/data/T0015/327504/b918650/lu5-327504/docs/v0.1.6/window/deltaTime/meta.json
2026-03-02 07:38:38,843 - Knowledge - INFO - process ingested knowledge for /app/data/T0015/327504/b918650/lu5-327504/docs/v0.0.4/index.html
2026-03-02 07:38:38,955 - Knowledge - INFO - process ingested knowledge for /app/data/T0015/327504/b918650/lu5-327504/docs/v0.1.6/shapes/arc/meta.json
2026-03-02 07:38:39,115 - Knowledge - INFO - Progress: 48.7% | Files: 724/1455 | Rate: 1.59 files/sec | Queue: 611
2026-03-02 07:38:39,116 - Knowledge - INFO - done ingest for /app/data/T0015/327504/b918650/lu5-327504/docs/v0.1.6/shapes/quad/index.html
2026-03-02 07:38:39,191 - Knowledge - INFO - Worker kw12 processing /app/data/T0015/327504/b918650/lu5-327504/docs/v0.1.6/mouse/index.html
2026-03-02 07:38:39,214 - Knowledge - INFO - Async storage completed for 8 embeddings
2026-03-02 07:38:39,302 - Knowledge - INFO - process ingested knowledge for /app/data/T0015/327504/b918650/lu5-327504/docs/v0.1.6/window/index.html
2026-03-02 07:38:39,444 - Knowledge - INFO - process ingested knowledge for /app/data/T0015/327504/b918650/lu5-327504/docs/v0.0.4/typography/textSize/index.html
2026-03-02 07:38:39,503 - Knowledge - INFO - process ingested knowledge for /app/data/T0015/327504/b918650/lu5-327504/docs/v0.1.6/shapes/ellipse/index.html
2026-03-02 07:38:39,512 - Knowledge - INFO - [LLM_CALL] Completed: index.html:chunk1, Duration: 393ms, PromptTokens: 4936, CompletionTokens: 59, Cost: $0.00052
2026-03-02 07:38:39,619 - Knowledge - INFO - [kw2] Queue=611, InProgress=0, PendingWorkers=20/20, Completed=724/1455 (49.8%)
2026-03-02 07:38:39,806 - Knowledge - INFO - Worker kw12 processing /app/data/T0015/327504/b918650/lu5-327504/docs/v0.1.6/mouse/mousePressed/index.html
2026-03-02 07:38:40,037 - Knowledge - INFO - process ingested knowledge for /app/data/T0015/327504/b918650/lu5-327504/docs/v0.1.6/window/frameRate/index.html
2026-03-02 07:38:40,110 - Knowledge - INFO - process ingested knowledge for /app/data/T0015/327504/b918650/lu5-327504/docs/v0.0.4/typography/textSize/meta.json
2026-03-02 07:38:40,199 - Knowledge - INFO - process ingested knowledge for /app/data/T0015/327504/b918650/lu5-327504/docs/v0.1.6/shapes/ellipse/meta.json
2026-03-02 07:38:40,303 - Knowledge - INFO - done ingest for /app/data/T0015/327504/b918650/lu5-327504/docs/v0.1.6/window/width/index.html
2026-03-02 07:38:40,303 - Knowledge - INFO - done ingest for /app/data/T0015/327504/b918650/lu5-327504/docs/v0.0.4/mouse/mousePressed/index.html
2026-03-02 07:38:40,303 - Knowledge - INFO - [kw1] Queue=611, InProgress=0, PendingWorkers=20/20, Completed=724/1455 (49.8%)
2026-03-02 07:38:40,398 - Knowledge - INFO - Batch sizing: calculated=8, max_allowed=10, queue=611, active_workers=20/20
2026-03-02 07:38:40,481 - Knowledge - INFO - Worker kw12 processing /app/data/T0015/327504/b918650/lu5-327504/docs/v0.1.6/mouse/mousePressed/meta.json
2026-03-02 07:38:40,572 - Knowledge - INFO - process ingested knowledge for /app/data/T0015/327504/b918650/lu5-327504/docs/v0.1.6/window/frameRate/meta.json
2026-03-02 07:38:40,656 - Knowledge - INFO - process ingested knowledge for /app/data/T0015/327504/b918650/lu5-327504/docs/v0.0.4/typography/textFont/index.html
2026-03-02 07:38:40,759 - Knowledge - INFO - process ingested knowledge for /app/data/T0015/327504/b918650/lu5-327504/docs/v0.1.6/shapes/vertex/index.html
2026-03-02 07:38:40,934 - Knowledge - INFO - done ingest for /app/data/T0015/327504/b918650/lu5-327504/docs/v0.1.6/transform/scale/index.html
2026-03-02 07:38:40,988 - Knowledge - INFO - Processing batch of 8 files
2026-03-02 07:38:41,061 - Knowledge - INFO - Batch sizing: calculated=8, max_allowed=10, queue=611, active_workers=20/20
2026-03-02 07:38:41,151 - Knowledge - INFO - Async storing batch of 8 embeddings
2026-03-02 07:38:41,236 - Knowledge - INFO - Fast-tracked /app/data/T0015/327504/b918650/lu5-327504/docs/v0.1.6/mouse/mousePressed/meta.json (ext=.json, size=638)
2026-03-02 07:38:41,316 - Knowledge - INFO - process ingested knowledge for /app/data/T0015/327504/b918650/lu5-327504/docs/v0.1.6/models/loadModel/index.html
2026-03-02 07:38:41,419 - Knowledge - INFO - process ingested knowledge for /app/data/T0015/327504/b918650/lu5-327504/docs/v0.0.4/typography/textFont/meta.json
2026-03-02 07:38:41,547 - Knowledge - INFO - process ingested knowledge for /app/data/T0015/327504/b918650/lu5-327504/docs/v0.1.6/shapes/vertex/meta.json
2026-03-02 07:38:41,634 - Knowledge - INFO - [LLM_CALL] Completed: index.html:chunk1, Duration: 630ms, PromptTokens: 4796, CompletionTokens: 59, Cost: $0.00050
2026-03-02 07:38:41,779 - Knowledge - INFO - process ingested knowledge for /app/data/T0015/327504/b918650/lu5-327504/docs/v0.0.4/mouse/index.html
2026-03-02 07:38:41,981 - Knowledge - INFO - Worker kw2 processing /app/data/T0015/327504/b918650/lu5-327504/docs/v0.1.6/image/Image.crop/index.html
2026-03-02 07:38:42,091 - Knowledge - INFO - Worker kw12 processing /app/data/T0015/327504/b918650/lu5-327504/docs/v0.1.6/camera/orbitControl/index.html
2026-03-02 07:38:42,160 - Knowledge - INFO - process ingested knowledge for /app/data/T0015/327504/b918650/lu5-327504/docs/v0.1.6/models/loadModel/meta.json
2026-03-02 07:38:42,334 - Knowledge - INFO - process ingested knowledge for /app/data/T0015/327504/b918650/lu5-327504/docs/v0.0.4/typography/text/index.html
2026-03-02 07:38:42,445 - Knowledge - INFO - process ingested knowledge for /app/data/T0015/327504/b918650/lu5-327504/docs/v0.1.6/shapes/rect/index.html
2026-03-02 07:38:42,529 - Knowledge - INFO - done ingest for /app/data/T0015/327504/b918650/lu5-327504/docs/v0.1.6/shapes/endShape/index.html
2026-03-02 07:38:42,530 - Knowledge - INFO - Async storing batch of 8 embeddings
2026-03-02 07:38:42,531 - Knowledge - INFO - [LLM_CALL] Completed: index.html:chunk1, Duration: 1ms, PromptTokens: 4936, CompletionTokens: 59, Cost: $0.00052
2026-03-02 07:38:42,616 - Knowledge - INFO - process ingested knowledge for /app/data/T0015/327504/b918650/lu5-327504/docs/v0.0.4/mouse/mousePressed/index.html
2026-03-02 07:38:42,703 - Knowledge - INFO - Worker kw2 processing /app/data/T0015/327504/b918650/lu5-327504/docs/v0.1.6/image/Image.crop/meta.json
2026-03-02 07:38:42,802 - Knowledge - INFO - Worker kw12 processing /app/data/T0015/327504/b918650/lu5-327504/docs/v0.1.6/camera/orbitControl/meta.json
2026-03-02 07:38:42,971 - Knowledge - INFO - process ingested knowledge for /app/data/T0015/327504/b918650/lu5-327504/docs/v0.0.4/typography/text/meta.json
2026-03-02 07:38:43,035 - Knowledge - INFO - process ingested knowledge for /app/data/T0015/327504/b918650/lu5-327504/docs/v0.1.6/shapes/rect/meta.json
2026-03-02 07:38:43,236 - Knowledge - INFO - Worker kw1 processing /app/data/T0015/327504/b918650/lu5-327504/docs/v0.1.6/vector/Vector.dot/meta.json
2026-03-02 07:38:43,316 - Knowledge - INFO - done ingest for /app/data/T0015/327504/b918650/lu5-327504/docs/v0.1.6/window/height/index.html
2026-03-02 07:38:43,404 - Knowledge - INFO - process ingested knowledge for /app/data/T0015/327504/b918650/lu5-327504/docs/v0.0.4/mouse/mousePressed/meta.json
2026-03-02 07:38:43,520 - Knowledge - INFO - Fast-tracked /app/data/T0015/327504/b918650/lu5-327504/docs/v0.1.6/image/Image.crop/meta.json (ext=.json, size=523)
2026-03-02 07:38:43,620 - Knowledge - INFO - Fast-tracked /app/data/T0015/327504/b918650/lu5-327504/docs/v0.1.6/camera/orbitControl/meta.json (ext=.json, size=593)
2026-03-02 07:38:43,754 - Knowledge - INFO - process ingested knowledge for /app/data/T0015/327504/b918650/lu5-327504/docs/v0.0.4/typography/index.html
2026-03-02 07:38:43,777 - Knowledge - INFO - process ingested knowledge for /app/data/T0015/327504/b918650/lu5-327504/docs/v0.1.6/shapes/square/index.html
2026-03-02 07:38:43,907 - Knowledge - INFO - Fast-tracked /app/data/T0015/327504/b918650/lu5-327504/docs/v0.1.6/vector/Vector.dot/meta.json (ext=.json, size=585)
2026-03-02 07:38:43,936 - Knowledge - INFO - [kw8] Queue=595, InProgress=0, PendingWorkers=20/20, Completed=732/1455 (50.3%)
2026-03-02 07:38:43,998 - Knowledge - INFO - Processing batch of 8 files
2026-03-02 07:38:44,076 - Knowledge - INFO - process ingested knowledge for /app/data/T0015/327504/b918650/lu5-327504/docs/v0.0.4/image/image/index.html
2026-03-02 07:38:44,118 - Knowledge - INFO - done ingest for /app/data/T0015/327504/b918650/lu5-327504/docs/v0.1.6/shapes/index.html
2026-03-02 07:38:44,195 - Knowledge - INFO - Worker kw2 processing /app/data/T0015/327504/b918650/lu5-327504/docs/v0.1.6/image/image/index.html
2026-03-02 07:38:44,281 - Knowledge - INFO - Worker kw12 processing /app/data/T0015/327504/b918650/lu5-327504/docs/v0.1.6/camera/index.html
2026-03-02 07:38:44,477 - Knowledge - INFO - done ingest for /app/data/T0015/327504/b918650/lu5-327504/docs/v0.1.6/models/model/index.html
2026-03-02 07:38:44,669 - Knowledge - INFO - Worker kw1 processing /app/data/T0015/327504/b918650/lu5-327504/docs/v0.1.6/vector/Vector.div/index.html
2026-03-02 07:38:44,792 - Knowledge - INFO - Batch sizing: calculated=8, max_allowed=10, queue=595, active_workers=20/20
2026-03-02 07:38:44,894 - Knowledge - INFO - process ingested knowledge for /app/data/T0015/327504/b918650/lu5-327504/docs/v0.1.6/io/index.html
2026-03-02 07:38:45,169 - Knowledge - INFO - process ingested knowledge for /app/data/T0015/327504/b918650/lu5-327504/docs/v0.0.4/image/image/meta.json
2026-03-02 07:38:45,201 - Knowledge - INFO - Worker kw2 processing /app/data/T0015/327504/b918650/lu5-327504/docs/v0.1.6/image/image/meta.json
2026-03-02 07:38:45,442 - Knowledge - INFO - Worker kw1 processing /app/data/T0015/327504/b918650/lu5-327504/docs/v0.1.6/vector/Vector.div/meta.json
2026-03-02 07:38:45,678 - Knowledge - INFO - Async storing batch of 8 embeddings
2026-03-02 07:38:45,755 - Knowledge - INFO - process ingested knowledge for /app/data/T0015/327504/b918650/lu5-327504/docs/v0.1.6/window/width/index.html
2026-03-02 07:38:45,755 - Knowledge - INFO - [WEBSOCKET] Sent: Type=progress_update, Size: 293, Duration: 0ms
2026-03-02 07:38:45,756 - Knowledge - INFO - process ingested knowledge for /app/data/T0015/327504/b918650/lu5-327504/docs/v0.0.4/image/loadImage/index.html
2026-03-02 07:38:45,823 - Knowledge - INFO - Fast-tracked /app/data/T0015/327504/b918650/lu5-327504/docs/v0.1.6/image/image/meta.json (ext=.json, size=559)
2026-03-02 07:38:45,947 - Knowledge - INFO - Fast-tracked /app/data/T0015/327504/b918650/lu5-327504/docs/v0.1.6/vector/Vector.div/meta.json (ext=.json, size=658)
2026-03-02 07:38:46,035 - Knowledge - INFO - Worker kw8 processing /app/data/T0015/327504/b918650/lu5-327504/docs/v0.1.6/vector/Vector.print/meta.json
2026-03-02 07:38:46,112 - Knowledge - INFO - process ingested knowledge for /app/data/T0015/327504/b918650/lu5-327504/docs/v0.1.6/window/width/meta.json
2026-03-02 07:38:46,242 - Knowledge - INFO - [kw19] Queue=587, InProgress=0, PendingWorkers=20/20, Completed=740/1455 (50.9%)
2026-03-02 07:38:46,243 - Knowledge - INFO - [WEBSOCKET] Sent: Type=unknown, Size: ?, Duration: 488ms
2026-03-02 07:38:46,321 - Knowledge - INFO - process ingested knowledge for /app/data/T0015/327504/b918650/lu5-327504/docs/v0.0.4/image/loadImage/meta.json
2026-03-02 07:38:46,412 - Knowledge - INFO - Worker kw2 processing /app/data/T0015/327504/b918650/lu5-327504/docs/v0.1.6/image/loadImage/index.html
2026-03-02 07:38:46,503 - Knowledge - INFO - Worker kw1 processing /app/data/T0015/327504/b918650/lu5-327504/docs/v0.1.6/vector/Vector.copy/index.html
2026-03-02 07:38:46,586 - Knowledge - INFO - Fast-tracked /app/data/T0015/327504/b918650/lu5-327504/docs/v0.1.6/vector/Vector.print/meta.json (ext=.json, size=552)
2026-03-02 07:38:46,752 - Knowledge - INFO - process ingested knowledge for /app/data/T0015/327504/b918650/lu5-327504/docs/v0.1.6/window/createWindow/index.html
2026-03-02 07:38:46,865 - Knowledge - INFO - Batch sizing: calculated=8, max_allowed=10, queue=587, active_workers=20/20
2026-03-02 07:38:47,030 - Knowledge - INFO - Progress: 50.9% | Files: 740/1455 | Rate: 1.59 files/sec | Queue: 587
2026-03-02 07:38:47,030 - Knowledge - INFO - [LLM_CALL] Completed: index.html:chunk1, Duration: 1749ms, PromptTokens: 4828, CompletionTokens: 59, Cost: $0.00051
2026-03-02 07:38:47,156 - Knowledge - INFO - process ingested knowledge for /app/data/T0015/327504/b918650/lu5-327504/docs/v0.0.4/image/index.html
2026-03-02 07:38:47,235 - Knowledge - INFO - Worker kw2 processing /app/data/T0015/327504/b918650/lu5-327504/docs/v0.1.6/image/loadImage/meta.json
2026-03-02 07:38:47,364 - Knowledge - INFO - Worker kw1 processing /app/data/T0015/327504/b918650/lu5-327504/docs/v0.1.6/vector/Vector.copy/meta.json
2026-03-02 07:38:47,472 - Knowledge - INFO - Worker kw8 processing /app/data/T0015/327504/b918650/lu5-327504/docs/v0.1.6/vector/Vector.idiv/index.html
2026-03-02 07:38:47,570 - Knowledge - INFO - process ingested knowledge for /app/data/T0015/327504/b918650/lu5-327504/docs/v0.1.6/window/createWindow/meta.json
2026-03-02 07:38:47,740 - Knowledge - INFO - [kw13] Queue=579, InProgress=0, PendingWorkers=20/20, Completed=740/1455 (50.9%)
2026-03-02 07:38:47,852 - Knowledge - INFO - done ingest for /app/data/T0015/327504/b918650/lu5-327504/docs/v0.1.6/transform/rotateY/index.html
2026-03-02 07:38:47,854 - Knowledge - INFO - done ingest for /app/data/T0015/327504/b918650/lu5-327504/docs/v0.1.6/shapes/circle/index.html
2026-03-02 07:38:47,854 - Knowledge - INFO - Async storing batch of 8 embeddings
2026-03-02 07:38:48,032 - Knowledge - INFO - Fast-tracked /app/data/T0015/327504/b918650/lu5-327504/docs/v0.1.6/image/loadImage/meta.json (ext=.json, size=509)
2026-03-02 07:38:48,108 - Knowledge - INFO - Fast-tracked /app/data/T0015/327504/b918650/lu5-327504/docs/v0.1.6/vector/Vector.copy/meta.json (ext=.json, size=383)
2026-03-02 07:38:48,263 - Knowledge - INFO - Worker kw8 processing /app/data/T0015/327504/b918650/lu5-327504/docs/v0.1.6/vector/Vector.idiv/meta.json
2026-03-02 07:38:48,422 - Knowledge - INFO - process ingested knowledge for /app/data/T0015/327504/b918650/lu5-327504/docs/v0.1.6/window/windowResized/index.html
2026-03-02 07:38:48,447 - Knowledge - INFO - Batch sizing: calculated=8, max_allowed=10, queue=579, active_workers=20/20
2026-03-02 07:38:48,573 - Knowledge - INFO - Processing batch of 8 files
2026-03-02 07:38:48,750 - Knowledge - INFO - Worker kw19 processing /app/data/T0015/327504/b918650/lu5-327504/docs/v0.1.6/vector/Vector.sub/meta.json
2026-03-02 07:38:48,848 - Knowledge - INFO - Worker kw2 processing /app/data/T0015/327504/b918650/lu5-327504/docs/v0.1.6/image/index.html
2026-03-02 07:38:48,942 - Knowledge - INFO - Worker kw1 processing /app/data/T0015/327504/b918650/lu5-327504/docs/v0.1.6/vector/Vector.add/index.html
2026-03-02 07:38:49,022 - Knowledge - INFO - Fast-tracked /app/data/T0015/327504/b918650/lu5-327504/docs/v0.1.6/vector/Vector.idiv/meta.json (ext=.json, size=664)
2026-03-02 07:38:49,113 - Knowledge - INFO - process ingested knowledge for /app/data/T0015/327504/b918650/lu5-327504/docs/v0.1.6/window/windowResized/meta.json
2026-03-02 07:38:49,119 - Knowledge - INFO - [kw14] Queue=579, InProgress=0, PendingWorkers=20/20, Completed=748/1455 (51.4%)
2026-03-02 07:38:49,231 - Knowledge - INFO - Async storing batch of 8 embeddings
2026-03-02 07:38:49,324 - Knowledge - INFO - process ingested knowledge for /app/data/T0015/327504/b918650/lu5-327504/docs/v0.1.6/shapes/square/meta.json
2026-03-02 07:38:49,430 - Knowledge - INFO - Fast-tracked /app/data/T0015/327504/b918650/lu5-327504/docs/v0.1.6/vector/Vector.sub/meta.json (ext=.json, size=664)
2026-03-02 07:38:49,495 - Knowledge - INFO - Async storage completed for 8 embeddings
2026-03-02 07:38:49,558 - Knowledge - INFO - Worker kw2 processing /app/data/T0015/327504/b918650/lu5-327504/docs/v0.1.6/vector/Vector.dot/index.html
2026-03-02 07:38:49,663 - Knowledge - INFO - Worker kw1 processing /app/data/T0015/327504/b918650/lu5-327504/docs/v0.1.6/vector/Vector.add/meta.json
2026-03-02 07:38:49,751 - Knowledge - INFO - Worker kw8 processing /app/data/T0015/327504/b918650/lu5-327504/docs/v0.1.6/vector/Vector.mult/index.html
2026-03-02 07:38:49,893 - Knowledge - INFO - process ingested knowledge for /app/data/T0015/327504/b918650/lu5-327504/docs/v0.1.6/window/height/index.html
2026-03-02 07:38:49,898 - Knowledge - INFO - [LLM_CALL] Completed: index.html:chunk1, Duration: 673ms, PromptTokens: 4892, CompletionTokens: 59, Cost: $0.00051
2026-03-02 07:38:50,020 - Knowledge - INFO - Batch sizing: calculated=8, max_allowed=10, queue=579, active_workers=20/20
2026-03-02 07:38:50,110 - Knowledge - INFO - Worker kw13 processing /app/data/T0015/327504/b918650/lu5-327504/docs/v0.1.6/shapes3D/index.html
2026-03-02 07:38:50,216 - Knowledge - INFO - process ingested knowledge for /app/data/T0015/327504/b918650/lu5-327504/docs/v0.1.6/shapes/quad/index.html
2026-03-02 07:38:50,299 - Knowledge - INFO - Worker kw19 processing /app/data/T0015/327504/b918650/lu5-327504/docs/v0.1.6/vector/index.html
2026-03-02 07:38:50,595 - Knowledge - INFO - Fast-tracked /app/data/T0015/327504/b918650/lu5-327504/docs/v0.1.6/vector/Vector.add/meta.json (ext=.json, size=655)
2026-03-02 07:38:50,703 - Knowledge - INFO - Worker kw8 processing /app/data/T0015/327504/b918650/lu5-327504/docs/v0.1.6/vector/Vector.mult/meta.json
2026-03-02 07:38:50,819 - Knowledge - INFO - Async storage completed for 8 embeddings
2026-03-02 07:38:50,932 - Knowledge - INFO - done ingest for /app/data/T0015/327504/b918650/lu5-327504/docs/v0.1.6/models/index.html
2026-03-02 07:38:51,110 - Knowledge - INFO - Async storing batch of 8 embeddings
2026-03-02 07:38:51,123 - Knowledge - INFO - Worker kw13 processing /app/data/T0015/327504/b918650/lu5-327504/docs/v0.1.6/shapes3D/sphere/index.html
2026-03-02 07:38:51,235 - Knowledge - INFO - process ingested knowledge for /app/data/T0015/327504/b918650/lu5-327504/docs/v0.1.6/shapes/quad/meta.json
2026-03-02 07:38:51,307 - Knowledge - INFO - Worker kw19 processing /app/data/T0015/327504/b918650/lu5-327504/docs/v0.1.6/vector/createVector/index.html
2026-03-02 07:38:51,389 - Knowledge - INFO - Worker kw1 processing /app/data/T0015/327504/b918650/lu5-327504/docs/v0.1.6/vector/Vector.print/index.html
2026-03-02 07:38:51,512 - Knowledge - INFO - Fast-tracked /app/data/T0015/327504/b918650/lu5-327504/docs/v0.1.6/vector/Vector.mult/meta.json (ext=.json, size=674)
2026-03-02 07:38:51,814 - Knowledge - INFO - [LLM_CALL] Completed: index.html:chunk1, Duration: 881ms, PromptTokens: 4898, CompletionTokens: 59, Cost: $0.00051
2026-03-02 07:38:51,819 - Knowledge - INFO - Worker kw14 processing /app/data/T0015/327504/b918650/lu5-327504/docs/v0.1.6/typography/text/index.html
2026-03-02 07:38:51,923 - Knowledge - INFO - Worker kw13 processing /app/data/T0015/327504/b918650/lu5-327504/docs/v0.1.6/shapes3D/sphere/meta.json
2026-03-02 07:38:51,989 - Knowledge - INFO - process ingested knowledge for /app/data/T0015/327504/b918650/lu5-327504/docs/v0.1.6/shapes/index.html
2026-03-02 07:38:52,087 - Knowledge - INFO - Worker kw19 processing /app/data/T0015/327504/b918650/lu5-327504/docs/v0.1.6/vector/createVector/meta.json
2026-03-02 07:38:52,277 - Knowledge - INFO - Worker kw8 processing /app/data/T0015/327504/b918650/lu5-327504/docs/v0.1.6/vector/Vector/index.html
2026-03-02 07:38:52,430 - Knowledge - INFO - done ingest for /app/data/T0015/327504/b918650/lu5-327504/docs/v0.1.6/math/sin/index.html
2026-03-02 07:38:52,431 - Knowledge - INFO - [kw11] Queue=563, InProgress=0, PendingWorkers=20/20, Completed=748/1455 (51.4%)
2026-03-02 07:38:52,512 - Knowledge - INFO - Worker kw14 processing /app/data/T0015/327504/b918650/lu5-327504/docs/v0.1.6/typography/text/meta.json
2026-03-02 07:38:52,602 - Knowledge - INFO - Fast-tracked /app/data/T0015/327504/b918650/lu5-327504/docs/v0.1.6/shapes3D/sphere/meta.json (ext=.json, size=520)
2026-03-02 07:38:52,699 - Knowledge - INFO - process ingested knowledge for /app/data/T0015/327504/b918650/lu5-327504/docs/v0.1.6/transform/rotateY/index.html
2026-03-02 07:38:52,813 - Knowledge - INFO - Fast-tracked /app/data/T0015/327504/b918650/lu5-327504/docs/v0.1.6/vector/createVector/meta.json (ext=.json, size=486)
2026-03-02 07:38:52,946 - Knowledge - INFO - Worker kw8 processing /app/data/T0015/327504/b918650/lu5-327504/docs/v0.1.6/vector/Vector/meta.json
2026-03-02 07:38:53,138 - Knowledge - INFO - Batch sizing: calculated=8, max_allowed=10, queue=563, active_workers=20/20
2026-03-02 07:38:53,220 - Knowledge - INFO - Fast-tracked /app/data/T0015/327504/b918650/lu5-327504/docs/v0.1.6/typography/text/meta.json (ext=.json, size=475)
2026-03-02 07:38:53,326 - Knowledge - INFO - Worker kw13 processing /app/data/T0015/327504/b918650/lu5-327504/docs/v0.1.6/index.html
2026-03-02 07:38:53,432 - Knowledge - INFO - process ingested knowledge for /app/data/T0015/327504/b918650/lu5-327504/docs/v0.1.6/transform/rotateY/meta.json
2026-03-02 07:38:53,536 - Knowledge - INFO - Worker kw19 processing /app/data/T0015/327504/b918650/lu5-327504/docs/v0.1.6/shapes3D/plane/index.html
2026-03-02 07:38:53,643 - Knowledge - INFO - Fast-tracked /app/data/T0015/327504/b918650/lu5-327504/docs/v0.1.6/vector/Vector/meta.json (ext=.json, size=457)
2026-03-02 07:38:53,738 - Knowledge - INFO - Async storing batch of 8 embeddings
2026-03-02 07:38:53,860 - Knowledge - INFO - Worker kw14 processing /app/data/T0015/327504/b918650/lu5-327504/docs/v0.1.6/typography/index.html
2026-03-02 07:38:53,952 - Knowledge - INFO - Worker kw13 processing /app/data/T0015/327504/b918650/lu5-327504/docs/v0.1.6/typography/textSize/index.html
2026-03-02 07:38:54,099 - Knowledge - INFO - process ingested knowledge for /app/data/T0015/327504/b918650/lu5-327504/docs/v0.1.6/transform/scale/index.html
2026-03-02 07:38:54,142 - Knowledge - INFO - [LLM_CALL] Completed: index.html:chunk1, Duration: 618ms, PromptTokens: 5046, CompletionTokens: 59, Cost: $0.00053
2026-03-02 07:38:54,193 - Knowledge - INFO - Worker kw19 processing /app/data/T0015/327504/b918650/lu5-327504/docs/v0.1.6/shapes3D/plane/meta.json
2026-03-02 07:38:54,326 - Knowledge - INFO - Worker kw8 processing /app/data/T0015/327504/b918650/lu5-327504/docs/v0.1.6/vector/Vector.sub/index.html
2026-03-02 07:38:54,406 - Knowledge - INFO - Worker kw11 processing /app/data/T0015/327504/b918650/lu5-327504/docs/v0.0.3/window/background/index.html
2026-03-02 07:38:54,506 - Knowledge - INFO - Worker kw14 processing /app/data/T0015/327504/b918650/lu5-327504/docs/v0.1.6/typography/loadFont/index.html
2026-03-02 07:38:54,604 - Knowledge - INFO - Worker kw13 processing /app/data/T0015/327504/b918650/lu5-327504/docs/v0.1.6/typography/textSize/meta.json
2026-03-02 07:38:54,691 - Knowledge - INFO - process ingested knowledge for /app/data/T0015/327504/b918650/lu5-327504/docs/v0.1.6/transform/scale/meta.json
2026-03-02 07:38:54,775 - Knowledge - INFO - done ingest for /app/data/T0015/327504/b918650/lu5-327504/docs/v0.1.6/shapes/line/index.html
2026-03-02 07:38:54,778 - Knowledge - INFO - done ingest for /app/data/T0015/327504/b918650/lu5-327504/docs/v0.1.6/math/randomSeed/index.html
2026-03-02 07:38:54,778 - Knowledge - INFO - done ingest for /app/data/T0015/327504/b918650/lu5-327504/docs/v0.1.6/math/map/index.html
2026-03-02 07:38:54,849 - Knowledge - INFO - Fast-tracked /app/data/T0015/327504/b918650/lu5-327504/docs/v0.1.6/shapes3D/plane/meta.json (ext=.json, size=460)
2026-03-02 07:38:55,044 - Knowledge - INFO - Worker kw11 processing /app/data/T0015/327504/b918650/lu5-327504/docs/v0.0.3/window/background/meta.json
2026-03-02 07:38:55,126 - Knowledge - INFO - Worker kw14 processing /app/data/T0015/327504/b918650/lu5-327504/docs/v0.1.6/typography/loadFont/meta.json
2026-03-02 07:38:55,220 - Knowledge - INFO - Fast-tracked /app/data/T0015/327504/b918650/lu5-327504/docs/v0.1.6/typography/textSize/meta.json (ext=.json, size=476)
2026-03-02 07:38:55,500 - Knowledge - INFO - Processing batch of 8 files
2026-03-02 07:38:55,672 - Knowledge - INFO - Worker kw19 processing /app/data/T0015/327504/b918650/lu5-327504/docs/v0.1.6/shapes3D/box/index.html
2026-03-02 07:38:55,776 - Knowledge - INFO - Fast-tracked /app/data/T0015/327504/b918650/lu5-327504/docs/v0.0.3/window/background/meta.json (ext=.json, size=392)
2026-03-02 07:38:55,861 - Knowledge - INFO - Fast-tracked /app/data/T0015/327504/b918650/lu5-327504/docs/v0.1.6/typography/loadFont/meta.json (ext=.json, size=547)
2026-03-02 07:38:55,936 - Knowledge - INFO - Worker kw13 processing /app/data/T0015/327504/b918650/lu5-327504/docs/v0.1.6/typography/textFont/index.html
2026-03-02 07:38:56,045 - Knowledge - INFO - process ingested knowledge for /app/data/T0015/327504/b918650/lu5-327504/docs/v0.1.6/models/model/index.html
2026-03-02 07:38:56,055 - Knowledge - INFO - Async storage completed for 8 embeddings
2026-03-02 07:38:56,171 - Knowledge - INFO - Worker kw19 processing /app/data/T0015/327504/b918650/lu5-327504/docs/v0.1.6/shapes3D/box/meta.json
2026-03-02 07:38:56,250 - Knowledge - INFO - Worker kw11 processing /app/data/T0015/327504/b918650/lu5-327504/docs/v0.0.3/window/createWindow/index.html
2026-03-02 07:38:56,327 - Knowledge - INFO - Worker kw14 processing /app/data/T0015/327504/b918650/lu5-327504/docs/v0.0.3/io/print/index.html
2026-03-02 07:38:56,328 - Knowledge - INFO - [kw16] Queue=555, InProgress=0, PendingWorkers=20/20, Completed=756/1455 (52.0%)
2026-03-02 07:38:56,426 - Knowledge - INFO - Worker kw13 processing /app/data/T0015/327504/b918650/lu5-327504/docs/v0.1.6/typography/textFont/meta.json
2026-03-02 07:38:56,512 - Knowledge - INFO - process ingested knowledge for /app/data/T0015/327504/b918650/lu5-327504/docs/v0.1.6/models/model/meta.json
2026-03-02 07:38:56,751 - Knowledge - INFO - Fast-tracked /app/data/T0015/327504/b918650/lu5-327504/docs/v0.1.6/shapes3D/box/meta.json (ext=.json, size=497)
2026-03-02 07:38:56,877 - Knowledge - INFO - Worker kw11 processing /app/data/T0015/327504/b918650/lu5-327504/docs/v0.0.3/window/createWindow/meta.json
2026-03-02 07:38:56,887 - Knowledge - INFO - [LLM_CALL] Completed: index.html:chunk1, Duration: 1127ms, PromptTokens: 4888, CompletionTokens: 59, Cost: $0.00051
2026-03-02 07:38:56,964 - Knowledge - INFO - Worker kw14 processing /app/data/T0015/327504/b918650/lu5-327504/docs/v0.0.3/io/print/meta.json
2026-03-02 07:38:57,058 - Knowledge - INFO - Batch sizing: calculated=8, max_allowed=10, queue=555, active_workers=20/20
2026-03-02 07:38:57,143 - Knowledge - INFO - Fast-tracked /app/data/T0015/327504/b918650/lu5-327504/docs/v0.1.6/typography/textFont/meta.json (ext=.json, size=363)
2026-03-02 07:38:57,241 - Knowledge - INFO - process ingested knowledge for /app/data/T0015/327504/b918650/lu5-327504/docs/v0.1.6/models/index.html
2026-03-02 07:38:57,496 - Knowledge - INFO - Fast-tracked /app/data/T0015/327504/b918650/lu5-327504/docs/v0.0.3/window/createWindow/meta.json (ext=.json, size=533)
2026-03-02 07:38:57,578 - Knowledge - INFO - done ingest for /app/data/T0015/327504/b918650/lu5-327504/docs/v0.1.6/math/round/index.html
2026-03-02 07:38:57,660 - Knowledge - INFO - Fast-tracked /app/data/T0015/327504/b918650/lu5-327504/docs/v0.0.3/io/print/meta.json (ext=.json, size=297)
2026-03-02 07:38:57,776 - Knowledge - INFO - Async storing batch of 8 embeddings
2026-03-02 07:38:57,969 - Knowledge - INFO - process ingested knowledge for /app/data/T0015/327504/b918650/lu5-327504/docs/v0.1.6/shapes/line/index.html
2026-03-02 07:38:58,092 - Knowledge - INFO - Worker kw11 processing /app/data/T0015/327504/b918650/lu5-327504/docs/v0.0.3/window/deltaTime/index.html
2026-03-02 07:38:58,316 - Knowledge - INFO - [LLM_CALL] Completed: index.html:chunk1, Duration: 434ms, PromptTokens: 4900, CompletionTokens: 59, Cost: $0.00051
2026-03-02 07:38:58,412 - Knowledge - INFO - Worker kw14 processing /app/data/T0015/327504/b918650/lu5-327504/docs/v0.0.3/io/index.html
2026-03-02 07:38:58,509 - Knowledge - INFO - Worker kw16 processing /app/data/T0015/327504/b918650/lu5-327504/docs/v0.0.3/window/frameRate/meta.json
2026-03-02 07:38:58,588 - Knowledge - INFO - process ingested knowledge for /app/data/T0015/327504/b918650/lu5-327504/docs/v0.1.6/shapes/line/meta.json
2026-03-02 07:38:58,692 - Knowledge - INFO - Worker kw11 processing /app/data/T0015/327504/b918650/lu5-327504/docs/v0.0.3/window/deltaTime/meta.json
2026-03-02 07:38:58,798 - Knowledge - INFO - done ingest for /app/data/T0015/327504/b918650/lu5-327504/docs/v0.1.6/math/cos/index.html
2026-03-02 07:38:58,799 - Knowledge - INFO - done ingest for /app/data/T0015/327504/b918650/lu5-327504/docs/v0.1.6/math/abs/index.html
2026-03-02 07:38:58,963 - Knowledge - INFO - Fast-tracked /app/data/T0015/327504/b918650/lu5-327504/docs/v0.0.3/window/frameRate/meta.json (ext=.json, size=562)
2026-03-02 07:38:59,044 - Knowledge - INFO - process ingested knowledge for /app/data/T0015/327504/b918650/lu5-327504/docs/v0.1.6/shapes/endShape/index.html
2026-03-02 07:38:59,144 - Knowledge - INFO - Fast-tracked /app/data/T0015/327504/b918650/lu5-327504/docs/v0.0.3/window/deltaTime/meta.json (ext=.json, size=520)
2026-03-02 07:38:59,443 - Knowledge - INFO - [LLM_CALL] Completed: index.html:chunk1, Duration: 554ms, PromptTokens: 5168, CompletionTokens: 59, Cost: $0.00054
2026-03-02 07:38:59,477 - Knowledge - INFO - Worker kw16 processing /app/data/T0015/327504/b918650/lu5-327504/docs/v0.0.3/shapes/line/index.html
2026-03-02 07:38:59,564 - Knowledge - INFO - process ingested knowledge for /app/data/T0015/327504/b918650/lu5-327504/docs/v0.1.6/shapes/endShape/meta.json
2026-03-02 07:38:59,689 - Knowledge - INFO - Worker kw11 processing /app/data/T0015/327504/b918650/lu5-327504/docs/v0.0.3/window/index.html
2026-03-02 07:38:59,793 - Knowledge - INFO - done ingest for /app/data/T0015/327504/b918650/lu5-327504/docs/v0.1.6/math/max/index.html
2026-03-02 07:38:59,913 - Knowledge - INFO - Worker kw16 processing /app/data/T0015/327504/b918650/lu5-327504/docs/v0.0.3/shapes/line/meta.json
2026-03-02 07:38:59,955 - Knowledge - INFO - [LLM_CALL] Completed: index.html:chunk1, Duration: 163ms, PromptTokens: 5068, CompletionTokens: 59, Cost: $0.00053
2026-03-02 07:38:59,996 - Knowledge - INFO - process ingested knowledge for /app/data/T0015/327504/b918650/lu5-327504/docs/v0.1.6/shapes/circle/index.html
2026-03-02 07:39:00,092 - Knowledge - INFO - Worker kw11 processing /app/data/T0015/327504/b918650/lu5-327504/docs/v0.0.3/window/frameRate/index.html
2026-03-02 07:39:00,328 - Knowledge - INFO - Fast-tracked /app/data/T0015/327504/b918650/lu5-327504/docs/v0.0.3/shapes/line/meta.json (ext=.json, size=473)
2026-03-02 07:39:00,406 - Knowledge - INFO - done ingest for /app/data/T0015/327504/b918650/lu5-327504/docs/v0.1.6/math/floor/index.html
2026-03-02 07:39:00,406 - Knowledge - INFO - Processing batch of 8 files
2026-03-02 07:39:00,651 - Knowledge - INFO - Worker kw16 processing /app/data/T0015/327504/b918650/lu5-327504/docs/v0.0.3/shapes/circle/index.html
2026-03-02 07:39:00,846 - Knowledge - INFO - process ingested knowledge for /app/data/T0015/327504/b918650/lu5-327504/docs/v0.1.6/math/floor/meta.json
2026-03-02 07:39:00,991 - Knowledge - INFO - Worker kw16 processing /app/data/T0015/327504/b918650/lu5-327504/docs/v0.0.3/shapes/circle/meta.json
2026-03-02 07:39:01,055 - Knowledge - INFO - [LLM_CALL] Completed: index.html:chunk1, Duration: 472ms, PromptTokens: 5026, CompletionTokens: 59, Cost: $0.00053
2026-03-02 07:39:01,104 - Knowledge - INFO - process ingested knowledge for /app/data/T0015/327504/b918650/lu5-327504/docs/v0.1.6/math/sin/index.html
2026-03-02 07:39:01,178 - Knowledge - INFO - Fast-tracked /app/data/T0015/327504/b918650/lu5-327504/docs/v0.0.3/shapes/circle/meta.json (ext=.json, size=391)
2026-03-02 07:39:01,257 - Knowledge - INFO - done ingest for /app/data/T0015/327504/b918650/lu5-327504/docs/v0.1.6/math/constrain/index.html
2026-03-02 07:39:01,361 - Knowledge - INFO - process ingested knowledge for /app/data/T0015/327504/b918650/lu5-327504/docs/v0.1.6/math/sin/meta.json
2026-03-02 07:39:01,491 - Knowledge - INFO - Worker kw16 processing /app/data/T0015/327504/b918650/lu5-327504/docs/v0.0.3/shapes/point/index.html
2026-03-02 07:39:01,636 - Knowledge - INFO - Async storage completed for 8 embeddings
2026-03-02 07:39:01,700 - Knowledge - INFO - process ingested knowledge for /app/data/T0015/327504/b918650/lu5-327504/docs/v0.1.6/math/abs/index.html
2026-03-02 07:39:01,822 - Knowledge - INFO - Worker kw16 processing /app/data/T0015/327504/b918650/lu5-327504/docs/v0.0.3/shapes/point/meta.json
2026-03-02 07:39:01,917 - Knowledge - INFO - [kw17] Queue=547, InProgress=0, PendingWorkers=20/20, Completed=764/1455 (52.5%)
2026-03-02 07:39:01,965 - Knowledge - INFO - process ingested knowledge for /app/data/T0015/327504/b918650/lu5-327504/docs/v0.1.6/math/abs/meta.json
2026-03-02 07:39:02,045 - Knowledge - INFO - Fast-tracked /app/data/T0015/327504/b918650/lu5-327504/docs/v0.0.3/shapes/point/meta.json (ext=.json, size=211)
2026-03-02 07:39:02,166 - Knowledge - INFO - Batch sizing: calculated=8, max_allowed=10, queue=547, active_workers=20/20
2026-03-02 07:39:02,241 - Knowledge - INFO - process ingested knowledge for /app/data/T0015/327504/b918650/lu5-327504/docs/v0.1.6/math/max/index.html
2026-03-02 07:39:02,347 - Knowledge - INFO - Worker kw16 processing /app/data/T0015/327504/b918650/lu5-327504/docs/v0.0.3/shapes/triangle/index.html
2026-03-02 07:39:02,475 - Knowledge - INFO - Async storing batch of 8 embeddings
2026-03-02 07:39:02,569 - Knowledge - INFO - [LLM_CALL] Completed: index.html:chunk1, Duration: 424ms, PromptTokens: 5168, CompletionTokens: 59, Cost: $0.00054
2026-03-02 07:39:02,605 - Knowledge - INFO - process ingested knowledge for /app/data/T0015/327504/b918650/lu5-327504/docs/v0.1.6/math/max/meta.json
2026-03-02 07:39:02,783 - Knowledge - INFO - Worker kw17 processing /app/data/T0015/327504/b918650/lu5-327504/docs/v0.0.3/shapes/triangle/meta.json
2026-03-02 07:39:02,868 - Knowledge - INFO - done ingest for /app/data/T0015/327504/b918650/lu5-327504/docs/v0.1.6/math/min/index.html
2026-03-02 07:39:02,954 - Knowledge - INFO - process ingested knowledge for /app/data/T0015/327504/b918650/lu5-327504/docs/v0.1.6/math/map/index.html
2026-03-02 07:39:03,079 - Knowledge - INFO - Fast-tracked /app/data/T0015/327504/b918650/lu5-327504/docs/v0.0.3/shapes/triangle/meta.json (ext=.json, size=218)
2026-03-02 07:39:03,187 - Knowledge - INFO - Processing batch of 8 files
2026-03-02 07:39:03,375 - Knowledge - INFO - Worker kw17 processing /app/data/T0015/327504/b918650/lu5-327504/docs/v0.0.3/shapes/arc/index.html
2026-03-02 07:39:03,444 - Knowledge - INFO - [LLM_CALL] Completed: index.html:chunk1, Duration: 576ms, PromptTokens: 5058, CompletionTokens: 59, Cost: $0.00053
2026-03-02 07:39:03,490 - Knowledge - INFO - process ingested knowledge for /app/data/T0015/327504/b918650/lu5-327504/docs/v0.1.6/transform/rotate/meta.json
2026-03-02 07:39:03,583 - Knowledge - INFO - Worker kw17 processing /app/data/T0015/327504/b918650/lu5-327504/docs/v0.0.3/shapes/arc/meta.json
2026-03-02 07:39:03,688 - Knowledge - INFO - done ingest for /app/data/T0015/327504/b918650/lu5-327504/docs/v0.1.6/math/ceil/index.html
2026-03-02 07:39:03,881 - Knowledge - INFO - process ingested knowledge for /app/data/T0015/327504/b918650/lu5-327504/docs/v0.1.6/math/round/index.html
2026-03-02 07:39:03,935 - Knowledge - INFO - Fast-tracked /app/data/T0015/327504/b918650/lu5-327504/docs/v0.0.3/shapes/arc/meta.json (ext=.json, size=209)
2026-03-02 07:39:04,035 - Knowledge - INFO - done ingest for /app/data/T0015/327504/b918650/lu5-327504/docs/v0.1.6/transform/rotateZ/index.html
2026-03-02 07:39:04,262 - Knowledge - INFO - process ingested knowledge for /app/data/T0015/327504/b918650/lu5-327504/docs/v0.1.6/math/round/meta.json
2026-03-02 07:39:04,283 - Knowledge - INFO - Worker kw17 processing /app/data/T0015/327504/b918650/lu5-327504/docs/v0.0.3/shapes/ellipse/index.html
2026-03-02 07:39:04,506 - Knowledge - INFO - process ingested knowledge for /app/data/T0015/327504/b918650/lu5-327504/docs/v0.1.6/math/min/index.html
2026-03-02 07:39:04,602 - Knowledge - INFO - Worker kw17 processing /app/data/T0015/327504/b918650/lu5-327504/docs/v0.0.3/shapes/ellipse/meta.json
2026-03-02 07:39:04,697 - Knowledge - INFO - [WEBSOCKET] Sent: Type=progress_update, Size: 293, Duration: 0ms
2026-03-02 07:39:04,724 - Knowledge - INFO - process ingested knowledge for /app/data/T0015/327504/b918650/lu5-327504/docs/v0.1.6/math/min/meta.json
2026-03-02 07:39:04,821 - Knowledge - INFO - Fast-tracked /app/data/T0015/327504/b918650/lu5-327504/docs/v0.0.3/shapes/ellipse/meta.json (ext=.json, size=223)
2026-03-02 07:39:04,906 - Knowledge - INFO - [WEBSOCKET] Sent: Type=unknown, Size: ?, Duration: 210ms
2026-03-02 07:39:05,026 - Knowledge - INFO - process ingested knowledge for /app/data/T0015/327504/b918650/lu5-327504/docs/v0.1.6/math/randomSeed/index.html
2026-03-02 07:39:05,169 - Knowledge - INFO - Worker kw17 processing /app/data/T0015/327504/b918650/lu5-327504/docs/v0.0.3/shapes/rect/index.html
2026-03-02 07:39:05,301 - Knowledge - INFO - Progress: 53.1% | Files: 772/1455 | Rate: 1.60 files/sec | Queue: 539
2026-03-02 07:39:05,383 - Knowledge - INFO - process ingested knowledge for /app/data/T0015/327504/b918650/lu5-327504/docs/v0.1.6/math/randomSeed/meta.json
2026-03-02 07:39:05,524 - Knowledge - INFO - Worker kw17 processing /app/data/T0015/327504/b918650/lu5-327504/docs/v0.0.3/shapes/rect/meta.json
2026-03-02 07:39:05,616 - Knowledge - INFO - [kw6] Queue=539, InProgress=0, PendingWorkers=20/20, Completed=772/1455 (53.1%)
2026-03-02 07:39:05,720 - Knowledge - INFO - process ingested knowledge for /app/data/T0015/327504/b918650/lu5-327504/docs/v0.1.6/math/floor/index.html
2026-03-02 07:39:05,830 - Knowledge - INFO - Fast-tracked /app/data/T0015/327504/b918650/lu5-327504/docs/v0.0.3/shapes/rect/meta.json (ext=.json, size=423)
2026-03-02 07:39:05,917 - Knowledge - INFO - Batch sizing: calculated=8, max_allowed=10, queue=539, active_workers=20/20
2026-03-02 07:39:06,137 - Knowledge - INFO - Worker kw17 processing /app/data/T0015/327504/b918650/lu5-327504/docs/v0.0.3/shapes/square/index.html
2026-03-02 07:39:06,255 - Knowledge - INFO - Async storing batch of 8 embeddings
2026-03-02 07:39:06,466 - Knowledge - INFO - Worker kw6 processing /app/data/T0015/327504/b918650/lu5-327504/docs/v0.0.3/shapes/square/meta.json
2026-03-02 07:39:06,571 - Knowledge - INFO - Async storage completed for 8 embeddings
2026-03-02 07:39:06,673 - Knowledge - INFO - Fast-tracked /app/data/T0015/327504/b918650/lu5-327504/docs/v0.0.3/shapes/square/meta.json (ext=.json, size=387)
2026-03-02 07:39:06,851 - Knowledge - INFO - Worker kw6 processing /app/data/T0015/327504/b918650/lu5-327504/docs/v0.0.3/shapes/text/index.html
2026-03-02 07:39:07,054 - Knowledge - INFO - Worker kw6 processing /app/data/T0015/327504/b918650/lu5-327504/docs/v0.0.3/shapes/text/meta.json
2026-03-02 07:39:07,215 - Knowledge - INFO - [kw3] Queue=531, InProgress=0, PendingWorkers=20/20, Completed=772/1455 (53.1%)
2026-03-02 07:39:07,248 - Knowledge - INFO - Fast-tracked /app/data/T0015/327504/b918650/lu5-327504/docs/v0.0.3/shapes/text/meta.json (ext=.json, size=492)
2026-03-02 07:39:07,395 - Knowledge - INFO - Batch sizing: calculated=8, max_allowed=10, queue=531, active_workers=20/20
2026-03-02 07:39:07,532 - Knowledge - INFO - Worker kw6 processing /app/data/T0015/327504/b918650/lu5-327504/docs/v0.0.3/shapes/image/index.html
2026-03-02 07:39:07,567 - Knowledge - INFO - [LLM_CALL] Completed: index.html:chunk1, Duration: 1195ms, PromptTokens: 5116, CompletionTokens: 59, Cost: $0.00054
2026-03-02 07:39:07,725 - Knowledge - INFO - Worker kw6 processing /app/data/T0015/327504/b918650/lu5-327504/docs/v0.0.3/shapes/image/meta.json
2026-03-02 07:39:07,908 - Knowledge - INFO - done ingest for /app/data/T0015/327504/b918650/lu5-327504/docs/v0.1.6/math/random/index.html
2026-03-02 07:39:07,924 - Knowledge - INFO - Async storing batch of 8 embeddings
2026-03-02 07:39:07,954 - Knowledge - INFO - done ingest for /app/data/T0015/327504/b918650/lu5-327504/docs/v0.1.6/transform/index.html
2026-03-02 07:39:07,986 - Knowledge - INFO - Fast-tracked /app/data/T0015/327504/b918650/lu5-327504/docs/v0.0.3/shapes/image/meta.json (ext=.json, size=563)
2026-03-02 07:39:08,131 - Knowledge - INFO - Processing batch of 8 files
2026-03-02 07:39:08,227 - Knowledge - INFO - Worker kw3 processing /app/data/T0015/327504/b918650/lu5-327504/docs/v0.0.3/loaders/loadImage/index.html
2026-03-02 07:39:08,487 - Knowledge - INFO - Worker kw6 processing /app/data/T0015/327504/b918650/lu5-327504/docs/v0.0.3/shapes/quad/index.html
2026-03-02 07:39:08,583 - Knowledge - INFO - process ingested knowledge for /app/data/T0015/327504/b918650/lu5-327504/docs/v0.1.6/math/map/meta.json
2026-03-02 07:39:08,702 - Knowledge - INFO - Worker kw3 processing /app/data/T0015/327504/b918650/lu5-327504/docs/v0.0.3/loaders/loadImage/meta.json
2026-03-02 07:39:08,788 - Knowledge - INFO - Worker kw6 processing /app/data/T0015/327504/b918650/lu5-327504/docs/v0.0.3/shapes/quad/meta.json
2026-03-02 07:39:08,858 - Knowledge - INFO - process ingested knowledge for /app/data/T0015/327504/b918650/lu5-327504/docs/v0.1.6/math/constrain/index.html
2026-03-02 07:39:08,943 - Knowledge - INFO - Fast-tracked /app/data/T0015/327504/b918650/lu5-327504/docs/v0.0.3/loaders/loadImage/meta.json (ext=.json, size=511)
2026-03-02 07:39:09,143 - Knowledge - INFO - Fast-tracked /app/data/T0015/327504/b918650/lu5-327504/docs/v0.0.3/shapes/quad/meta.json (ext=.json, size=723)
2026-03-02 07:39:09,195 - Knowledge - INFO - process ingested knowledge for /app/data/T0015/327504/b918650/lu5-327504/docs/v0.1.6/math/constrain/meta.json
2026-03-02 07:39:09,199 - Knowledge - INFO - done ingest for /app/data/T0015/327504/b918650/lu5-327504/docs/v0.1.6/setting/stroke/index.html
2026-03-02 07:39:09,269 - Knowledge - INFO - Worker kw3 processing /app/data/T0015/327504/b918650/lu5-327504/docs/v0.0.3/loaders/index.html
2026-03-02 07:39:09,373 - Knowledge - INFO - Worker kw6 processing /app/data/T0015/327504/b918650/lu5-327504/docs/v0.0.3/shapes/index.html
2026-03-02 07:39:09,467 - Knowledge - INFO - process ingested knowledge for /app/data/T0015/327504/b918650/lu5-327504/docs/v0.1.6/math/random/index.html
2026-03-02 07:39:09,700 - Knowledge - INFO - Worker kw3 processing /app/data/T0015/327504/b918650/lu5-327504/docs/v0.0.3/loaders/loadFont/index.html
2026-03-02 07:39:09,895 - Knowledge - INFO - process ingested knowledge for /app/data/T0015/327504/b918650/lu5-327504/docs/v0.1.6/math/random/meta.json
2026-03-02 07:39:09,973 - Knowledge - INFO - Worker kw3 processing /app/data/T0015/327504/b918650/lu5-327504/docs/v0.0.3/loaders/loadFont/meta.json
2026-03-02 07:39:10,069 - Knowledge - INFO - process ingested knowledge for /app/data/T0015/327504/b918650/lu5-327504/docs/v0.1.6/math/cos/index.html
2026-03-02 07:39:10,126 - Knowledge - INFO - [LLM_CALL] Completed: index.html:chunk1, Duration: 347ms, PromptTokens: 4828, CompletionTokens: 59, Cost: $0.00051
2026-03-02 07:39:10,202 - Knowledge - INFO - Fast-tracked /app/data/T0015/327504/b918650/lu5-327504/docs/v0.0.3/loaders/loadFont/meta.json (ext=.json, size=549)
2026-03-02 07:39:10,303 - Knowledge - INFO - process ingested knowledge for /app/data/T0015/327504/b918650/lu5-327504/docs/v0.1.6/math/cos/meta.json
2026-03-02 07:39:10,436 - Knowledge - INFO - done ingest for /app/data/T0015/327504/b918650/lu5-327504/docs/v0.1.6/transform/rotateX/index.html
2026-03-02 07:39:10,507 - Knowledge - INFO - Worker kw3 processing /app/data/T0015/327504/b918650/lu5-327504/docs/v0.0.3/math/round/index.html
2026-03-02 07:39:10,608 - Knowledge - INFO - process ingested knowledge for /app/data/T0015/327504/b918650/lu5-327504/docs/v0.1.6/math/ceil/index.html
2026-03-02 07:39:10,783 - Knowledge - INFO - Worker kw3 processing /app/data/T0015/327504/b918650/lu5-327504/docs/v0.0.3/math/round/meta.json
2026-03-02 07:39:10,952 - Knowledge - INFO - Fast-tracked /app/data/T0015/327504/b918650/lu5-327504/docs/v0.0.3/math/round/meta.json (ext=.json, size=327)
2026-03-02 07:39:11,152 - Knowledge - INFO - Worker kw3 processing /app/data/T0015/327504/b918650/lu5-327504/docs/v0.0.3/math/floor/index.html
2026-03-02 07:39:11,518 - Knowledge - INFO - [LLM_CALL] Completed: index.html:chunk1, Duration: 136ms, PromptTokens: 4978, CompletionTokens: 59, Cost: $0.00052
2026-03-02 07:39:11,683 - Knowledge - INFO - done ingest for /app/data/T0015/327504/b918650/lu5-327504/docs/v0.1.6/setting/background/index.html
2026-03-02 07:39:11,839 - Knowledge - INFO - [kw7] Queue=523, InProgress=0, PendingWorkers=20/20, Completed=780/1455 (53.6%)
2026-03-02 07:39:12,000 - Knowledge - INFO - Batch sizing: calculated=8, max_allowed=10, queue=523, active_workers=20/20
2026-03-02 07:39:12,189 - Knowledge - INFO - Async storing batch of 8 embeddings
2026-03-02 07:39:12,368 - Knowledge - INFO - Worker kw7 processing /app/data/T0015/327504/b918650/lu5-327504/docs/v0.0.3/math/floor/meta.json
2026-03-02 07:39:12,630 - Knowledge - INFO - [LLM_CALL] Completed: index.html:chunk1, Duration: 947ms, PromptTokens: 4954, CompletionTokens: 59, Cost: $0.00052
2026-03-02 07:39:12,634 - Knowledge - INFO - Fast-tracked /app/data/T0015/327504/b918650/lu5-327504/docs/v0.0.3/math/floor/meta.json (ext=.json, size=498)
2026-03-02 07:39:12,818 - Knowledge - INFO - done ingest for /app/data/T0015/327504/b918650/lu5-327504/docs/v0.1.6/transform/translate/index.html
2026-03-02 07:39:12,906 - Knowledge - INFO - Worker kw7 processing /app/data/T0015/327504/b918650/lu5-327504/docs/v0.0.3/math/sin/index.html
2026-03-02 07:39:13,124 - Knowledge - INFO - Worker kw7 processing /app/data/T0015/327504/b918650/lu5-327504/docs/v0.0.3/math/sin/meta.json
2026-03-02 07:39:13,342 - Knowledge - INFO - Fast-tracked /app/data/T0015/327504/b918650/lu5-327504/docs/v0.0.3/math/sin/meta.json (ext=.json, size=317)
2026-03-02 07:39:13,545 - Knowledge - INFO - Worker kw7 processing /app/data/T0015/327504/b918650/lu5-327504/docs/v0.0.3/math/cos/index.html
2026-03-02 07:39:13,723 - Knowledge - INFO - Worker kw7 processing /app/data/T0015/327504/b918650/lu5-327504/docs/v0.0.3/math/cos/meta.json
2026-03-02 07:39:13,906 - Knowledge - INFO - done ingest for /app/data/T0015/327504/b918650/lu5-327504/docs/v0.1.6/setting/push/index.html
2026-03-02 07:39:13,923 - Knowledge - INFO - Fast-tracked /app/data/T0015/327504/b918650/lu5-327504/docs/v0.0.3/math/cos/meta.json (ext=.json, size=319)
2026-03-02 07:39:14,161 - Knowledge - INFO - Worker kw7 processing /app/data/T0015/327504/b918650/lu5-327504/docs/v0.0.3/math/ceil/index.html
2026-03-02 07:39:14,325 - Knowledge - INFO - Worker kw7 processing /app/data/T0015/327504/b918650/lu5-327504/docs/v0.0.3/math/ceil/meta.json
2026-03-02 07:39:14,506 - Knowledge - INFO - Fast-tracked /app/data/T0015/327504/b918650/lu5-327504/docs/v0.0.3/math/ceil/meta.json (ext=.json, size=475)
2026-03-02 07:39:14,750 - Knowledge - INFO - Worker kw7 processing /app/data/T0015/327504/b918650/lu5-327504/docs/v0.0.3/math/tan/index.html
2026-03-02 07:39:15,002 - Knowledge - INFO - [LLM_CALL] Completed: index.html:chunk1, Duration: 288ms, PromptTokens: 4804, CompletionTokens: 59, Cost: $0.00050
2026-03-02 07:39:15,188 - Knowledge - INFO - done ingest for /app/data/T0015/327504/b918650/lu5-327504/docs/v0.1.6/transform/rotate/index.html
2026-03-02 07:39:15,416 - Knowledge - INFO - Processing batch of 8 files
2026-03-02 07:39:15,659 - Knowledge - INFO - process ingested knowledge for /app/data/T0015/327504/b918650/lu5-327504/docs/v0.1.6/transform/translate/index.html
2026-03-02 07:39:15,862 - Knowledge - INFO - process ingested knowledge for /app/data/T0015/327504/b918650/lu5-327504/docs/v0.1.6/transform/translate/meta.json
2026-03-02 07:39:16,082 - Knowledge - INFO - [LLM_CALL] Completed: index.html:chunk1, Duration: 892ms, PromptTokens: 4716, CompletionTokens: 59, Cost: $0.00050
2026-03-02 07:39:16,123 - Knowledge - INFO - process ingested knowledge for /app/data/T0015/327504/b918650/lu5-327504/docs/v0.1.6/transform/rotateZ/index.html
2026-03-02 07:39:16,256 - Knowledge - INFO - done ingest for /app/data/T0015/327504/b918650/lu5-327504/docs/v0.1.6/setting/noFill/index.html
2026-03-02 07:39:16,388 - Knowledge - INFO - process ingested knowledge for /app/data/T0015/327504/b918650/lu5-327504/docs/v0.1.6/transform/rotateZ/meta.json
2026-03-02 07:39:16,510 - Knowledge - INFO - Processing batch of 8 files
2026-03-02 07:39:16,589 - Knowledge - INFO - process ingested knowledge for /app/data/T0015/327504/b918650/lu5-327504/docs/v0.1.6/transform/index.html
2026-03-02 07:39:16,689 - Knowledge - INFO - process ingested knowledge for /app/data/T0015/327504/b918650/lu5-327504/docs/v0.1.6/setting/strokeWeight/meta.json
2026-03-02 07:39:16,823 - Knowledge - INFO - process ingested knowledge for /app/data/T0015/327504/b918650/lu5-327504/docs/v0.1.6/transform/rotateX/index.html
2026-03-02 07:39:16,923 - Knowledge - INFO - process ingested knowledge for /app/data/T0015/327504/b918650/lu5-327504/docs/v0.1.6/setting/push/index.html
2026-03-02 07:39:17,015 - Knowledge - INFO - process ingested knowledge for /app/data/T0015/327504/b918650/lu5-327504/docs/v0.1.6/transform/rotateX/meta.json
2026-03-02 07:39:17,109 - Knowledge - INFO - process ingested knowledge for /app/data/T0015/327504/b918650/lu5-327504/docs/v0.1.6/setting/push/meta.json
2026-03-02 07:39:17,238 - Knowledge - INFO - process ingested knowledge for /app/data/T0015/327504/b918650/lu5-327504/docs/v0.1.6/transform/rotate/index.html
2026-03-02 07:39:17,332 - Knowledge - INFO - process ingested knowledge for /app/data/T0015/327504/b918650/lu5-327504/docs/v0.1.6/setting/background/index.html
2026-03-02 07:39:17,558 - Knowledge - INFO - process ingested knowledge for /app/data/T0015/327504/b918650/lu5-327504/docs/v0.1.6/setting/background/meta.json
2026-03-02 07:39:17,735 - Knowledge - INFO - process ingested knowledge for /app/data/T0015/327504/b918650/lu5-327504/docs/v0.1.6/setting/stroke/index.html
2026-03-02 07:39:17,920 - Knowledge - INFO - process ingested knowledge for /app/data/T0015/327504/b918650/lu5-327504/docs/v0.1.6/setting/stroke/meta.json
2026-03-02 07:39:18,213 - Knowledge - INFO - process ingested knowledge for /app/data/T0015/327504/b918650/lu5-327504/docs/v0.1.6/setting/noFill/index.html
2026-03-02 07:39:18,857 - Knowledge - INFO - [kw15] Queue=515, InProgress=0, PendingWorkers=20/20, Completed=796/1455 (54.7%)
2026-03-02 07:39:19,040 - Knowledge - INFO - Batch sizing: calculated=8, max_allowed=10, queue=515, active_workers=20/20
2026-03-02 07:39:19,348 - Knowledge - INFO - Async storing batch of 8 embeddings
2026-03-02 07:39:19,544 - Knowledge - INFO - Worker kw15 processing /app/data/T0015/327504/b918650/lu5-327504/docs/v0.0.3/math/tan/meta.json
2026-03-02 07:39:19,731 - Knowledge - INFO - Fast-tracked /app/data/T0015/327504/b918650/lu5-327504/docs/v0.0.3/math/tan/meta.json (ext=.json, size=320)
2026-03-02 07:39:19,781 - Knowledge - INFO - [kw18] Queue=507, InProgress=0, PendingWorkers=20/20, Completed=796/1455 (54.7%)
2026-03-02 07:39:19,909 - Knowledge - INFO - Worker kw15 processing /app/data/T0015/327504/b918650/lu5-327504/docs/v0.0.3/math/index.html
2026-03-02 07:39:20,059 - Knowledge - INFO - Batch sizing: calculated=8, max_allowed=10, queue=507, active_workers=20/20
2026-03-02 07:39:20,141 - Knowledge - INFO - Worker kw15 processing /app/data/T0015/327504/b918650/lu5-327504/docs/v0.0.3/classes/class/index.html
2026-03-02 07:39:20,302 - Knowledge - INFO - Async storing batch of 8 embeddings
2026-03-02 07:39:20,405 - Knowledge - INFO - Worker kw15 processing /app/data/T0015/327504/b918650/lu5-327504/docs/v0.0.3/classes/class/meta.json
2026-03-02 07:39:20,476 - Knowledge - INFO - Worker kw18 processing /app/data/T0015/327504/b918650/lu5-327504/docs/v0.0.3/setting/push/meta.json
2026-03-02 07:39:20,620 - Knowledge - INFO - Fast-tracked /app/data/T0015/327504/b918650/lu5-327504/docs/v0.0.3/classes/class/meta.json (ext=.json, size=680)
2026-03-02 07:39:20,734 - Knowledge - INFO - Fast-tracked /app/data/T0015/327504/b918650/lu5-327504/docs/v0.0.3/setting/push/meta.json (ext=.json, size=207)
2026-03-02 07:39:20,867 - Knowledge - INFO - Worker kw15 processing /app/data/T0015/327504/b918650/lu5-327504/docs/v0.0.3/classes/index.html
2026-03-02 07:39:20,983 - Knowledge - INFO - Worker kw18 processing /app/data/T0015/327504/b918650/lu5-327504/docs/v0.0.3/setting/textSize/index.html
2026-03-02 07:39:21,064 - Knowledge - INFO - Worker kw15 processing /app/data/T0015/327504/b918650/lu5-327504/docs/v0.0.3/setting/strokeWeight/index.html
2026-03-02 07:39:21,185 - Knowledge - INFO - Worker kw18 processing /app/data/T0015/327504/b918650/lu5-327504/docs/v0.0.3/setting/textSize/meta.json
2026-03-02 07:39:21,194 - Knowledge - INFO - Async storage completed for 8 embeddings
2026-03-02 07:39:21,261 - Knowledge - INFO - Worker kw15 processing /app/data/T0015/327504/b918650/lu5-327504/docs/v0.0.3/setting/strokeWeight/meta.json
2026-03-02 07:39:21,369 - Knowledge - INFO - Fast-tracked /app/data/T0015/327504/b918650/lu5-327504/docs/v0.0.3/setting/textSize/meta.json (ext=.json, size=407)
2026-03-02 07:39:21,518 - Knowledge - INFO - Async storage completed for 8 embeddings
2026-03-02 07:39:21,605 - Knowledge - INFO - Fast-tracked /app/data/T0015/327504/b918650/lu5-327504/docs/v0.0.3/setting/strokeWeight/meta.json (ext=.json, size=323)
2026-03-02 07:39:21,692 - Knowledge - INFO - Worker kw18 processing /app/data/T0015/327504/b918650/lu5-327504/docs/v0.0.3/setting/stroke/index.html
2026-03-02 07:39:21,934 - Knowledge - INFO - Worker kw15 processing /app/data/T0015/327504/b918650/lu5-327504/docs/v0.0.3/setting/push/index.html
2026-03-02 07:39:22,063 - Knowledge - INFO - Worker kw18 processing /app/data/T0015/327504/b918650/lu5-327504/docs/v0.0.3/setting/stroke/meta.json
2026-03-02 07:39:22,239 - Knowledge - INFO - Fast-tracked /app/data/T0015/327504/b918650/lu5-327504/docs/v0.0.3/setting/stroke/meta.json (ext=.json, size=485)
2026-03-02 07:39:22,412 - Knowledge - INFO - Worker kw18 processing /app/data/T0015/327504/b918650/lu5-327504/docs/v0.0.3/setting/noFill/index.html
2026-03-02 07:39:22,650 - Knowledge - INFO - Worker kw18 processing /app/data/T0015/327504/b918650/lu5-327504/docs/v0.0.3/setting/noFill/meta.json
2026-03-02 07:39:22,856 - Knowledge - INFO - Fast-tracked /app/data/T0015/327504/b918650/lu5-327504/docs/v0.0.3/setting/noFill/meta.json (ext=.json, size=198)
2026-03-02 07:39:23,011 - Knowledge - INFO - Worker kw18 processing /app/data/T0015/327504/b918650/lu5-327504/docs/v0.0.3/setting/textFont/index.html
2026-03-02 07:39:27,867 - Knowledge - INFO - [LLM_CALL] Completed: index.html:chunk1, Duration: 2719ms, PromptTokens: 5114, CompletionTokens: 59, Cost: $0.00053
2026-03-02 07:39:28,043 - Knowledge - INFO - done ingest for /app/data/T0015/327504/b918650/lu5-327504/docs/v0.1.6/setting/fill/index.html
2026-03-02 07:39:28,375 - Knowledge - INFO - done ingest for /app/data/T0015/327504/b918650/lu5-327504/docs/v0.1.6/setting/debugMode/index.html
2026-03-02 07:39:30,276 - Knowledge - INFO - done ingest for /app/data/T0015/327504/b918650/lu5-327504/docs/v0.1.6/classes/class/index.html
2026-03-02 07:39:30,572 - Knowledge - INFO - done ingest for /app/data/T0015/327504/b918650/lu5-327504/docs/v0.1.6/math/tan/index.html
2026-03-02 07:39:30,784 - Knowledge - INFO - done ingest for /app/data/T0015/327504/b918650/lu5-327504/docs/v0.1.6/setting/index.html
2026-03-02 07:39:32,149 - Knowledge - INFO - Async storage completed for 8 embeddings
2026-03-02 07:39:32,564 - Knowledge - INFO - Async storage completed for 8 embeddings
2026-03-02 07:39:32,938 - Knowledge - INFO - [LLM_CALL] Completed: index.html:chunk1, Duration: 278ms, PromptTokens: 4888, CompletionTokens: 59, Cost: $0.00051
2026-03-02 07:39:33,189 - Knowledge - INFO - done ingest for /app/data/T0015/327504/b918650/lu5-327504/docs/v0.1.6/setting/strokeWeight/index.html
2026-03-02 07:39:33,190 - Knowledge - INFO - done ingest for /app/data/T0015/327504/b918650/lu5-327504/docs/v0.1.6/setting/noStroke/index.html
2026-03-02 07:39:33,469 - Knowledge - INFO - Processing batch of 8 files
2026-03-02 07:39:33,702 - Knowledge - INFO - process ingested knowledge for /app/data/T0015/327504/b918650/lu5-327504/docs/v0.1.6/setting/noFill/meta.json
2026-03-02 07:39:33,905 - Knowledge - INFO - process ingested knowledge for /app/data/T0015/327504/b918650/lu5-327504/docs/v0.1.6/setting/debugMode/index.html
2026-03-02 07:39:34,102 - Knowledge - INFO - process ingested knowledge for /app/data/T0015/327504/b918650/lu5-327504/docs/v0.1.6/setting/debugMode/meta.json
2026-03-02 07:39:34,268 - Knowledge - INFO - process ingested knowledge for /app/data/T0015/327504/b918650/lu5-327504/docs/v0.1.6/setting/noStroke/index.html
2026-03-02 07:39:34,474 - Knowledge - INFO - process ingested knowledge for /app/data/T0015/327504/b918650/lu5-327504/docs/v0.1.6/setting/noStroke/meta.json
2026-03-02 07:39:34,714 - Knowledge - INFO - process ingested knowledge for /app/data/T0015/327504/b918650/lu5-327504/docs/v0.1.6/setting/index.html
2026-03-02 07:39:34,803 - Knowledge - INFO - [LLM_CALL] Completed: index.html:chunk1, Duration: 387ms, PromptTokens: 4880, CompletionTokens: 59, Cost: $0.00051
2026-03-02 07:39:35,022 - Knowledge - INFO - process ingested knowledge for /app/data/T0015/327504/b918650/lu5-327504/docs/v0.1.6/setting/fill/index.html
2026-03-02 07:39:35,121 - Knowledge - INFO - done ingest for /app/data/T0015/327504/b918650/lu5-327504/docs/v0.1.6/mouse/mouseX/index.html
2026-03-02 07:39:35,244 - Knowledge - INFO - process ingested knowledge for /app/data/T0015/327504/b918650/lu5-327504/docs/v0.1.6/setting/fill/meta.json
2026-03-02 07:39:35,349 - Knowledge - INFO - done ingest for /app/data/T0015/327504/b918650/lu5-327504/docs/v0.1.6/mouse/pmouseY/index.html
2026-03-02 07:39:35,473 - Knowledge - INFO - done ingest for /app/data/T0015/327504/b918650/lu5-327504/docs/v0.1.6/math/index.html
2026-03-02 07:39:36,405 - Knowledge - INFO - [WEBSOCKET] Sent: Type=progress_update, Size: 293, Duration: 0ms
2026-03-02 07:39:36,593 - Knowledge - INFO - [WEBSOCKET] Sent: Type=unknown, Size: ?, Duration: 189ms
2026-03-02 07:39:36,757 - Knowledge - INFO - Progress: 55.3% | Files: 804/1455 | Rate: 1.56 files/sec | Queue: 499
2026-03-02 07:39:36,969 - Knowledge - INFO - [kw5] Queue=499, InProgress=0, PendingWorkers=20/20, Completed=804/1455 (55.3%)
2026-03-02 07:39:37,156 - Knowledge - INFO - [LLM_CALL] Completed: index.html:chunk1, Duration: 563ms, PromptTokens: 5082, CompletionTokens: 59, Cost: $0.00053
2026-03-02 07:39:37,175 - Knowledge - INFO - Batch sizing: calculated=6, max_allowed=10, queue=499, active_workers=20/20
2026-03-02 07:39:37,321 - Knowledge - INFO - done ingest for /app/data/T0015/327504/b918650/lu5-327504/docs/v0.1.6/mouse/mouseWheel/index.html
2026-03-02 07:39:37,453 - Knowledge - INFO - Async storing batch of 8 embeddings
2026-03-02 07:39:37,645 - Knowledge - INFO - Worker kw5 processing /app/data/T0015/327504/b918650/lu5-327504/docs/v0.0.3/setting/textFont/meta.json
2026-03-02 07:39:37,913 - Knowledge - INFO - Fast-tracked /app/data/T0015/327504/b918650/lu5-327504/docs/v0.0.3/setting/textFont/meta.json (ext=.json, size=503)
2026-03-02 07:39:38,139 - Knowledge - INFO - Worker kw5 processing /app/data/T0015/327504/b918650/lu5-327504/docs/v0.0.3/setting/noStroke/index.html
2026-03-02 07:39:38,350 - Knowledge - INFO - Worker kw5 processing /app/data/T0015/327504/b918650/lu5-327504/docs/v0.0.3/setting/noStroke/meta.json
2026-03-02 07:39:38,558 - Knowledge - INFO - Fast-tracked /app/data/T0015/327504/b918650/lu5-327504/docs/v0.0.3/setting/noStroke/meta.json (ext=.json, size=303)
2026-03-02 07:39:38,756 - Knowledge - INFO - Worker kw5 processing /app/data/T0015/327504/b918650/lu5-327504/docs/v0.0.3/setting/index.html
2026-03-02 07:39:38,991 - Knowledge - INFO - Worker kw5 processing /app/data/T0015/327504/b918650/lu5-327504/docs/v0.0.3/setting/fill/index.html
2026-03-02 07:39:39,173 - Knowledge - INFO - Worker kw5 processing /app/data/T0015/327504/b918650/lu5-327504/docs/v0.0.3/setting/fill/meta.json
2026-03-02 07:39:39,471 - Knowledge - INFO - [LLM_CALL] Completed: index.html:chunk1, Duration: 813ms, PromptTokens: 5114, CompletionTokens: 59, Cost: $0.00053
2026-03-02 07:39:39,472 - Knowledge - INFO - Fast-tracked /app/data/T0015/327504/b918650/lu5-327504/docs/v0.0.3/setting/fill/meta.json (ext=.json, size=507)
2026-03-02 07:39:39,655 - Knowledge - INFO - done ingest for /app/data/T0015/327504/b918650/lu5-327504/docs/v0.1.6/mouse/mouseReleased/index.html
2026-03-02 07:39:39,657 - Knowledge - INFO - [LLM_CALL] Completed: index.html:chunk1, Duration: 1ms, PromptTokens: 4976, CompletionTokens: 59, Cost: $0.00052
2026-03-02 07:39:39,975 - Knowledge - INFO - done ingest for /app/data/T0015/327504/b918650/lu5-327504/docs/v0.1.6/classes/index.html
2026-03-02 07:39:40,190 - Knowledge - INFO - Processing batch of 8 files
2026-03-02 07:39:40,360 - Knowledge - INFO - process ingested knowledge for /app/data/T0015/327504/b918650/lu5-327504/docs/v0.1.6/math/ceil/meta.json
2026-03-02 07:39:40,446 - Knowledge - INFO - Async storage completed for 8 embeddings
2026-03-02 07:39:40,552 - Knowledge - INFO - process ingested knowledge for /app/data/T0015/327504/b918650/lu5-327504/docs/v0.1.6/math/tan/index.html
2026-03-02 07:39:40,747 - Knowledge - INFO - process ingested knowledge for /app/data/T0015/327504/b918650/lu5-327504/docs/v0.1.6/math/tan/meta.json
2026-03-02 07:39:40,924 - Knowledge - INFO - process ingested knowledge for /app/data/T0015/327504/b918650/lu5-327504/docs/v0.1.6/math/index.html
2026-03-02 07:39:41,126 - Knowledge - INFO - process ingested knowledge for /app/data/T0015/327504/b918650/lu5-327504/docs/v0.1.6/classes/class/index.html
2026-03-02 07:39:41,160 - Knowledge - INFO - [LLM_CALL] Completed: index.html:chunk1, Duration: 479ms, PromptTokens: 5096, CompletionTokens: 59, Cost: $0.00053
2026-03-02 07:39:41,352 - Knowledge - INFO - process ingested knowledge for /app/data/T0015/327504/b918650/lu5-327504/docs/v0.1.6/classes/class/meta.json
2026-03-02 07:39:41,460 - Knowledge - INFO - done ingest for /app/data/T0015/327504/b918650/lu5-327504/docs/v0.1.6/keyboard/keyPressed/index.html
2026-03-02 07:39:41,553 - Knowledge - INFO - process ingested knowledge for /app/data/T0015/327504/b918650/lu5-327504/docs/v0.1.6/classes/index.html
2026-03-02 07:39:41,783 - Knowledge - INFO - process ingested knowledge for /app/data/T0015/327504/b918650/lu5-327504/docs/v0.1.6/setting/strokeWeight/index.html
2026-03-02 07:39:42,754 - Knowledge - INFO - [kw4] Queue=493, InProgress=0, PendingWorkers=20/20, Completed=812/1455 (55.8%)
2026-03-02 07:39:42,938 - Knowledge - INFO - Batch sizing: calculated=6, max_allowed=10, queue=493, active_workers=20/20
2026-03-02 07:39:43,101 - Knowledge - INFO - [LLM_CALL] Completed: index.html:chunk1, Duration: 1325ms, PromptTokens: 5260, CompletionTokens: 59, Cost: $0.00055
2026-03-02 07:39:43,292 - Knowledge - INFO - done ingest for /app/data/T0015/327504/b918650/lu5-327504/docs/v0.1.6/keyboard/keyIsDown/index.html
2026-03-02 07:39:43,294 - Knowledge - INFO - Async storing batch of 8 embeddings
2026-03-02 07:39:43,568 - Knowledge - INFO - [LLM_CALL] Completed: index.html:chunk1, Duration: 274ms, PromptTokens: 4816, CompletionTokens: 59, Cost: $0.00051
2026-03-02 07:39:43,624 - Knowledge - INFO - Worker kw4 processing /app/data/T0015/327504/b918650/lu5-327504/docs/v0.0.3/setting/pop/index.html
2026-03-02 07:39:43,794 - Knowledge - INFO - done ingest for /app/data/T0015/327504/b918650/lu5-327504/docs/v0.1.6/mouse/pmouseX/index.html
2026-03-02 07:39:43,795 - Knowledge - INFO - done ingest for /app/data/T0015/327504/b918650/lu5-327504/docs/v0.1.6/mouse/mouseY/index.html
2026-03-02 07:39:43,907 - Knowledge - INFO - Worker kw4 processing /app/data/T0015/327504/b918650/lu5-327504/docs/v0.0.3/setting/pop/meta.json
2026-03-02 07:39:44,033 - Knowledge - INFO - Processing batch of 8 files
2026-03-02 07:39:44,215 - Knowledge - INFO - Fast-tracked /app/data/T0015/327504/b918650/lu5-327504/docs/v0.0.3/setting/pop/meta.json (ext=.json, size=212)
2026-03-02 07:39:44,298 - Knowledge - INFO - process ingested knowledge for /app/data/T0015/327504/b918650/lu5-327504/docs/v0.1.6/mouse/mouseReleased/index.html
2026-03-02 07:39:44,445 - Knowledge - INFO - Worker kw4 processing /app/data/T0015/327504/b918650/lu5-327504/docs/v0.0.3/keyboard/keyHeld/index.html
2026-03-02 07:39:44,516 - Knowledge - INFO - process ingested knowledge for /app/data/T0015/327504/b918650/lu5-327504/docs/v0.1.6/mouse/mouseReleased/meta.json
2026-03-02 07:39:44,619 - Knowledge - INFO - Worker kw4 processing /app/data/T0015/327504/b918650/lu5-327504/docs/v0.0.3/keyboard/keyHeld/meta.json
2026-03-02 07:39:44,704 - Knowledge - INFO - process ingested knowledge for /app/data/T0015/327504/b918650/lu5-327504/docs/v0.1.6/mouse/mouseWheel/index.html
2026-03-02 07:39:44,811 - Knowledge - INFO - Fast-tracked /app/data/T0015/327504/b918650/lu5-327504/docs/v0.0.3/keyboard/keyHeld/meta.json (ext=.json, size=265)
2026-03-02 07:39:44,927 - Knowledge - INFO - process ingested knowledge for /app/data/T0015/327504/b918650/lu5-327504/docs/v0.1.6/mouse/mouseWheel/meta.json
2026-03-02 07:39:45,020 - Knowledge - INFO - Worker kw4 processing /app/data/T0015/327504/b918650/lu5-327504/docs/v0.0.3/keyboard/keyReleased/index.html
2026-03-02 07:39:45,132 - Knowledge - INFO - process ingested knowledge for /app/data/T0015/327504/b918650/lu5-327504/docs/v0.1.6/mouse/pmouseX/index.html
2026-03-02 07:39:45,236 - Knowledge - INFO - Worker kw4 processing /app/data/T0015/327504/b918650/lu5-327504/docs/v0.0.3/keyboard/keyReleased/meta.json
2026-03-02 07:39:45,321 - Knowledge - INFO - process ingested knowledge for /app/data/T0015/327504/b918650/lu5-327504/docs/v0.1.6/mouse/pmouseX/meta.json
2026-03-02 07:39:45,443 - Knowledge - INFO - [LLM_CALL] Completed: index.html:chunk1, Duration: 649ms, PromptTokens: 4714, CompletionTokens: 59, Cost: $0.00049
2026-03-02 07:39:45,454 - Knowledge - INFO - Fast-tracked /app/data/T0015/327504/b918650/lu5-327504/docs/v0.0.3/keyboard/keyReleased/meta.json (ext=.json, size=272)
2026-03-02 07:39:45,546 - Knowledge - INFO - process ingested knowledge for /app/data/T0015/327504/b918650/lu5-327504/docs/v0.1.6/mouse/mouseX/index.html
2026-03-02 07:39:45,657 - Knowledge - INFO - done ingest for /app/data/T0015/327504/b918650/lu5-327504/docs/v0.1.6/setting/pop/index.html
2026-03-02 07:39:45,930 - Knowledge - INFO - process ingested knowledge for /app/data/T0015/327504/b918650/lu5-327504/docs/v0.1.6/mouse/mouseX/meta.json
2026-03-02 07:39:46,107 - Knowledge - INFO - [LLM_CALL] Completed: index.html:chunk1, Duration: 285ms, PromptTokens: 13774, CompletionTokens: 59, Cost: $0.00140
2026-03-02 07:39:46,283 - Knowledge - INFO - done ingest for /app/data/T0015/327504/b918650/lu5-327504/docs/v0.1.6/keyboard/index.html
2026-03-02 07:39:46,523 - Knowledge - INFO - Processing batch of 8 files
2026-03-02 07:39:46,723 - Knowledge - INFO - process ingested knowledge for /app/data/T0015/327504/b918650/lu5-327504/docs/v0.1.6/keyboard/index.html
2026-03-02 07:39:46,974 - Knowledge - INFO - process ingested knowledge for /app/data/T0015/327504/b918650/lu5-327504/docs/v0.1.6/keyboard/keyPressed/index.html
2026-03-02 07:39:47,161 - Knowledge - INFO - [kw9] Queue=487, InProgress=0, PendingWorkers=20/20, Completed=828/1455 (56.9%)
2026-03-02 07:39:47,179 - Knowledge - INFO - process ingested knowledge for /app/data/T0015/327504/b918650/lu5-327504/docs/v0.1.6/keyboard/keyPressed/meta.json
2026-03-02 07:39:47,331 - Knowledge - INFO - Batch sizing: calculated=6, max_allowed=10, queue=487, active_workers=20/20
2026-03-02 07:39:47,403 - Knowledge - INFO - process ingested knowledge for /app/data/T0015/327504/b918650/lu5-327504/docs/v0.1.6/modules.json
2026-03-02 07:39:47,549 - Knowledge - INFO - Async storing batch of 8 embeddings
2026-03-02 07:39:47,639 - Knowledge - INFO - process ingested knowledge for /app/data/T0015/327504/b918650/lu5-327504/docs/v0.1.6/mouse/pmouseY/index.html
2026-03-02 07:39:47,752 - Knowledge - INFO - Worker kw9 processing /app/data/T0015/327504/b918650/lu5-327504/docs/v0.0.3/keyboard/isKeyDown/index.html
2026-03-02 07:39:47,880 - Knowledge - INFO - process ingested knowledge for /app/data/T0015/327504/b918650/lu5-327504/docs/v0.1.6/mouse/pmouseY/meta.json
2026-03-02 07:39:47,998 - Knowledge - INFO - done ingest for /app/data/T0015/327504/b918650/lu5-327504/docs/v0.1.6/keyboard/keyHeld/index.html
2026-03-02 07:39:48,004 - Knowledge - INFO - Worker kw9 processing /app/data/T0015/327504/b918650/lu5-327504/docs/v0.0.3/keyboard/isKeyDown/meta.json
2026-03-02 07:39:48,069 - Knowledge - INFO - process ingested knowledge for /app/data/T0015/327504/b918650/lu5-327504/docs/v0.1.6/mouse/mouseY/index.html
2026-03-02 07:39:48,299 - Knowledge - INFO - Fast-tracked /app/data/T0015/327504/b918650/lu5-327504/docs/v0.0.3/keyboard/isKeyDown/meta.json (ext=.json, size=471)
2026-03-02 07:39:48,370 - Knowledge - INFO - process ingested knowledge for /app/data/T0015/327504/b918650/lu5-327504/docs/v0.1.6/mouse/mouseY/meta.json
2026-03-02 07:39:48,487 - Knowledge - INFO - Worker kw9 processing /app/data/T0015/327504/b918650/lu5-327504/docs/v0.0.3/keyboard/index.html
2026-03-02 07:39:48,693 - Knowledge - INFO - Worker kw9 processing /app/data/T0015/327504/b918650/lu5-327504/docs/v0.0.3/keyboard/keyPressed/index.html
2026-03-02 07:39:48,904 - Knowledge - INFO - Worker kw9 processing /app/data/T0015/327504/b918650/lu5-327504/docs/v0.0.3/keyboard/keyPressed/meta.json
2026-03-02 07:39:49,076 - Knowledge - INFO - Fast-tracked /app/data/T0015/327504/b918650/lu5-327504/docs/v0.0.3/keyboard/keyPressed/meta.json (ext=.json, size=269)
2026-03-02 07:39:49,264 - Knowledge - INFO - Worker kw9 processing /app/data/T0015/327504/b918650/lu5-327504/docs/v0.0.3/modules.json
2026-03-02 07:39:49,465 - Knowledge - INFO - Fast-tracked /app/data/T0015/327504/b918650/lu5-327504/docs/v0.0.3/modules.json (ext=.json, size=1595)
2026-03-02 07:39:49,529 - Knowledge - INFO - [kw20] Queue=481, InProgress=0, PendingWorkers=20/20, Completed=828/1455 (56.9%)
2026-03-02 07:39:49,755 - Knowledge - INFO - Batch sizing: calculated=6, max_allowed=10, queue=481, active_workers=20/20
2026-03-02 07:39:49,941 - Knowledge - INFO - Async storing batch of 8 embeddings
2026-03-02 07:39:50,026 - Knowledge - INFO - [LLM_CALL] Completed: index.html:chunk1, Duration: 347ms, PromptTokens: 4950, CompletionTokens: 59, Cost: $0.00052
2026-03-02 07:39:50,114 - Knowledge - INFO - Worker kw20 processing /app/data/T0015/327504/b918650/lu5-327504/docs/v0.0.3/mouse/mouseY/index.html
2026-03-02 07:39:50,212 - Knowledge - INFO - done ingest for /app/data/T0015/327504/b918650/lu5-327504/docs/v0.1.6/keyboard/keyReleased/index.html
2026-03-02 07:39:50,327 - Knowledge - INFO - Worker kw20 processing /app/data/T0015/327504/b918650/lu5-327504/docs/v0.0.3/mouse/mouseY/meta.json
2026-03-02 07:39:50,419 - Knowledge - INFO - Processing batch of 8 files
2026-03-02 07:39:50,562 - Knowledge - INFO - Fast-tracked /app/data/T0015/327504/b918650/lu5-327504/docs/v0.0.3/mouse/mouseY/meta.json (ext=.json, size=337)
2026-03-02 07:39:50,660 - Knowledge - INFO - process ingested knowledge for /app/data/T0015/327504/b918650/lu5-327504/docs/v0.1.6/setting/pop/index.html
2026-03-02 07:39:50,753 - Knowledge - INFO - Worker kw20 processing /app/data/T0015/327504/b918650/lu5-327504/docs/v0.0.3/mouse/mouseReleased/index.html
2026-03-02 07:39:50,839 - Knowledge - INFO - process ingested knowledge for /app/data/T0015/327504/b918650/lu5-327504/docs/v0.1.6/setting/pop/meta.json
2026-03-02 07:39:50,945 - Knowledge - INFO - Worker kw20 processing /app/data/T0015/327504/b918650/lu5-327504/docs/v0.0.3/mouse/mouseReleased/meta.json
2026-03-02 07:39:51,075 - Knowledge - INFO - process ingested knowledge for /app/data/T0015/327504/b918650/lu5-327504/docs/v0.1.6/keyboard/keyHeld/index.html
2026-03-02 07:39:51,169 - Knowledge - INFO - Fast-tracked /app/data/T0015/327504/b918650/lu5-327504/docs/v0.0.3/mouse/mouseReleased/meta.json (ext=.json, size=682)
2026-03-02 07:39:51,260 - Knowledge - INFO - process ingested knowledge for /app/data/T0015/327504/b918650/lu5-327504/docs/v0.1.6/keyboard/keyHeld/meta.json
2026-03-02 07:39:51,362 - Knowledge - INFO - Worker kw20 processing /app/data/T0015/327504/b918650/lu5-327504/docs/v0.0.3/mouse/mouseX/index.html
2026-03-02 07:39:51,479 - Knowledge - INFO - process ingested knowledge for /app/data/T0015/327504/b918650/lu5-327504/docs/v0.1.6/keyboard/keyReleased/index.html
2026-03-02 07:39:51,615 - Knowledge - INFO - Worker kw20 processing /app/data/T0015/327504/b918650/lu5-327504/docs/v0.0.3/mouse/mouseX/meta.json
2026-03-02 07:39:51,685 - Knowledge - INFO - process ingested knowledge for /app/data/T0015/327504/b918650/lu5-327504/docs/v0.1.6/keyboard/keyReleased/meta.json
2026-03-02 07:39:51,833 - Knowledge - INFO - Fast-tracked /app/data/T0015/327504/b918650/lu5-327504/docs/v0.0.3/mouse/mouseX/meta.json (ext=.json, size=337)
2026-03-02 07:39:51,903 - Knowledge - INFO - process ingested knowledge for /app/data/T0015/327504/b918650/lu5-327504/docs/v0.1.6/keyboard/keyIsDown/index.html
2026-03-02 07:39:52,126 - Knowledge - INFO - process ingested knowledge for /app/data/T0015/327504/b918650/lu5-327504/docs/v0.1.6/keyboard/keyIsDown/meta.json
2026-03-02 07:39:53,483 - Knowledge - INFO - [WEBSOCKET] Sent: Type=progress_update, Size: 291, Duration: 0ms
2026-03-02 07:39:53,659 - Knowledge - INFO - [WEBSOCKET] Sent: Type=unknown, Size: ?, Duration: 176ms
2026-03-02 07:39:53,865 - Knowledge - INFO - Progress: 57.5% | Files: 836/1455 | Rate: 1.57 files/sec | Queue: 475
2026-03-02 07:39:54,073 - Knowledge - INFO - [kw10] Queue=475, InProgress=0, PendingWorkers=20/20, Completed=836/1455 (57.5%)
2026-03-02 07:39:54,248 - Knowledge - INFO - Batch sizing: calculated=6, max_allowed=10, queue=475, active_workers=20/20
2026-03-02 07:39:54,406 - Knowledge - INFO - Async storing batch of 8 embeddings
2026-03-02 07:39:54,579 - Knowledge - INFO - Worker kw10 processing /app/data/T0015/327504/b918650/lu5-327504/docs/v0.0.3/mouse/mouseIsPressed/index.html
2026-03-02 07:39:54,832 - Knowledge - INFO - Worker kw10 processing /app/data/T0015/327504/b918650/lu5-327504/docs/v0.0.3/mouse/mouseIsPressed/meta.json
2026-03-02 07:39:55,016 - Knowledge - INFO - Fast-tracked /app/data/T0015/327504/b918650/lu5-327504/docs/v0.0.3/mouse/mouseIsPressed/meta.json (ext=.json, size=309)
2026-03-02 07:39:55,184 - Knowledge - INFO - Worker kw10 processing /app/data/T0015/327504/b918650/lu5-327504/docs/v0.0.3/mouse/index.html
2026-03-02 07:39:55,302 - Knowledge - INFO - Async storage completed for 8 embeddings
2026-03-02 07:39:55,366 - Knowledge - INFO - Worker kw10 processing /app/data/T0015/327504/b918650/lu5-327504/docs/v0.0.3/mouse/mousePressed/index.html
2026-03-02 07:39:55,425 - Knowledge - INFO - Async storage completed for 8 embeddings
2026-03-02 07:39:55,596 - Knowledge - INFO - Worker kw10 processing /app/data/T0015/327504/b918650/lu5-327504/docs/v0.0.3/mouse/mousePressed/meta.json
2026-03-02 07:39:55,814 - Knowledge - INFO - Fast-tracked /app/data/T0015/327504/b918650/lu5-327504/docs/v0.0.3/mouse/mousePressed/meta.json (ext=.json, size=638)
2026-03-02 07:39:55,986 - Knowledge - INFO - Worker kw10 processing /app/data/T0015/327504/b918650/lu5-327504/docs/v0.0.3/index.html
2026-03-02 07:39:56,419 - Knowledge - INFO - Async storage completed for 8 embeddings
2026-03-02 07:39:57,874 - Knowledge - INFO - [LLM_CALL] Completed: index.html:chunk1, Duration: 1336ms, PromptTokens: 5216, CompletionTokens: 59, Cost: $0.00055
2026-03-02 07:39:58,065 - Knowledge - INFO - done ingest for /app/data/T0015/327504/b918650/lu5-327504/docs/v0.1.6/vector/Vector.sub/index.html
2026-03-02 07:39:59,119 - Knowledge - INFO - done ingest for /app/data/T0015/327504/b918650/lu5-327504/docs/v0.1.6/mouse/mousePressed/index.html
2026-03-02 07:40:00,011 - Knowledge - INFO - [LLM_CALL] Completed: index.html:chunk1, Duration: 201ms, PromptTokens: 4912, CompletionTokens: 59, Cost: $0.00051
2026-03-02 07:40:00,186 - Knowledge - INFO - done ingest for /app/data/T0015/327504/b918650/lu5-327504/docs/v0.1.6/vector/Vector.copy/index.html
2026-03-02 07:40:00,411 - Knowledge - INFO - [LLM_CALL] Completed: index.html:chunk1, Duration: 225ms, PromptTokens: 5240, CompletionTokens: 59, Cost: $0.00055
2026-03-02 07:40:00,600 - Knowledge - INFO - done ingest for /app/data/T0015/327504/b918650/lu5-327504/docs/v0.1.6/vector/Vector.idiv/index.html
2026-03-02 07:40:02,452 - Knowledge - INFO - [LLM_CALL] Completed: index.html:chunk1, Duration: 1804ms, PromptTokens: 5218, CompletionTokens: 59, Cost: $0.00055
2026-03-02 07:40:02,631 - Knowledge - INFO - done ingest for /app/data/T0015/327504/b918650/lu5-327504/docs/v0.1.6/vector/Vector.div/index.html
2026-03-02 07:40:02,971 - Knowledge - INFO - done ingest for /app/data/T0015/327504/b918650/lu5-327504/docs/v0.1.6/vector/Vector.mult/index.html
2026-03-02 07:40:03,487 - Knowledge - INFO - [LLM_CALL] Completed: index.html:chunk1, Duration: 374ms, PromptTokens: 4886, CompletionTokens: 59, Cost: $0.00051
2026-03-02 07:40:03,659 - Knowledge - INFO - done ingest for /app/data/T0015/327504/b918650/lu5-327504/docs/v0.1.6/mouse/mouseIsPressed/index.html
2026-03-02 07:40:05,174 - Knowledge - INFO - done ingest for /app/data/T0015/327504/b918650/lu5-327504/docs/v0.1.6/vector/Vector/index.html
2026-03-02 07:40:05,385 - Knowledge - INFO - Processing batch of 8 files
2026-03-02 07:40:05,558 - Knowledge - INFO - process ingested knowledge for /app/data/T0015/327504/b918650/lu5-327504/docs/v0.1.6/vector/Vector.print/meta.json
2026-03-02 07:40:05,786 - Knowledge - INFO - process ingested knowledge for /app/data/T0015/327504/b918650/lu5-327504/docs/v0.1.6/vector/Vector.idiv/index.html
2026-03-02 07:40:06,016 - Knowledge - INFO - process ingested knowledge for /app/data/T0015/327504/b918650/lu5-327504/docs/v0.1.6/vector/Vector.idiv/meta.json
2026-03-02 07:40:06,078 - Knowledge - INFO - [LLM_CALL] Completed: index.html:chunk1, Duration: 668ms, PromptTokens: 4758, CompletionTokens: 59, Cost: $0.00050
2026-03-02 07:40:06,237 - Knowledge - INFO - process ingested knowledge for /app/data/T0015/327504/b918650/lu5-327504/docs/v0.1.6/vector/Vector.mult/index.html
2026-03-02 07:40:06,394 - Knowledge - INFO - done ingest for /app/data/T0015/327504/b918650/lu5-327504/docs/v0.1.6/camera/index.html
2026-03-02 07:40:06,491 - Knowledge - INFO - process ingested knowledge for /app/data/T0015/327504/b918650/lu5-327504/docs/v0.1.6/vector/Vector.mult/meta.json
2026-03-02 07:40:06,669 - Knowledge - INFO - process ingested knowledge for /app/data/T0015/327504/b918650/lu5-327504/docs/v0.1.6/vector/Vector/index.html
2026-03-02 07:40:06,867 - Knowledge - INFO - process ingested knowledge for /app/data/T0015/327504/b918650/lu5-327504/docs/v0.1.6/vector/Vector/meta.json
2026-03-02 07:40:06,882 - Knowledge - INFO - done ingest for /app/data/T0015/327504/b918650/lu5-327504/docs/v0.1.6/vector/Vector.print/index.html
2026-03-02 07:40:07,069 - Knowledge - INFO - process ingested knowledge for /app/data/T0015/327504/b918650/lu5-327504/docs/v0.1.6/vector/Vector.sub/index.html
2026-03-02 07:40:07,180 - Knowledge - INFO - Async storage completed for 8 embeddings
2026-03-02 07:40:08,259 - Knowledge - INFO - [kw8] Queue=469, InProgress=0, PendingWorkers=20/20, Completed=844/1455 (58.0%)
2026-03-02 07:40:08,434 - Knowledge - INFO - Batch sizing: calculated=6, max_allowed=10, queue=469, active_workers=20/20
2026-03-02 07:40:08,674 - Knowledge - INFO - Async storing batch of 8 embeddings
2026-03-02 07:40:08,903 - Knowledge - INFO - Worker kw8 processing /app/data/T0015/327504/b918650/lu5-327504/docs/latest/io/loadStrings/index.html
2026-03-02 07:40:09,046 - Knowledge - INFO - [LLM_CALL] Completed: index.html:chunk1, Duration: 1944ms, PromptTokens: 5216, CompletionTokens: 59, Cost: $0.00055
2026-03-02 07:40:09,103 - Knowledge - INFO - Worker kw8 processing /app/data/T0015/327504/b918650/lu5-327504/docs/latest/io/loadStrings/meta.json
2026-03-02 07:40:09,233 - Knowledge - INFO - done ingest for /app/data/T0015/327504/b918650/lu5-327504/docs/v0.1.6/vector/Vector.add/index.html
2026-03-02 07:40:09,355 - Knowledge - INFO - Fast-tracked /app/data/T0015/327504/b918650/lu5-327504/docs/latest/io/loadStrings/meta.json (ext=.json, size=370)
2026-03-02 07:40:09,453 - Knowledge - INFO - Processing batch of 8 files
2026-03-02 07:40:09,565 - Knowledge - INFO - Worker kw8 processing /app/data/T0015/327504/b918650/lu5-327504/docs/latest/io/loadText/index.html
2026-03-02 07:40:09,662 - Knowledge - INFO - Async storage completed for 8 embeddings
2026-03-02 07:40:09,667 - Knowledge - INFO - process ingested knowledge for /app/data/T0015/327504/b918650/lu5-327504/docs/v0.1.6/vector/Vector.dot/meta.json
2026-03-02 07:40:09,747 - Knowledge - INFO - Worker kw8 processing /app/data/T0015/327504/b918650/lu5-327504/docs/latest/io/loadText/meta.json
2026-03-02 07:40:10,012 - Knowledge - INFO - process ingested knowledge for /app/data/T0015/327504/b918650/lu5-327504/docs/v0.1.6/vector/Vector.div/index.html
2026-03-02 07:40:10,095 - Knowledge - INFO - Fast-tracked /app/data/T0015/327504/b918650/lu5-327504/docs/latest/io/loadText/meta.json (ext=.json, size=339)
2026-03-02 07:40:10,109 - Knowledge - INFO - Async storage completed for 8 embeddings
2026-03-02 07:40:10,170 - Knowledge - INFO - process ingested knowledge for /app/data/T0015/327504/b918650/lu5-327504/docs/v0.1.6/vector/Vector.div/meta.json
2026-03-02 07:40:10,326 - Knowledge - INFO - done ingest for /app/data/T0015/327504/b918650/lu5-327504/docs/v0.1.6/mouse/index.html
2026-03-02 07:40:10,350 - Knowledge - INFO - Worker kw8 processing /app/data/T0015/327504/b918650/lu5-327504/docs/latest/io/print/index.html
2026-03-02 07:40:10,556 - Knowledge - INFO - process ingested knowledge for /app/data/T0015/327504/b918650/lu5-327504/docs/v0.1.6/vector/Vector.copy/index.html
2026-03-02 07:40:10,739 - Knowledge - INFO - Worker kw8 processing /app/data/T0015/327504/b918650/lu5-327504/docs/latest/io/print/meta.json
2026-03-02 07:40:10,825 - Knowledge - INFO - process ingested knowledge for /app/data/T0015/327504/b918650/lu5-327504/docs/v0.1.6/vector/Vector.copy/meta.json
2026-03-02 07:40:10,893 - Knowledge - INFO - Async storage completed for 8 embeddings
2026-03-02 07:40:10,952 - Knowledge - INFO - Fast-tracked /app/data/T0015/327504/b918650/lu5-327504/docs/latest/io/print/meta.json (ext=.json, size=383)
2026-03-02 07:40:11,076 - Knowledge - INFO - process ingested knowledge for /app/data/T0015/327504/b918650/lu5-327504/docs/v0.1.6/vector/Vector.add/index.html
2026-03-02 07:40:11,488 - Knowledge - INFO - process ingested knowledge for /app/data/T0015/327504/b918650/lu5-327504/docs/v0.1.6/vector/Vector.add/meta.json
2026-03-02 07:40:11,546 - Knowledge - INFO - [LLM_CALL] Completed: index.html:chunk1, Duration: 228ms, PromptTokens: 5056, CompletionTokens: 59, Cost: $0.00053
2026-03-02 07:40:11,674 - Knowledge - INFO - process ingested knowledge for /app/data/T0015/327504/b918650/lu5-327504/docs/v0.1.6/vector/Vector.print/index.html
2026-03-02 07:40:11,795 - Knowledge - INFO - done ingest for /app/data/T0015/327504/b918650/lu5-327504/docs/v0.1.6/image/loadImage/index.html
2026-03-02 07:40:12,024 - Knowledge - INFO - [LLM_CALL] Completed: index.html:chunk1, Duration: 198ms, PromptTokens: 4388, CompletionTokens: 59, Cost: $0.00046
2026-03-02 07:40:12,235 - Knowledge - INFO - done ingest for /app/data/T0015/327504/b918650/lu5-327504/docs/v0.0.3/shapes/point/index.html
2026-03-02 07:40:12,785 - Knowledge - INFO - [LLM_CALL] Completed: index.html:chunk1, Duration: 46ms, PromptTokens: 4614, CompletionTokens: 59, Cost: $0.00048
2026-03-02 07:40:13,010 - Knowledge - INFO - done ingest for /app/data/T0015/327504/b918650/lu5-327504/docs/v0.0.3/shapes/square/index.html
2026-03-02 07:40:13,145 - Knowledge - INFO - [kw1] Queue=463, InProgress=0, PendingWorkers=20/20, Completed=852/1455 (58.6%)
2026-03-02 07:40:13,392 - Knowledge - INFO - Batch sizing: calculated=6, max_allowed=10, queue=463, active_workers=20/20
2026-03-02 07:40:13,575 - Knowledge - INFO - Async storing batch of 8 embeddings
2026-03-02 07:40:13,742 - Knowledge - INFO - Worker kw1 processing /app/data/T0015/327504/b918650/lu5-327504/docs/latest/io/index.html
2026-03-02 07:40:13,945 - Knowledge - INFO - [LLM_CALL] Completed: index.html:chunk1, Duration: 347ms, PromptTokens: 5996, CompletionTokens: 59, Cost: $0.00062
2026-03-02 07:40:13,979 - Knowledge - INFO - Worker kw1 processing /app/data/T0015/327504/b918650/lu5-327504/docs/latest/window/width/index.html
2026-03-02 07:40:14,238 - Knowledge - INFO - done ingest for /app/data/T0015/327504/b918650/lu5-327504/docs/v0.1.6/image/index.html
2026-03-02 07:40:14,244 - Knowledge - INFO - done ingest for /app/data/T0015/327504/b918650/lu5-327504/docs/v0.1.6/camera/orbitControl/index.html
2026-03-02 07:40:14,361 - Knowledge - INFO - Worker kw1 processing /app/data/T0015/327504/b918650/lu5-327504/docs/latest/window/width/meta.json
2026-03-02 07:40:14,558 - Knowledge - INFO - Processing batch of 8 files
2026-03-02 07:40:14,632 - Knowledge - INFO - Fast-tracked /app/data/T0015/327504/b918650/lu5-327504/docs/latest/window/width/meta.json (ext=.json, size=361)
2026-03-02 07:40:14,794 - Knowledge - INFO - process ingested knowledge for /app/data/T0015/327504/b918650/lu5-327504/docs/v0.1.6/mouse/mouseIsPressed/index.html
2026-03-02 07:40:14,914 - Knowledge - INFO - Worker kw1 processing /app/data/T0015/327504/b918650/lu5-327504/docs/latest/window/createWindow/index.html
2026-03-02 07:40:15,010 - Knowledge - INFO - process ingested knowledge for /app/data/T0015/327504/b918650/lu5-327504/docs/v0.1.6/mouse/mouseIsPressed/meta.json
2026-03-02 07:40:15,536 - Knowledge - INFO - Worker kw1 processing /app/data/T0015/327504/b918650/lu5-327504/docs/latest/window/createWindow/meta.json
2026-03-02 07:40:15,598 - Knowledge - INFO - process ingested knowledge for /app/data/T0015/327504/b918650/lu5-327504/docs/v0.1.6/mouse/index.html
2026-03-02 07:40:15,625 - Knowledge - INFO - done ingest for /app/data/T0015/327504/b918650/lu5-327504/docs/v0.1.6/vector/createVector/index.html
2026-03-02 07:40:15,682 - Knowledge - INFO - done ingest for /app/data/T0015/327504/b918650/lu5-327504/docs/v0.0.3/shapes/rect/index.html
2026-03-02 07:40:15,791 - Knowledge - INFO - Async storage completed for 8 embeddings
2026-03-02 07:40:15,800 - Knowledge - INFO - Fast-tracked /app/data/T0015/327504/b918650/lu5-327504/docs/latest/window/createWindow/meta.json (ext=.json, size=634)
2026-03-02 07:40:15,950 - Knowledge - INFO - process ingested knowledge for /app/data/T0015/327504/b918650/lu5-327504/docs/v0.1.6/mouse/mousePressed/index.html
2026-03-02 07:40:16,373 - Knowledge - INFO - Worker kw1 processing /app/data/T0015/327504/b918650/lu5-327504/docs/latest/window/windowResized/index.html
2026-03-02 07:40:16,464 - Knowledge - INFO - process ingested knowledge for /app/data/T0015/327504/b918650/lu5-327504/docs/v0.1.6/mouse/mousePressed/meta.json
2026-03-02 07:40:16,729 - Knowledge - INFO - [LLM_CALL] Completed: index.html:chunk1, Duration: 115ms, PromptTokens: 4706, CompletionTokens: 59, Cost: $0.00049
2026-03-02 07:40:16,737 - Knowledge - INFO - process ingested knowledge for /app/data/T0015/327504/b918650/lu5-327504/docs/v0.1.6/camera/orbitControl/index.html
2026-03-02 07:40:16,967 - Knowledge - INFO - done ingest for /app/data/T0015/327504/b918650/lu5-327504/docs/v0.0.3/shapes/line/index.html
2026-03-02 07:40:16,967 - Knowledge - INFO - done ingest for /app/data/T0015/327504/b918650/lu5-327504/docs/v0.1.6/vector/Vector.dot/index.html
2026-03-02 07:40:17,124 - Knowledge - INFO - process ingested knowledge for /app/data/T0015/327504/b918650/lu5-327504/docs/v0.1.6/camera/orbitControl/meta.json
2026-03-02 07:40:17,425 - Knowledge - INFO - process ingested knowledge for /app/data/T0015/327504/b918650/lu5-327504/docs/v0.1.6/camera/index.html
2026-03-02 07:40:17,455 - Knowledge - INFO - done ingest for /app/data/T0015/327504/b918650/lu5-327504/docs/v0.1.6/image/Image.crop/index.html
2026-03-02 07:40:17,941 - Knowledge - INFO - [LLM_CALL] Completed: index.html:chunk1, Duration: 317ms, PromptTokens: 11066, CompletionTokens: 59, Cost: $0.00113
2026-03-02 07:40:18,137 - Knowledge - INFO - done ingest for /app/data/T0015/327504/b918650/lu5-327504/docs/v0.1.6/vector/index.html
2026-03-02 07:40:18,734 - Knowledge - INFO - done ingest for /app/data/T0015/327504/b918650/lu5-327504/docs/v0.0.3/shapes/image/index.html
2026-03-02 07:40:18,798 - Knowledge - INFO - [kw12] Queue=457, InProgress=0, PendingWorkers=20/20, Completed=860/1455 (59.1%)
2026-03-02 07:40:19,019 - Knowledge - INFO - Batch sizing: calculated=6, max_allowed=10, queue=457, active_workers=20/20
2026-03-02 07:40:19,039 - Knowledge - INFO - Async storage completed for 8 embeddings
2026-03-02 07:40:19,252 - Knowledge - INFO - Async storing batch of 8 embeddings
2026-03-02 07:40:19,306 - Knowledge - INFO - [LLM_CALL] Completed: index.html:chunk1, Duration: 564ms, PromptTokens: 4614, CompletionTokens: 59, Cost: $0.00048
2026-03-02 07:40:19,464 - Knowledge - INFO - Worker kw12 processing /app/data/T0015/327504/b918650/lu5-327504/docs/latest/window/windowResized/meta.json
2026-03-02 07:40:19,609 - Knowledge - INFO - done ingest for /app/data/T0015/327504/b918650/lu5-327504/docs/v0.0.3/shapes/circle/index.html
2026-03-02 07:40:19,812 - Knowledge - INFO - Fast-tracked /app/data/T0015/327504/b918650/lu5-327504/docs/latest/window/windowResized/meta.json (ext=.json, size=402)
2026-03-02 07:40:19,838 - Knowledge - INFO - done ingest for /app/data/T0015/327504/b918650/lu5-327504/docs/v0.1.6/image/image/index.html
2026-03-02 07:40:19,960 - Knowledge - INFO - done ingest for /app/data/T0015/327504/b918650/lu5-327504/docs/v0.0.3/shapes/ellipse/index.html
2026-03-02 07:40:20,039 - Knowledge - INFO - Worker kw12 processing /app/data/T0015/327504/b918650/lu5-327504/docs/latest/window/height/index.html
2026-03-02 07:40:20,142 - Knowledge - INFO - Processing batch of 8 files
2026-03-02 07:40:20,320 - Knowledge - INFO - Worker kw12 processing /app/data/T0015/327504/b918650/lu5-327504/docs/latest/window/height/meta.json
2026-03-02 07:40:20,441 - Knowledge - INFO - done ingest for /app/data/T0015/327504/b918650/lu5-327504/docs/v0.1.6/shapes3D/plane/index.html
2026-03-02 07:40:20,463 - Knowledge - INFO - process ingested knowledge for /app/data/T0015/327504/b918650/lu5-327504/docs/v0.1.6/image/Image.crop/index.html
2026-03-02 07:40:20,586 - Knowledge - INFO - Fast-tracked /app/data/T0015/327504/b918650/lu5-327504/docs/latest/window/height/meta.json (ext=.json, size=365)
2026-03-02 07:40:20,863 - Knowledge - INFO - process ingested knowledge for /app/data/T0015/327504/b918650/lu5-327504/docs/v0.1.6/image/Image.crop/meta.json
2026-03-02 07:40:20,980 - Knowledge - INFO - Worker kw12 processing /app/data/T0015/327504/b918650/lu5-327504/docs/latest/window/deltaTime/index.html
2026-03-02 07:40:21,073 - Knowledge - INFO - process ingested knowledge for /app/data/T0015/327504/b918650/lu5-327504/docs/v0.1.6/image/image/index.html
2026-03-02 07:40:21,147 - Knowledge - INFO - done ingest for /app/data/T0015/327504/b918650/lu5-327504/docs/v0.0.3/shapes/quad/index.html
2026-03-02 07:40:21,195 - Knowledge - INFO - Worker kw12 processing /app/data/T0015/327504/b918650/lu5-327504/docs/latest/window/deltaTime/meta.json
2026-03-02 07:40:21,302 - Knowledge - INFO - process ingested knowledge for /app/data/T0015/327504/b918650/lu5-327504/docs/v0.1.6/image/image/meta.json
2026-03-02 07:40:21,534 - Knowledge - INFO - Fast-tracked /app/data/T0015/327504/b918650/lu5-327504/docs/latest/window/deltaTime/meta.json (ext=.json, size=520)
2026-03-02 07:40:21,658 - Knowledge - INFO - process ingested knowledge for /app/data/T0015/327504/b918650/lu5-327504/docs/v0.1.6/image/loadImage/index.html
2026-03-02 07:40:21,695 - Knowledge - INFO - done ingest for /app/data/T0015/327504/b918650/lu5-327504/docs/v0.0.3/math/ceil/index.html
2026-03-02 07:40:21,826 - Knowledge - INFO - Worker kw12 processing /app/data/T0015/327504/b918650/lu5-327504/docs/latest/window/index.html
2026-03-02 07:40:21,896 - Knowledge - INFO - done ingest for /app/data/T0015/327504/b918650/lu5-327504/docs/v0.0.3/shapes/triangle/index.html
2026-03-02 07:40:21,940 - Knowledge - INFO - process ingested knowledge for /app/data/T0015/327504/b918650/lu5-327504/docs/v0.1.6/image/loadImage/meta.json
2026-03-02 07:40:22,267 - Knowledge - INFO - Processing batch of 8 files
2026-03-02 07:40:22,342 - Knowledge - INFO - process ingested knowledge for /app/data/T0015/327504/b918650/lu5-327504/docs/v0.1.6/image/index.html
2026-03-02 07:40:22,423 - Knowledge - INFO - process ingested knowledge for /app/data/T0015/327504/b918650/lu5-327504/docs/v0.0.3/window/frameRate/meta.json
2026-03-02 07:40:22,527 - Knowledge - INFO - process ingested knowledge for /app/data/T0015/327504/b918650/lu5-327504/docs/v0.1.6/vector/Vector.dot/index.html
2026-03-02 07:40:22,631 - Knowledge - INFO - process ingested knowledge for /app/data/T0015/327504/b918650/lu5-327504/docs/v0.0.3/shapes/line/index.html
2026-03-02 07:40:22,812 - Knowledge - INFO - [LLM_CALL] Completed: index.html:chunk1, Duration: 421ms, PromptTokens: 5098, CompletionTokens: 59, Cost: $0.00053
2026-03-02 07:40:22,911 - Knowledge - INFO - process ingested knowledge for /app/data/T0015/327504/b918650/lu5-327504/docs/v0.0.3/shapes/line/meta.json
2026-03-02 07:40:23,030 - Knowledge - INFO - done ingest for /app/data/T0015/327504/b918650/lu5-327504/docs/v0.1.6/shapes3D/box/index.html
2026-03-02 07:40:23,163 - Knowledge - INFO - process ingested knowledge for /app/data/T0015/327504/b918650/lu5-327504/docs/v0.0.3/shapes/circle/index.html
2026-03-02 07:40:23,368 - Knowledge - INFO - Processing batch of 8 files
2026-03-02 07:40:23,383 - Knowledge - INFO - process ingested knowledge for /app/data/T0015/327504/b918650/lu5-327504/docs/v0.0.3/shapes/circle/meta.json
2026-03-02 07:40:23,567 - Knowledge - INFO - process ingested knowledge for /app/data/T0015/327504/b918650/lu5-327504/docs/v0.1.6/vector/Vector.sub/meta.json
2026-03-02 07:40:23,655 - Knowledge - INFO - [LLM_CALL] Completed: index.html:chunk1, Duration: 36ms, PromptTokens: 8684, CompletionTokens: 59, Cost: $0.00089
2026-03-02 07:40:23,826 - Knowledge - INFO - process ingested knowledge for /app/data/T0015/327504/b918650/lu5-327504/docs/v0.1.6/vector/index.html
2026-03-02 07:40:23,828 - Knowledge - INFO - process ingested knowledge for /app/data/T0015/327504/b918650/lu5-327504/docs/v0.0.3/shapes/point/index.html
2026-03-02 07:40:23,895 - Knowledge - INFO - done ingest for /app/data/T0015/327504/b918650/lu5-327504/docs/v0.0.3/shapes/index.html
2026-03-02 07:40:23,942 - Knowledge - INFO - done ingest for /app/data/T0015/327504/b918650/lu5-327504/docs/v0.0.3/math/cos/index.html
2026-03-02 07:40:24,093 - Knowledge - INFO - done ingest for /app/data/T0015/327504/b918650/lu5-327504/docs/v0.0.3/shapes/arc/index.html
2026-03-02 07:40:24,137 - Knowledge - INFO - process ingested knowledge for /app/data/T0015/327504/b918650/lu5-327504/docs/v0.1.6/vector/createVector/index.html
2026-03-02 07:40:24,286 - Knowledge - INFO - process ingested knowledge for /app/data/T0015/327504/b918650/lu5-327504/docs/v0.0.3/shapes/point/meta.json
2026-03-02 07:40:24,335 - Knowledge - INFO - [WEBSOCKET] Sent: Type=progress_update, Size: 293, Duration: 0ms
2026-03-02 07:40:24,521 - Knowledge - INFO - Async storage completed for 8 embeddings
2026-03-02 07:40:24,658 - Knowledge - INFO - process ingested knowledge for /app/data/T0015/327504/b918650/lu5-327504/docs/v0.1.6/vector/createVector/meta.json
2026-03-02 07:40:24,744 - Knowledge - INFO - process ingested knowledge for /app/data/T0015/327504/b918650/lu5-327504/docs/v0.0.3/shapes/triangle/index.html
2026-03-02 07:40:24,825 - Knowledge - INFO - Processing batch of 8 files
2026-03-02 07:40:24,825 - Knowledge - INFO - [WEBSOCKET] Sent: Type=unknown, Size: ?, Duration: 490ms
2026-03-02 07:40:25,029 - Knowledge - INFO - process ingested knowledge for /app/data/T0015/327504/b918650/lu5-327504/docs/v0.1.6/shapes3D/plane/index.html
2026-03-02 07:40:25,245 - Knowledge - INFO - process ingested knowledge for /app/data/T0015/327504/b918650/lu5-327504/docs/v0.0.3/shapes/triangle/meta.json
2026-03-02 07:40:25,362 - Knowledge - INFO - Progress: 60.8% | Files: 892/1455 | Rate: 1.58 files/sec | Queue: 451
2026-03-02 07:40:25,436 - Knowledge - INFO - process ingested knowledge for /app/data/T0015/327504/b918650/lu5-327504/docs/v0.1.6/shapes3D/plane/meta.json
2026-03-02 07:40:25,554 - Knowledge - INFO - process ingested knowledge for /app/data/T0015/327504/b918650/lu5-327504/docs/v0.0.3/shapes/arc/index.html
2026-03-02 07:40:25,683 - Knowledge - INFO - [kw2] Queue=451, InProgress=0, PendingWorkers=20/20, Completed=892/1455 (61.3%)
2026-03-02 07:40:25,810 - Knowledge - INFO - process ingested knowledge for /app/data/T0015/327504/b918650/lu5-327504/docs/v0.1.6/shapes3D/box/index.html
2026-03-02 07:40:25,871 - Knowledge - INFO - process ingested knowledge for /app/data/T0015/327504/b918650/lu5-327504/docs/v0.0.3/shapes/arc/meta.json
2026-03-02 07:40:25,928 - Knowledge - INFO - done ingest for /app/data/T0015/327504/b918650/lu5-327504/docs/v0.0.3/shapes/text/index.html
2026-03-02 07:40:25,988 - Knowledge - INFO - Batch sizing: calculated=6, max_allowed=10, queue=451, active_workers=20/20
2026-03-02 07:40:26,206 - Knowledge - INFO - done ingest for /app/data/T0015/327504/b918650/lu5-327504/docs/v0.0.3/math/sin/index.html
2026-03-02 07:40:26,213 - Knowledge - INFO - process ingested knowledge for /app/data/T0015/327504/b918650/lu5-327504/docs/v0.1.6/shapes3D/box/meta.json
2026-03-02 07:40:26,213 - Knowledge - INFO - process ingested knowledge for /app/data/T0015/327504/b918650/lu5-327504/docs/v0.0.3/shapes/ellipse/index.html
2026-03-02 07:40:26,388 - Knowledge - INFO - Processing batch of 8 files
2026-03-02 07:40:26,427 - Knowledge - INFO - [kw16] Queue=451, InProgress=0, PendingWorkers=20/20, Completed=900/1455 (61.9%)
2026-03-02 07:40:26,436 - Knowledge - INFO - Async storing batch of 8 embeddings
2026-03-02 07:40:26,590 - Knowledge - INFO - Async storage completed for 8 embeddings
2026-03-02 07:40:26,722 - Knowledge - INFO - process ingested knowledge for /app/data/T0015/327504/b918650/lu5-327504/docs/v0.0.3/shapes/ellipse/meta.json
2026-03-02 07:40:26,835 - Knowledge - INFO - process ingested knowledge for /app/data/T0015/327504/b918650/lu5-327504/docs/v0.0.3/shapes/square/meta.json
2026-03-02 07:40:26,842 - Knowledge - INFO - Async storage completed for 8 embeddings
2026-03-02 07:40:26,916 - Knowledge - INFO - Batch sizing: calculated=6, max_allowed=10, queue=451, active_workers=20/20
2026-03-02 07:40:27,015 - Knowledge - INFO - Worker kw2 processing /app/data/T0015/327504/b918650/lu5-327504/docs/latest/window/frameRate/index.html
2026-03-02 07:40:27,134 - Knowledge - WARNING - Timeout processing /app/data/T0015/327504/b918650/lu5-327504/docs/v0.1.6/typography/textFont/index.html after 90s - using fallback metadata
2026-03-02 07:40:27,308 - Knowledge - INFO - process ingested knowledge for /app/data/T0015/327504/b918650/lu5-327504/docs/v0.0.3/shapes/rect/index.html
2026-03-02 07:40:27,328 - Knowledge - INFO - process ingested knowledge for /app/data/T0015/327504/b918650/lu5-327504/docs/v0.0.3/shapes/text/index.html
2026-03-02 07:40:27,646 - Knowledge - INFO - Worker kw2 processing /app/data/T0015/327504/b918650/lu5-327504/docs/latest/window/frameRate/meta.json
2026-03-02 07:40:27,702 - Knowledge - INFO - Async storing batch of 8 embeddings
2026-03-02 07:40:27,791 - Knowledge - WARNING - Timeout processing /app/data/T0015/327504/b918650/lu5-327504/docs/v0.1.6/shapes3D/index.html after 90s - using fallback metadata
2026-03-02 07:40:27,901 - Knowledge - INFO - process ingested knowledge for /app/data/T0015/327504/b918650/lu5-327504/docs/v0.0.3/shapes/rect/meta.json
2026-03-02 07:40:27,976 - Knowledge - INFO - process ingested knowledge for /app/data/T0015/327504/b918650/lu5-327504/docs/v0.0.3/shapes/text/meta.json
2026-03-02 07:40:27,988 - Knowledge - INFO - [kw19] Queue=439, InProgress=0, PendingWorkers=20/20, Completed=900/1455 (61.9%)
2026-03-02 07:40:28,159 - Knowledge - INFO - Fast-tracked /app/data/T0015/327504/b918650/lu5-327504/docs/latest/window/frameRate/meta.json (ext=.json, size=562)
2026-03-02 07:40:28,206 - Knowledge - INFO - done ingest for /app/data/T0015/327504/b918650/lu5-327504/docs/v0.0.3/math/tan/index.html
2026-03-02 07:40:28,254 - Knowledge - INFO - Worker kw16 processing /app/data/T0015/327504/b918650/lu5-327504/docs/latest/models/index.html
2026-03-02 07:40:28,426 - Knowledge - WARNING - Timeout processing /app/data/T0015/327504/b918650/lu5-327504/docs/v0.1.6/shapes3D/sphere/index.html after 90s - using fallback metadata
2026-03-02 07:40:28,531 - Knowledge - INFO - process ingested knowledge for /app/data/T0015/327504/b918650/lu5-327504/docs/v0.0.3/shapes/square/index.html
2026-03-02 07:40:28,545 - Knowledge - INFO - Async storage completed for 8 embeddings
2026-03-02 07:40:28,572 - Knowledge - INFO - done ingest for /app/data/T0015/327504/b918650/lu5-327504/docs/v0.0.3/setting/fill/index.html
2026-03-02 07:40:28,631 - Knowledge - INFO - process ingested knowledge for /app/data/T0015/327504/b918650/lu5-327504/docs/v0.0.3/shapes/image/index.html
2026-03-02 07:40:28,751 - Knowledge - INFO - Batch sizing: calculated=6, max_allowed=10, queue=439, active_workers=20/20
2026-03-02 07:40:28,853 - Knowledge - INFO - Worker kw2 processing /app/data/T0015/327504/b918650/lu5-327504/docs/latest/models/loadModel/index.html
2026-03-02 07:40:29,003 - Knowledge - INFO - Processing batch of 8 files
2026-03-02 07:40:29,095 - Knowledge - INFO - Worker kw16 processing /app/data/T0015/327504/b918650/lu5-327504/docs/latest/shapes/line/index.html
2026-03-02 07:40:29,161 - Knowledge - INFO - Async storage completed for 8 embeddings
2026-03-02 07:40:29,199 - Knowledge - WARNING - Timeout processing /app/data/T0015/327504/b918650/lu5-327504/docs/v0.1.6/index.html after 90s - using fallback metadata
2026-03-02 07:40:29,519 - Knowledge - INFO - [LLM_CALL] Completed: index.html:chunk1, Duration: 111ms, PromptTokens: 4542, CompletionTokens: 59, Cost: $0.00048
2026-03-02 07:40:29,734 - Knowledge - INFO - process ingested knowledge for /app/data/T0015/327504/b918650/lu5-327504/docs/v0.0.3/shapes/image/meta.json
2026-03-02 07:40:29,896 - Knowledge - INFO - Worker kw2 processing /app/data/T0015/327504/b918650/lu5-327504/docs/latest/models/loadModel/meta.json
2026-03-02 07:40:30,011 - Knowledge - INFO - process ingested knowledge for /app/data/T0015/327504/b918650/lu5-327504/docs/v0.0.3/math/floor/meta.json
2026-03-02 07:40:30,105 - Knowledge - INFO - Worker kw16 processing /app/data/T0015/327504/b918650/lu5-327504/docs/latest/shapes/line/meta.json
2026-03-02 07:40:30,227 - Knowledge - WARNING - Timeout processing /app/data/T0015/327504/b918650/lu5-327504/docs/v0.0.3/window/background/index.html after 90s - using fallback metadata
2026-03-02 07:40:30,334 - Knowledge - WARNING - Timeout processing /app/data/T0015/327504/b918650/lu5-327504/docs/v0.1.6/typography/textSize/index.html after 90s - using fallback metadata
2026-03-02 07:40:30,426 - Knowledge - INFO - done ingest for /app/data/T0015/327504/b918650/lu5-327504/docs/v0.0.3/setting/textSize/index.html
2026-03-02 07:40:30,429 - Knowledge - INFO - Async storing batch of 8 embeddings
2026-03-02 07:40:30,584 - Knowledge - INFO - Async storage completed for 8 embeddings
2026-03-02 07:40:30,641 - Knowledge - INFO - Fast-tracked /app/data/T0015/327504/b918650/lu5-327504/docs/latest/models/loadModel/meta.json (ext=.json, size=248)
2026-03-02 07:40:30,641 - Knowledge - INFO - process ingested knowledge for /app/data/T0015/327504/b918650/lu5-327504/docs/v0.0.3/shapes/quad/index.html
2026-03-02 07:40:30,929 - Knowledge - INFO - Fast-tracked /app/data/T0015/327504/b918650/lu5-327504/docs/latest/shapes/line/meta.json (ext=.json, size=473)
2026-03-02 07:40:30,959 - Knowledge - INFO - [LLM_CALL] Completed: index.html:chunk1, Duration: 530ms, PromptTokens: 7240, CompletionTokens: 59, Cost: $0.00075
2026-03-02 07:40:31,027 - Knowledge - INFO - process ingested knowledge for /app/data/T0015/327504/b918650/lu5-327504/docs/v0.0.3/math/sin/index.html
2026-03-02 07:40:31,118 - Knowledge - WARNING - Timeout processing /app/data/T0015/327504/b918650/lu5-327504/docs/v0.0.3/window/createWindow/index.html after 90s - using fallback metadata
2026-03-02 07:40:31,422 - Knowledge - INFO - Worker kw19 processing /app/data/T0015/327504/b918650/lu5-327504/docs/latest/shapes/circle/meta.json
2026-03-02 07:40:31,516 - Knowledge - WARNING - Timeout processing /app/data/T0015/327504/b918650/lu5-327504/docs/v0.0.3/io/index.html after 90s - using fallback metadata
2026-03-02 07:40:31,592 - Knowledge - INFO - Worker kw2 processing /app/data/T0015/327504/b918650/lu5-327504/docs/latest/models/model/index.html
2026-03-02 07:40:31,683 - Knowledge - INFO - process ingested knowledge for /app/data/T0015/327504/b918650/lu5-327504/docs/v0.0.3/shapes/quad/meta.json
2026-03-02 07:40:31,793 - Knowledge - INFO - Worker kw16 processing /app/data/T0015/327504/b918650/lu5-327504/docs/latest/shapes/endShape/index.html
2026-03-02 07:40:31,874 - Knowledge - INFO - done ingest for /app/data/T0015/327504/b918650/lu5-327504/docs/v0.0.3/setting/index.html
2026-03-02 07:40:31,874 - Knowledge - INFO - done ingest for /app/data/T0015/327504/b918650/lu5-327504/docs/v0.0.3/loaders/loadImage/index.html
2026-03-02 07:40:31,875 - Knowledge - INFO - Processing batch of 8 files
2026-03-02 07:40:31,875 - Knowledge - INFO - [WEBSOCKET] Sent: Type=progress_update, Size: 293, Duration: 0ms
2026-03-02 07:40:31,954 - Knowledge - INFO - process ingested knowledge for /app/data/T0015/327504/b918650/lu5-327504/docs/v0.0.3/math/sin/meta.json
2026-03-02 07:40:32,065 - Knowledge - WARNING - Timeout processing /app/data/T0015/327504/b918650/lu5-327504/docs/v0.0.3/window/deltaTime/index.html after 90s - using fallback metadata
2026-03-02 07:40:32,151 - Knowledge - INFO - Fast-tracked /app/data/T0015/327504/b918650/lu5-327504/docs/latest/shapes/circle/meta.json (ext=.json, size=390)
2026-03-02 07:40:32,241 - Knowledge - WARNING - Timeout processing /app/data/T0015/327504/b918650/lu5-327504/docs/v0.1.6/typography/text/index.html after 90s - using fallback metadata
2026-03-02 07:40:32,339 - Knowledge - INFO - Worker kw2 processing /app/data/T0015/327504/b918650/lu5-327504/docs/latest/models/model/meta.json
2026-03-02 07:40:32,526 - Knowledge - INFO - process ingested knowledge for /app/data/T0015/327504/b918650/lu5-327504/docs/v0.0.3/shapes/index.html
2026-03-02 07:40:32,660 - Knowledge - INFO - Worker kw16 processing /app/data/T0015/327504/b918650/lu5-327504/docs/latest/shapes/endShape/meta.json
2026-03-02 07:40:32,926 - Knowledge - INFO - process ingested knowledge for /app/data/T0015/327504/b918650/lu5-327504/docs/v0.1.6/shapes3D/index.html
2026-03-02 07:40:33,020 - Knowledge - INFO - [LLM_CALL] Completed: index.html:chunk1, Duration: 0ms, PromptTokens: 4690, CompletionTokens: 59, Cost: $0.00049
2026-03-02 07:40:33,116 - Knowledge - INFO - process ingested knowledge for /app/data/T0015/327504/b918650/lu5-327504/docs/v0.0.3/math/cos/index.html
2026-03-02 07:40:33,210 - Knowledge - WARNING - Timeout processing /app/data/T0015/327504/b918650/lu5-327504/docs/v0.0.3/window/index.html after 90s - using fallback metadata
2026-03-02 07:40:33,311 - Knowledge - INFO - Worker kw19 processing /app/data/T0015/327504/b918650/lu5-327504/docs/latest/shapes/point/index.html
2026-03-02 07:40:33,392 - Knowledge - WARNING - Timeout processing /app/data/T0015/327504/b918650/lu5-327504/docs/v0.1.6/typography/index.html after 90s - using fallback metadata
2026-03-02 07:40:33,530 - Knowledge - INFO - Fast-tracked /app/data/T0015/327504/b918650/lu5-327504/docs/latest/models/model/meta.json (ext=.json, size=243)
2026-03-02 07:40:33,774 - Knowledge - INFO - Fast-tracked /app/data/T0015/327504/b918650/lu5-327504/docs/latest/shapes/endShape/meta.json (ext=.json, size=277)
2026-03-02 07:40:33,860 - Knowledge - INFO - process ingested knowledge for /app/data/T0015/327504/b918650/lu5-327504/docs/v0.1.6/shapes3D/sphere/index.html
2026-03-02 07:40:33,941 - Knowledge - INFO - done ingest for /app/data/T0015/327504/b918650/lu5-327504/docs/v0.0.3/setting/stroke/index.html
2026-03-02 07:40:33,942 - Knowledge - INFO - [WEBSOCKET] Sent: Type=unknown, Size: ?, Duration: 2067ms
2026-03-02 07:40:34,039 - Knowledge - INFO - process ingested knowledge for /app/data/T0015/327504/b918650/lu5-327504/docs/v0.0.3/math/cos/meta.json
2026-03-02 07:40:34,269 - Knowledge - INFO - Worker kw19 processing /app/data/T0015/327504/b918650/lu5-327504/docs/latest/shapes/point/meta.json
2026-03-02 07:40:34,376 - Knowledge - WARNING - Timeout processing /app/data/T0015/327504/b918650/lu5-327504/docs/v0.1.6/typography/loadFont/index.html after 90s - using fallback metadata
2026-03-02 07:40:34,482 - Knowledge - INFO - Async storage completed for 8 embeddings
2026-03-02 07:40:34,534 - Knowledge - INFO - Worker kw16 processing /app/data/T0015/327504/b918650/lu5-327504/docs/latest/shapes/circle/index.html
2026-03-02 07:40:34,606 - Knowledge - INFO - process ingested knowledge for /app/data/T0015/327504/b918650/lu5-327504/docs/v0.1.6/shapes3D/sphere/meta.json
2026-03-02 07:40:34,801 - Knowledge - INFO - Progress: 63.0% | Files: 916/1455 | Rate: 1.60 files/sec | Queue: 433
2026-03-02 07:40:34,802 - Knowledge - INFO - [LLM_CALL] Completed: index.html:chunk1, Duration: 1ms, PromptTokens: 4462, CompletionTokens: 59, Cost: $0.00047
2026-03-02 07:40:34,904 - Knowledge - INFO - process ingested knowledge for /app/data/T0015/327504/b918650/lu5-327504/docs/v0.0.3/math/ceil/index.html
2026-03-02 07:40:35,036 - Knowledge - INFO - Fast-tracked /app/data/T0015/327504/b918650/lu5-327504/docs/latest/shapes/point/meta.json (ext=.json, size=210)
2026-03-02 07:40:35,140 - Knowledge - WARNING - Timeout processing /app/data/T0015/327504/b918650/lu5-327504/docs/v0.0.3/io/print/index.html after 90s - using fallback metadata
2026-03-02 07:40:35,303 - Knowledge - INFO - Async storage completed for 8 embeddings
2026-03-02 07:40:35,425 - Knowledge - INFO - process ingested knowledge for /app/data/T0015/327504/b918650/lu5-327504/docs/v0.1.6/index.html
2026-03-02 07:40:35,508 - Knowledge - INFO - [kw17] Queue=433, InProgress=0, PendingWorkers=20/20, Completed=916/1455 (63.0%)
2026-03-02 07:40:35,624 - Knowledge - INFO - done ingest for /app/data/T0015/327504/b918650/lu5-327504/docs/v0.0.3/setting/noStroke/index.html
2026-03-02 07:40:35,653 - Knowledge - INFO - done ingest for /app/data/T0015/327504/b918650/lu5-327504/docs/v0.0.3/math/round/index.html
2026-03-02 07:40:35,679 - Knowledge - INFO - [LLM_CALL] Completed: index.html:chunk1, Duration: 11ms, PromptTokens: 4704, CompletionTokens: 59, Cost: $0.00049
2026-03-02 07:40:35,718 - Knowledge - INFO - process ingested knowledge for /app/data/T0015/327504/b918650/lu5-327504/docs/v0.0.3/math/ceil/meta.json
2026-03-02 07:40:35,839 - Knowledge - INFO - Worker kw19 processing /app/data/T0015/327504/b918650/lu5-327504/docs/latest/shapes/beginShape/index.html
2026-03-02 07:40:36,107 - Knowledge - INFO - process ingested knowledge for /app/data/T0015/327504/b918650/lu5-327504/docs/v0.1.6/typography/textSize/index.html
2026-03-02 07:40:36,246 - Knowledge - INFO - Batch sizing: calculated=6, max_allowed=10, queue=433, active_workers=20/20
2026-03-02 07:40:36,599 - Knowledge - INFO - done ingest for /app/data/T0015/327504/b918650/lu5-327504/docs/v0.0.3/window/frameRate/index.html
2026-03-02 07:40:36,600 - Knowledge - INFO - [LLM_CALL] Completed: index.html:chunk1, Duration: 0ms, PromptTokens: 4650, CompletionTokens: 59, Cost: $0.00049
2026-03-02 07:40:36,734 - Knowledge - INFO - process ingested knowledge for /app/data/T0015/327504/b918650/lu5-327504/docs/v0.0.3/math/tan/index.html
2026-03-02 07:40:36,815 - Knowledge - INFO - Worker kw19 processing /app/data/T0015/327504/b918650/lu5-327504/docs/latest/shapes/beginShape/meta.json
2026-03-02 07:40:36,930 - Knowledge - INFO - process ingested knowledge for /app/data/T0015/327504/b918650/lu5-327504/docs/v0.1.6/typography/textSize/meta.json
2026-03-02 07:40:36,950 - Knowledge - INFO - Async storage completed for 8 embeddings
2026-03-02 07:40:37,340 - Knowledge - INFO - done ingest for /app/data/T0015/327504/b918650/lu5-327504/docs/v0.0.3/setting/textFont/index.html
2026-03-02 07:40:37,345 - Knowledge - INFO - [kw6] Queue=427, InProgress=0, PendingWorkers=20/20, Completed=938/1455 (64.5%)
2026-03-02 07:40:37,363 - Knowledge - INFO - Processing batch of 8 files
2026-03-02 07:40:37,384 - Knowledge - INFO - done ingest for /app/data/T0015/327504/b918650/lu5-327504/docs/v0.0.3/keyboard/keyReleased/index.html
2026-03-02 07:40:37,395 - Knowledge - INFO - Processing batch of 6 files
2026-03-02 07:40:37,431 - Knowledge - INFO - Processing batch of 8 files
2026-03-02 07:40:37,431 - Knowledge - INFO - Async storing batch of 8 embeddings
2026-03-02 07:40:37,456 - Knowledge - INFO - done ingest for /app/data/T0015/327504/b918650/lu5-327504/docs/v0.0.3/keyboard/isKeyDown/index.html
2026-03-02 07:40:37,590 - Knowledge - INFO - Fast-tracked /app/data/T0015/327504/b918650/lu5-327504/docs/latest/shapes/beginShape/meta.json (ext=.json, size=612)
2026-03-02 07:40:37,649 - Knowledge - INFO - done ingest for /app/data/T0015/327504/b918650/lu5-327504/docs/v0.0.3/loaders/index.html
2026-03-02 07:40:37,725 - Knowledge - INFO - process ingested knowledge for /app/data/T0015/327504/b918650/lu5-327504/docs/v0.1.6/typography/textFont/index.html
2026-03-02 07:40:37,951 - Knowledge - INFO - Async storage completed for 8 embeddings
2026-03-02 07:40:37,981 - Knowledge - INFO - Batch sizing: calculated=6, max_allowed=10, queue=427, active_workers=20/20
2026-03-02 07:40:38,087 - Knowledge - INFO - process ingested knowledge for /app/data/T0015/327504/b918650/lu5-327504/docs/v0.1.6/typography/text/index.html
2026-03-02 07:40:38,245 - Knowledge - INFO - process ingested knowledge for /app/data/T0015/327504/b918650/lu5-327504/docs/v0.0.3/setting/textFont/meta.json
2026-03-02 07:40:38,322 - Knowledge - INFO - process ingested knowledge for /app/data/T0015/327504/b918650/lu5-327504/docs/v0.0.3/window/background/index.html
2026-03-02 07:40:38,403 - Knowledge - INFO - Worker kw17 processing /app/data/T0015/327504/b918650/lu5-327504/docs/latest/shapes/triangle/meta.json
2026-03-02 07:40:38,595 - Knowledge - INFO - Worker kw19 processing /app/data/T0015/327504/b918650/lu5-327504/docs/latest/shapes/triangle/index.html
2026-03-02 07:40:38,781 - Knowledge - INFO - process ingested knowledge for /app/data/T0015/327504/b918650/lu5-327504/docs/v0.1.6/typography/textFont/meta.json
2026-03-02 07:40:38,791 - Knowledge - INFO - [kw7] Queue=427, InProgress=0, PendingWorkers=20/20, Completed=938/1455 (64.5%)
2026-03-02 07:40:38,972 - Knowledge - INFO - [LLM_CALL] Completed: index.html:chunk1, Duration: 834ms, PromptTokens: 4736, CompletionTokens: 59, Cost: $0.00050
2026-03-02 07:40:39,147 - Knowledge - INFO - process ingested knowledge for /app/data/T0015/327504/b918650/lu5-327504/docs/v0.1.6/typography/text/meta.json
2026-03-02 07:40:39,309 - Knowledge - INFO - process ingested knowledge for /app/data/T0015/327504/b918650/lu5-327504/docs/v0.0.3/setting/noStroke/index.html
2026-03-02 07:40:39,399 - Knowledge - INFO - process ingested knowledge for /app/data/T0015/327504/b918650/lu5-327504/docs/v0.0.3/window/background/meta.json
2026-03-02 07:40:39,491 - Knowledge - INFO - Fast-tracked /app/data/T0015/327504/b918650/lu5-327504/docs/latest/shapes/triangle/meta.json (ext=.json, size=217)
2026-03-02 07:40:40,008 - Knowledge - INFO - Batch sizing: calculated=6, max_allowed=10, queue=427, active_workers=20/20
2026-03-02 07:40:40,088 - Knowledge - INFO - done ingest for /app/data/T0015/327504/b918650/lu5-327504/docs/v0.0.3/classes/class/index.html
2026-03-02 07:40:40,092 - Knowledge - INFO - done ingest for /app/data/T0015/327504/b918650/lu5-327504/docs/v0.0.3/keyboard/keyHeld/index.html
2026-03-02 07:40:40,094 - Knowledge - INFO - done ingest for /app/data/T0015/327504/b918650/lu5-327504/docs/v0.0.3/keyboard/keyPressed/index.html
2026-03-02 07:40:40,095 - Knowledge - INFO - [LLM_CALL] Completed: index.html:chunk1, Duration: 1ms, PromptTokens: 4376, CompletionTokens: 59, Cost: $0.00046
2026-03-02 07:40:40,095 - Knowledge - INFO - Async storing batch of 8 embeddings
2026-03-02 07:40:40,278 - Knowledge - INFO - process ingested knowledge for /app/data/T0015/327504/b918650/lu5-327504/docs/v0.1.6/typography/index.html
2026-03-02 07:40:40,281 - Knowledge - INFO - process ingested knowledge for /app/data/T0015/327504/b918650/lu5-327504/docs/v0.0.3/setting/noStroke/meta.json
2026-03-02 07:40:40,393 - Knowledge - INFO - process ingested knowledge for /app/data/T0015/327504/b918650/lu5-327504/docs/v0.0.3/window/createWindow/index.html
2026-03-02 07:40:40,454 - Knowledge - INFO - Worker kw17 processing /app/data/T0015/327504/b918650/lu5-327504/docs/latest/shapes/arc/index.html
2026-03-02 07:40:40,939 - Knowledge - INFO - done ingest for /app/data/T0015/327504/b918650/lu5-327504/docs/v0.0.3/setting/noFill/index.html
2026-03-02 07:40:40,939 - Knowledge - INFO - done ingest for /app/data/T0015/327504/b918650/lu5-327504/docs/v0.0.3/loaders/loadFont/index.html
2026-03-02 07:40:40,940 - Knowledge - INFO - Async storing batch of 8 embeddings
2026-03-02 07:40:41,024 - Knowledge - INFO - [kw13] Queue=415, InProgress=0, PendingWorkers=20/20, Completed=938/1455 (64.5%)
2026-03-02 07:40:41,032 - Knowledge - INFO - Worker kw6 processing /app/data/T0015/327504/b918650/lu5-327504/docs/latest/shapes/vertex/meta.json
2026-03-02 07:40:41,124 - Knowledge - INFO - process ingested knowledge for /app/data/T0015/327504/b918650/lu5-327504/docs/v0.1.6/typography/loadFont/index.html
2026-03-02 07:40:41,202 - Knowledge - INFO - process ingested knowledge for /app/data/T0015/327504/b918650/lu5-327504/docs/v0.0.3/setting/index.html
2026-03-02 07:40:41,286 - Knowledge - INFO - process ingested knowledge for /app/data/T0015/327504/b918650/lu5-327504/docs/v0.0.3/window/createWindow/meta.json
2026-03-02 07:40:41,416 - Knowledge - INFO - Worker kw17 processing /app/data/T0015/327504/b918650/lu5-327504/docs/latest/shapes/arc/meta.json
2026-03-02 07:40:41,558 - Knowledge - INFO - Processing batch of 8 files
2026-03-02 07:40:41,716 - Knowledge - INFO - Worker kw7 processing /app/data/T0015/327504/b918650/lu5-327504/docs/latest/shapes/quad/meta.json
2026-03-02 07:40:41,824 - Knowledge - INFO - Batch sizing: calculated=6, max_allowed=10, queue=415, active_workers=20/20
2026-03-02 07:40:41,872 - Knowledge - INFO - [LLM_CALL] Completed: index.html:chunk1, Duration: 313ms, PromptTokens: 4374, CompletionTokens: 59, Cost: $0.00046
2026-03-02 07:40:41,912 - Knowledge - INFO - Fast-tracked /app/data/T0015/327504/b918650/lu5-327504/docs/latest/shapes/vertex/meta.json (ext=.json, size=373)
2026-03-02 07:40:42,002 - Knowledge - INFO - process ingested knowledge for /app/data/T0015/327504/b918650/lu5-327504/docs/v0.1.6/typography/loadFont/meta.json
2026-03-02 07:40:42,171 - Knowledge - INFO - process ingested knowledge for /app/data/T0015/327504/b918650/lu5-327504/docs/v0.0.3/setting/fill/index.html
2026-03-02 07:40:42,332 - Knowledge - INFO - process ingested knowledge for /app/data/T0015/327504/b918650/lu5-327504/docs/v0.0.3/window/deltaTime/index.html
2026-03-02 07:40:42,414 - Knowledge - INFO - Fast-tracked /app/data/T0015/327504/b918650/lu5-327504/docs/latest/shapes/arc/meta.json (ext=.json, size=207)
2026-03-02 07:40:42,440 - Knowledge - INFO - Async storage completed for 8 embeddings
2026-03-02 07:40:42,491 - Knowledge - INFO - process ingested knowledge for /app/data/T0015/327504/b918650/lu5-327504/docs/v0.0.3/setting/push/meta.json
2026-03-02 07:40:42,586 - Knowledge - INFO - Fast-tracked /app/data/T0015/327504/b918650/lu5-327504/docs/latest/shapes/quad/meta.json (ext=.json, size=723)
2026-03-02 07:40:42,820 - Knowledge - INFO - done ingest for /app/data/T0015/327504/b918650/lu5-327504/docs/v0.0.3/setting/pop/index.html
2026-03-02 07:40:42,820 - Knowledge - INFO - done ingest for /app/data/T0015/327504/b918650/lu5-327504/docs/v0.0.3/keyboard/index.html
2026-03-02 07:40:42,820 - Knowledge - INFO - done ingest for /app/data/T0015/327504/b918650/lu5-327504/docs/v0.0.3/mouse/mouseX/index.html
2026-03-02 07:40:42,821 - Knowledge - INFO - done ingest for /app/data/T0015/327504/b918650/lu5-327504/docs/v0.0.3/setting/push/index.html
2026-03-02 07:40:42,821 - Knowledge - INFO - Async storing batch of 8 embeddings
2026-03-02 07:40:42,932 - Knowledge - INFO - Worker kw6 processing /app/data/T0015/327504/b918650/lu5-327504/docs/latest/shapes/rect/index.html
2026-03-02 07:40:43,019 - Knowledge - INFO - process ingested knowledge for /app/data/T0015/327504/b918650/lu5-327504/docs/v0.0.3/io/print/index.html
2026-03-02 07:40:43,116 - Knowledge - INFO - process ingested knowledge for /app/data/T0015/327504/b918650/lu5-327504/docs/v0.0.3/setting/fill/meta.json
2026-03-02 07:40:43,244 - Knowledge - INFO - process ingested knowledge for /app/data/T0015/327504/b918650/lu5-327504/docs/v0.0.3/window/deltaTime/meta.json
2026-03-02 07:40:43,321 - Knowledge - INFO - Worker kw17 processing /app/data/T0015/327504/b918650/lu5-327504/docs/latest/shapes/ellipse/index.html
2026-03-02 07:40:43,595 - Knowledge - INFO - [LLM_CALL] Completed: index.html:chunk1, Duration: 190ms, PromptTokens: 4728, CompletionTokens: 59, Cost: $0.00050
2026-03-02 07:40:43,596 - Knowledge - INFO - process ingested knowledge for /app/data/T0015/327504/b918650/lu5-327504/docs/v0.0.3/setting/textSize/index.html
2026-03-02 07:40:43,681 - Knowledge - INFO - Worker kw7 processing /app/data/T0015/327504/b918650/lu5-327504/docs/latest/shapes/index.html
2026-03-02 07:40:44,202 - Knowledge - INFO - Worker kw13 processing /app/data/T0015/327504/b918650/lu5-327504/docs/latest/transform/translate/index.html
2026-03-02 07:40:44,286 - Knowledge - INFO - Worker kw6 processing /app/data/T0015/327504/b918650/lu5-327504/docs/latest/shapes/rect/meta.json
2026-03-02 07:40:44,420 - Knowledge - INFO - process ingested knowledge for /app/data/T0015/327504/b918650/lu5-327504/docs/v0.0.3/io/print/meta.json
2026-03-02 07:40:44,687 - Knowledge - INFO - process ingested knowledge for /app/data/T0015/327504/b918650/lu5-327504/docs/v0.0.3/window/index.html
2026-03-02 07:40:44,706 - Knowledge - INFO - Worker kw17 processing /app/data/T0015/327504/b918650/lu5-327504/docs/latest/shapes/ellipse/meta.json
2026-03-02 07:40:44,803 - Knowledge - INFO - done ingest for /app/data/T0015/327504/b918650/lu5-327504/docs/v0.0.3/math/floor/index.html
2026-03-02 07:40:44,819 - Knowledge - INFO - Processing batch of 6 files
2026-03-02 07:40:44,820 - Knowledge - INFO - Processing batch of 6 files
2026-03-02 07:40:44,833 - Knowledge - INFO - [LLM_CALL] Completed: index.html:chunk1, Duration: 13ms, PromptTokens: 4942, CompletionTokens: 59, Cost: $0.00052
2026-03-02 07:40:44,975 - Knowledge - INFO - Worker kw7 processing /app/data/T0015/327504/b918650/lu5-327504/docs/latest/transform/rotateY/index.html
2026-03-02 07:40:44,981 - Knowledge - INFO - process ingested knowledge for /app/data/T0015/327504/b918650/lu5-327504/docs/v0.0.3/setting/textSize/meta.json
2026-03-02 07:40:45,126 - Knowledge - INFO - Worker kw13 processing /app/data/T0015/327504/b918650/lu5-327504/docs/latest/transform/translate/meta.json
2026-03-02 07:40:45,218 - Knowledge - INFO - Fast-tracked /app/data/T0015/327504/b918650/lu5-327504/docs/latest/shapes/rect/meta.json (ext=.json, size=423)
2026-03-02 07:40:45,345 - Knowledge - INFO - process ingested knowledge for /app/data/T0015/327504/b918650/lu5-327504/docs/v0.0.3/io/index.html
2026-03-02 07:40:45,369 - Knowledge - INFO - Async storage completed for 8 embeddings
2026-03-02 07:40:45,466 - Knowledge - INFO - process ingested knowledge for /app/data/T0015/327504/b918650/lu5-327504/docs/v0.0.3/window/frameRate/index.html
2026-03-02 07:40:45,552 - Knowledge - INFO - Fast-tracked /app/data/T0015/327504/b918650/lu5-327504/docs/latest/shapes/ellipse/meta.json (ext=.json, size=221)
2026-03-02 07:40:45,788 - Knowledge - INFO - process ingested knowledge for /app/data/T0015/327504/b918650/lu5-327504/docs/v0.0.3/setting/pop/index.html
2026-03-02 07:40:45,907 - Knowledge - INFO - process ingested knowledge for /app/data/T0015/327504/b918650/lu5-327504/docs/v0.0.3/keyboard/isKeyDown/index.html
2026-03-02 07:40:46,035 - Knowledge - INFO - done ingest for /app/data/T0015/327504/b918650/lu5-327504/docs/latest/io/loadStrings/index.html
2026-03-02 07:40:46,035 - Knowledge - INFO - done ingest for /app/data/T0015/327504/b918650/lu5-327504/docs/v0.0.3/mouse/mouseY/index.html
2026-03-02 07:40:46,035 - Knowledge - INFO - done ingest for /app/data/T0015/327504/b918650/lu5-327504/docs/v0.0.3/math/index.html
2026-03-02 07:40:46,036 - Knowledge - INFO - Processing batch of 8 files
2026-03-02 07:40:46,036 - Knowledge - INFO - [WEBSOCKET] Sent: Type=progress_update, Size: 293, Duration: 0ms
2026-03-02 07:40:46,165 - Knowledge - INFO - Worker kw7 processing /app/data/T0015/327504/b918650/lu5-327504/docs/latest/transform/rotateY/meta.json
2026-03-02 07:40:46,264 - Knowledge - INFO - process ingested knowledge for /app/data/T0015/327504/b918650/lu5-327504/docs/v0.0.3/setting/stroke/index.html
2026-03-02 07:40:46,366 - Knowledge - INFO - Fast-tracked /app/data/T0015/327504/b918650/lu5-327504/docs/latest/transform/translate/meta.json (ext=.json, size=382)
2026-03-02 07:40:46,458 - Knowledge - INFO - Worker kw6 processing /app/data/T0015/327504/b918650/lu5-327504/docs/latest/shapes/square/index.html
2026-03-02 07:40:46,850 - Knowledge - INFO - Worker kw17 processing /app/data/T0015/327504/b918650/lu5-327504/docs/latest/shapes/vertex/index.html
2026-03-02 07:40:46,960 - Knowledge - INFO - Async storage completed for 8 embeddings
2026-03-02 07:40:47,074 - Knowledge - INFO - process ingested knowledge for /app/data/T0015/327504/b918650/lu5-327504/docs/v0.0.3/setting/pop/meta.json
2026-03-02 07:40:47,164 - Knowledge - INFO - process ingested knowledge for /app/data/T0015/327504/b918650/lu5-327504/docs/v0.0.3/keyboard/isKeyDown/meta.json
2026-03-02 07:40:47,521 - Knowledge - INFO - process ingested knowledge for /app/data/T0015/327504/b918650/lu5-327504/docs/v0.0.3/loaders/loadImage/index.html
2026-03-02 07:40:47,640 - Knowledge - INFO - [WEBSOCKET] Sent: Type=unknown, Size: ?, Duration: 1604ms
2026-03-02 07:40:47,780 - Knowledge - INFO - Fast-tracked /app/data/T0015/327504/b918650/lu5-327504/docs/latest/transform/rotateY/meta.json (ext=.json, size=276)
2026-03-02 07:40:48,020 - Knowledge - INFO - process ingested knowledge for /app/data/T0015/327504/b918650/lu5-327504/docs/v0.0.3/setting/stroke/meta.json
2026-03-02 07:40:48,052 - Knowledge - INFO - Worker kw13 processing /app/data/T0015/327504/b918650/lu5-327504/docs/latest/transform/rotateZ/index.html
2026-03-02 07:40:48,194 - Knowledge - INFO - Worker kw6 processing /app/data/T0015/327504/b918650/lu5-327504/docs/latest/shapes/square/meta.json
2026-03-02 07:40:48,839 - Knowledge - INFO - process ingested knowledge for /app/data/T0015/327504/b918650/lu5-327504/docs/v0.0.3/keyboard/index.html
2026-03-02 07:40:48,840 - Knowledge - INFO - process ingested knowledge for /app/data/T0015/327504/b918650/lu5-327504/docs/v0.0.3/keyboard/keyHeld/index.html
2026-03-02 07:40:48,840 - Knowledge - INFO - Progress: 66.4% | Files: 966/1455 | Rate: 1.65 files/sec | Queue: 409
2026-03-02 07:40:48,853 - Knowledge - INFO - [LLM_CALL] Completed: index.html:chunk1, Duration: 1ms, PromptTokens: 4902, CompletionTokens: 59, Cost: $0.00051
2026-03-02 07:40:48,854 - Knowledge - INFO - process ingested knowledge for /app/data/T0015/327504/b918650/lu5-327504/docs/v0.0.3/loaders/loadImage/meta.json
2026-03-02 07:40:48,956 - Knowledge - INFO - Worker kw7 processing /app/data/T0015/327504/b918650/lu5-327504/docs/latest/transform/scale/index.html
2026-03-02 07:40:49,049 - Knowledge - INFO - process ingested knowledge for /app/data/T0015/327504/b918650/lu5-327504/docs/v0.0.3/setting/noFill/index.html
2026-03-02 07:40:49,131 - Knowledge - INFO - Worker kw13 processing /app/data/T0015/327504/b918650/lu5-327504/docs/latest/transform/rotateZ/meta.json
2026-03-02 07:40:49,227 - Knowledge - INFO - Fast-tracked /app/data/T0015/327504/b918650/lu5-327504/docs/latest/shapes/square/meta.json (ext=.json, size=387)
2026-03-02 07:40:49,312 - Knowledge - INFO - process ingested knowledge for /app/data/T0015/327504/b918650/lu5-327504/docs/v0.0.3/keyboard/keyPressed/index.html
2026-03-02 07:40:49,398 - Knowledge - INFO - process ingested knowledge for /app/data/T0015/327504/b918650/lu5-327504/docs/v0.0.3/keyboard/keyHeld/meta.json
2026-03-02 07:40:49,513 - Knowledge - INFO - [kw5] Queue=409, InProgress=0, PendingWorkers=20/20, Completed=966/1455 (66.4%)
2026-03-02 07:40:49,637 - Knowledge - INFO - done ingest for /app/data/T0015/327504/b918650/lu5-327504/docs/latest/io/loadText/index.html
2026-03-02 07:40:49,639 - Knowledge - INFO - done ingest for /app/data/T0015/327504/b918650/lu5-327504/docs/v0.0.3/mouse/mouseReleased/index.html
2026-03-02 07:40:49,640 - Knowledge - INFO - [LLM_CALL] Completed: index.html:chunk1, Duration: 0ms, PromptTokens: 4548, CompletionTokens: 59, Cost: $0.00048
2026-03-02 07:40:49,749 - Knowledge - INFO - process ingested knowledge for /app/data/T0015/327504/b918650/lu5-327504/docs/v0.0.3/loaders/index.html
2026-03-02 07:40:49,835 - Knowledge - INFO - Worker kw7 processing /app/data/T0015/327504/b918650/lu5-327504/docs/latest/transform/scale/meta.json
2026-03-02 07:40:49,908 - Knowledge - INFO - process ingested knowledge for /app/data/T0015/327504/b918650/lu5-327504/docs/v0.0.3/setting/noFill/meta.json
2026-03-02 07:40:49,994 - Knowledge - INFO - Fast-tracked /app/data/T0015/327504/b918650/lu5-327504/docs/latest/transform/rotateZ/meta.json (ext=.json, size=276)
2026-03-02 07:40:50,081 - Knowledge - INFO - Worker kw6 processing /app/data/T0015/327504/b918650/lu5-327504/docs/latest/shapes/quad/index.html
2026-03-02 07:40:50,175 - Knowledge - INFO - process ingested knowledge for /app/data/T0015/327504/b918650/lu5-327504/docs/v0.0.3/keyboard/keyPressed/meta.json
2026-03-02 07:40:50,248 - Knowledge - INFO - process ingested knowledge for /app/data/T0015/327504/b918650/lu5-327504/docs/v0.0.3/keyboard/keyReleased/index.html
2026-03-02 07:40:50,324 - Knowledge - INFO - Batch sizing: calculated=6, max_allowed=10, queue=409, active_workers=20/20
2026-03-02 07:40:50,647 - Knowledge - INFO - done ingest for /app/data/T0015/327504/b918650/lu5-327504/docs/v0.0.3/setting/strokeWeight/index.html
2026-03-02 07:40:50,648 - Knowledge - INFO - done ingest for /app/data/T0015/327504/b918650/lu5-327504/docs/latest/window/height/index.html
2026-03-02 07:40:50,648 - Knowledge - INFO - done ingest for /app/data/T0015/327504/b918650/lu5-327504/docs/v0.0.3/mouse/mouseIsPressed/index.html
2026-03-02 07:40:50,652 - Knowledge - INFO - Processing batch of 6 files
2026-03-02 07:40:50,652 - Knowledge - INFO - [kw14] Queue=409, InProgress=0, PendingWorkers=20/20, Completed=972/1455 (66.8%)
2026-03-02 07:40:50,652 - Knowledge - INFO - [kw11] Queue=409, InProgress=0, PendingWorkers=20/20, Completed=972/1455 (66.8%)
2026-03-02 07:40:50,775 - Knowledge - INFO - process ingested knowledge for /app/data/T0015/327504/b918650/lu5-327504/docs/v0.0.3/loaders/loadFont/index.html
2026-03-02 07:40:50,883 - Knowledge - INFO - [LLM_CALL] Completed: index.html:chunk1, Duration: 234ms, PromptTokens: 4940, CompletionTokens: 59, Cost: $0.00052
2026-03-02 07:40:50,893 - Knowledge - INFO - Fast-tracked /app/data/T0015/327504/b918650/lu5-327504/docs/latest/transform/scale/meta.json (ext=.json, size=362)
2026-03-02 07:40:50,975 - Knowledge - INFO - process ingested knowledge for /app/data/T0015/327504/b918650/lu5-327504/docs/v0.0.3/setting/textFont/index.html
2026-03-02 07:40:51,066 - Knowledge - INFO - Worker kw13 processing /app/data/T0015/327504/b918650/lu5-327504/docs/latest/transform/index.html
2026-03-02 07:40:51,318 - Knowledge - INFO - process ingested knowledge for /app/data/T0015/327504/b918650/lu5-327504/docs/v0.0.3/modules.json
2026-03-02 07:40:51,405 - Knowledge - INFO - process ingested knowledge for /app/data/T0015/327504/b918650/lu5-327504/docs/v0.0.3/keyboard/keyReleased/meta.json
2026-03-02 07:40:51,952 - Knowledge - INFO - process ingested knowledge for /app/data/T0015/327504/b918650/lu5-327504/docs/v0.0.3/mouse/mouseY/index.html
2026-03-02 07:40:52,049 - Knowledge - INFO - Batch sizing: calculated=6, max_allowed=10, queue=409, active_workers=20/20
2026-03-02 07:40:52,134 - Knowledge - INFO - Batch sizing: calculated=6, max_allowed=10, queue=409, active_workers=20/20
2026-03-02 07:40:52,239 - Knowledge - INFO - process ingested knowledge for /app/data/T0015/327504/b918650/lu5-327504/docs/v0.0.3/loaders/loadFont/meta.json
2026-03-02 07:40:52,340 - Knowledge - INFO - done ingest for /app/data/T0015/327504/b918650/lu5-327504/docs/latest/io/print/index.html
2026-03-02 07:40:52,343 - Knowledge - INFO - [LLM_CALL] Completed: index.html:chunk1, Duration: 1ms, PromptTokens: 5000, CompletionTokens: 59, Cost: $0.00052
2026-03-02 07:40:52,343 - Knowledge - INFO - Async storing batch of 6 embeddings
2026-03-02 07:40:52,621 - Knowledge - INFO - Worker kw13 processing /app/data/T0015/327504/b918650/lu5-327504/docs/latest/transform/rotateX/index.html
2026-03-02 07:40:53,258 - Knowledge - INFO - process ingested knowledge for /app/data/T0015/327504/b918650/lu5-327504/docs/v0.0.3/mouse/mouseY/meta.json
2026-03-02 07:40:53,463 - Knowledge - INFO - done ingest for /app/data/T0015/327504/b918650/lu5-327504/docs/latest/window/deltaTime/index.html
2026-03-02 07:40:53,463 - Knowledge - INFO - done ingest for /app/data/T0015/327504/b918650/lu5-327504/docs/v0.0.3/classes/index.html
2026-03-02 07:40:53,469 - Knowledge - INFO - [LLM_CALL] Completed: index.html:chunk1, Duration: 2ms, PromptTokens: 5872, CompletionTokens: 59, Cost: $0.00061
2026-03-02 07:40:53,546 - Knowledge - INFO - Worker kw5 processing /app/data/T0015/327504/b918650/lu5-327504/docs/latest/transform/rotateX/meta.json
2026-03-02 07:40:53,596 - Knowledge - INFO - process ingested knowledge for /app/data/T0015/327504/b918650/lu5-327504/docs/v0.0.3/math/round/index.html
2026-03-02 07:40:53,878 - Knowledge - INFO - Async storage completed for 8 embeddings
2026-03-02 07:40:54,002 - Knowledge - INFO - process ingested knowledge for /app/data/T0015/327504/b918650/lu5-327504/docs/v0.0.3/mouse/mouseReleased/index.html
2026-03-02 07:40:54,104 - Knowledge - INFO - done ingest for /app/data/T0015/327504/b918650/lu5-327504/docs/v0.0.3/index.html
2026-03-02 07:40:54,104 - Knowledge - INFO - Async storing batch of 8 embeddings
2026-03-02 07:40:54,105 - Knowledge - INFO - Async storing batch of 8 embeddings
2026-03-02 07:40:54,202 - Knowledge - INFO - Fast-tracked /app/data/T0015/327504/b918650/lu5-327504/docs/latest/transform/rotateX/meta.json (ext=.json, size=275)
2026-03-02 07:40:54,316 - Knowledge - INFO - process ingested knowledge for /app/data/T0015/327504/b918650/lu5-327504/docs/v0.0.3/math/round/meta.json
2026-03-02 07:40:54,318 - Knowledge - INFO - Processing batch of 8 files
2026-03-02 07:40:54,539 - Knowledge - INFO - Processing batch of 6 files
2026-03-02 07:40:54,757 - Knowledge - INFO - Worker kw14 processing /app/data/T0015/327504/b918650/lu5-327504/docs/latest/math/sin/meta.json
2026-03-02 07:40:54,768 - Knowledge - INFO - [LLM_CALL] Completed: index.html:chunk1, Duration: 663ms, PromptTokens: 7056, CompletionTokens: 59, Cost: $0.00073
2026-03-02 07:40:54,845 - Knowledge - INFO - process ingested knowledge for /app/data/T0015/327504/b918650/lu5-327504/docs/v0.0.3/mouse/mouseReleased/meta.json
2026-03-02 07:40:54,868 - Knowledge - INFO - Worker kw11 processing /app/data/T0015/327504/b918650/lu5-327504/docs/latest/math/min/meta.json
2026-03-02 07:40:54,940 - Knowledge - INFO - Worker kw5 processing /app/data/T0015/327504/b918650/lu5-327504/docs/latest/transform/rotate/index.html
2026-03-02 07:40:55,060 - Knowledge - INFO - process ingested knowledge for /app/data/T0015/327504/b918650/lu5-327504/docs/v0.0.3/math/floor/index.html
2026-03-02 07:40:55,136 - Knowledge - INFO - process ingested knowledge for /app/data/T0015/327504/b918650/lu5-327504/docs/v0.0.3/math/tan/meta.json
2026-03-02 07:40:55,256 - Knowledge - INFO - process ingested knowledge for /app/data/T0015/327504/b918650/lu5-327504/docs/latest/io/loadStrings/index.html
2026-03-02 07:40:55,379 - Knowledge - INFO - Fast-tracked /app/data/T0015/327504/b918650/lu5-327504/docs/latest/math/sin/meta.json (ext=.json, size=319)
2026-03-02 07:40:55,499 - Knowledge - INFO - done ingest for /app/data/T0015/327504/b918650/lu5-327504/docs/latest/window/index.html
2026-03-02 07:40:55,505 - Knowledge - INFO - [kw18] Queue=391, InProgress=0, PendingWorkers=20/20, Completed=986/1455 (67.8%)
2026-03-02 07:40:55,506 - Knowledge - INFO - [kw9] Queue=391, InProgress=0, PendingWorkers=20/20, Completed=986/1455 (67.8%)
2026-03-02 07:40:55,506 - Knowledge - INFO - [kw4] Queue=391, InProgress=0, PendingWorkers=20/20, Completed=986/1455 (67.8%)
2026-03-02 07:40:55,574 - Knowledge - INFO - process ingested knowledge for /app/data/T0015/327504/b918650/lu5-327504/docs/v0.0.3/mouse/mouseX/index.html
2026-03-02 07:40:55,661 - Knowledge - INFO - Fast-tracked /app/data/T0015/327504/b918650/lu5-327504/docs/latest/math/min/meta.json (ext=.json, size=530)
2026-03-02 07:40:55,790 - Knowledge - INFO - Worker kw5 processing /app/data/T0015/327504/b918650/lu5-327504/docs/latest/transform/rotate/meta.json
2026-03-02 07:40:55,938 - Knowledge - INFO - done ingest for /app/data/T0015/327504/b918650/lu5-327504/docs/latest/models/model/index.html
2026-03-02 07:40:56,051 - Knowledge - INFO - process ingested knowledge for /app/data/T0015/327504/b918650/lu5-327504/docs/v0.0.3/math/index.html
2026-03-02 07:40:56,264 - Knowledge - INFO - process ingested knowledge for /app/data/T0015/327504/b918650/lu5-327504/docs/latest/io/loadStrings/meta.json
2026-03-02 07:40:56,303 - Knowledge - INFO - Worker kw14 processing /app/data/T0015/327504/b918650/lu5-327504/docs/latest/math/abs/index.html
2026-03-02 07:40:56,518 - Knowledge - INFO - Batch sizing: calculated=6, max_allowed=10, queue=391, active_workers=20/20
2026-03-02 07:40:56,553 - Knowledge - INFO - [LLM_CALL] Completed: index.html:chunk1, Duration: 415ms, PromptTokens: 4746, CompletionTokens: 59, Cost: $0.00050
2026-03-02 07:40:56,631 - Knowledge - INFO - Batch sizing: calculated=6, max_allowed=10, queue=391, active_workers=20/20
2026-03-02 07:40:56,706 - Knowledge - INFO - Batch sizing: calculated=6, max_allowed=10, queue=391, active_workers=20/20
2026-03-02 07:40:56,792 - Knowledge - INFO - process ingested knowledge for /app/data/T0015/327504/b918650/lu5-327504/docs/v0.0.3/mouse/mouseX/meta.json
2026-03-02 07:40:56,889 - Knowledge - INFO - Worker kw11 processing /app/data/T0015/327504/b918650/lu5-327504/docs/latest/math/randomSeed/index.html
2026-03-02 07:40:56,979 - Knowledge - INFO - Fast-tracked /app/data/T0015/327504/b918650/lu5-327504/docs/latest/transform/rotate/meta.json (ext=.json, size=263)
2026-03-02 07:40:57,039 - Knowledge - INFO - Async storage completed for 8 embeddings
2026-03-02 07:40:57,184 - Knowledge - INFO - process ingested knowledge for /app/data/T0015/327504/b918650/lu5-327504/docs/v0.0.3/classes/class/index.html
2026-03-02 07:40:57,234 - Knowledge - INFO - process ingested knowledge for /app/data/T0015/327504/b918650/lu5-327504/docs/latest/io/loadText/index.html
2026-03-02 07:40:57,326 - Knowledge - INFO - Worker kw14 processing /app/data/T0015/327504/b918650/lu5-327504/docs/latest/math/abs/meta.json
2026-03-02 07:40:57,502 - Knowledge - INFO - done ingest for /app/data/T0015/327504/b918650/lu5-327504/docs/v0.0.3/mouse/mousePressed/index.html
2026-03-02 07:40:57,503 - Knowledge - INFO - Processing batch of 6 files
2026-03-02 07:40:57,503 - Knowledge - INFO - [kw3] Queue=385, InProgress=0, PendingWorkers=20/20, Completed=992/1455 (68.2%)
2026-03-02 07:40:57,504 - Knowledge - INFO - Async storing batch of 8 embeddings
2026-03-02 07:40:57,626 - Knowledge - INFO - Async storing batch of 6 embeddings
2026-03-02 07:40:57,698 - Knowledge - INFO - Async storing batch of 6 embeddings
2026-03-02 07:40:57,896 - Knowledge - INFO - Worker kw11 processing /app/data/T0015/327504/b918650/lu5-327504/docs/latest/math/randomSeed/meta.json
2026-03-02 07:40:57,931 - Knowledge - INFO - done ingest for /app/data/T0015/327504/b918650/lu5-327504/docs/latest/window/frameRate/index.html
2026-03-02 07:40:57,970 - Knowledge - INFO - Worker kw5 processing /app/data/T0015/327504/b918650/lu5-327504/docs/latest/math/round/index.html
2026-03-02 07:40:58,242 - Knowledge - INFO - process ingested knowledge for /app/data/T0015/327504/b918650/lu5-327504/docs/v0.0.3/classes/class/meta.json
2026-03-02 07:40:58,386 - Knowledge - INFO - process ingested knowledge for /app/data/T0015/327504/b918650/lu5-327504/docs/latest/io/loadText/meta.json
2026-03-02 07:40:58,418 - Knowledge - INFO - Fast-tracked /app/data/T0015/327504/b918650/lu5-327504/docs/latest/math/abs/meta.json (ext=.json, size=411)
2026-03-02 07:40:58,605 - Knowledge - INFO - process ingested knowledge for /app/data/T0015/327504/b918650/lu5-327504/docs/latest/window/windowResized/meta.json
2026-03-02 07:40:58,688 - Knowledge - INFO - Batch sizing: calculated=6, max_allowed=10, queue=385, active_workers=20/20
2026-03-02 07:40:58,761 - Knowledge - INFO - Worker kw18 processing /app/data/T0015/327504/b918650/lu5-327504/docs/latest/math/map/meta.json
2026-03-02 07:40:58,782 - Knowledge - INFO - [kw20] Queue=373, InProgress=0, PendingWorkers=20/20, Completed=992/1455 (68.2%)
2026-03-02 07:40:58,853 - Knowledge - INFO - Worker kw9 processing /app/data/T0015/327504/b918650/lu5-327504/docs/latest/math/cos/meta.json
2026-03-02 07:40:59,035 - Knowledge - INFO - Worker kw4 processing /app/data/T0015/327504/b918650/lu5-327504/docs/latest/classes/class/index.html
2026-03-02 07:40:59,058 - Knowledge - INFO - done ingest for /app/data/T0015/327504/b918650/lu5-327504/docs/latest/window/createWindow/index.html
2026-03-02 07:40:59,133 - Knowledge - INFO - Fast-tracked /app/data/T0015/327504/b918650/lu5-327504/docs/latest/math/randomSeed/meta.json (ext=.json, size=313)
2026-03-02 07:40:59,363 - Knowledge - INFO - Worker kw5 processing /app/data/T0015/327504/b918650/lu5-327504/docs/latest/math/round/meta.json
2026-03-02 07:40:59,380 - Knowledge - INFO - [LLM_CALL] Completed: index.html:chunk1, Duration: 215ms, PromptTokens: 6104, CompletionTokens: 59, Cost: $0.00063
2026-03-02 07:40:59,446 - Knowledge - INFO - process ingested knowledge for /app/data/T0015/327504/b918650/lu5-327504/docs/v0.0.3/classes/index.html
2026-03-02 07:40:59,582 - Knowledge - INFO - process ingested knowledge for /app/data/T0015/327504/b918650/lu5-327504/docs/latest/io/print/index.html
2026-03-02 07:40:59,696 - Knowledge - INFO - Worker kw14 processing /app/data/T0015/327504/b918650/lu5-327504/docs/latest/math/max/index.html
2026-03-02 07:40:59,834 - Knowledge - INFO - process ingested knowledge for /app/data/T0015/327504/b918650/lu5-327504/docs/latest/window/height/index.html
2026-03-02 07:41:00,066 - Knowledge - INFO - Fast-tracked /app/data/T0015/327504/b918650/lu5-327504/docs/latest/math/map/meta.json (ext=.json, size=576)
2026-03-02 07:41:00,162 - Knowledge - INFO - Batch sizing: calculated=6, max_allowed=10, queue=373, active_workers=20/20
2026-03-02 07:41:00,269 - Knowledge - INFO - Fast-tracked /app/data/T0015/327504/b918650/lu5-327504/docs/latest/math/cos/meta.json (ext=.json, size=321)
2026-03-02 07:41:00,277 - Knowledge - INFO - Async storage completed for 8 embeddings
2026-03-02 07:41:00,392 - Knowledge - INFO - Worker kw4 processing /app/data/T0015/327504/b918650/lu5-327504/docs/latest/classes/class/meta.json
2026-03-02 07:41:00,557 - Knowledge - INFO - Worker kw11 processing /app/data/T0015/327504/b918650/lu5-327504/docs/latest/math/floor/index.html
2026-03-02 07:41:00,645 - Knowledge - INFO - Fast-tracked /app/data/T0015/327504/b918650/lu5-327504/docs/latest/math/round/meta.json (ext=.json, size=328)
2026-03-02 07:41:00,754 - Knowledge - INFO - Async storage completed for 8 embeddings
2026-03-02 07:41:00,762 - Knowledge - INFO - done ingest for /app/data/T0015/327504/b918650/lu5-327504/docs/v0.0.3/mouse/index.html
2026-03-02 07:41:00,768 - Knowledge - INFO - [LLM_CALL] Completed: index.html:chunk1, Duration: 2ms, PromptTokens: 4810, CompletionTokens: 59, Cost: $0.00050
2026-03-02 07:41:00,769 - Knowledge - INFO - Async storing batch of 8 embeddings
2026-03-02 07:41:00,864 - Knowledge - INFO - process ingested knowledge for /app/data/T0015/327504/b918650/lu5-327504/docs/v0.0.3/setting/strokeWeight/index.html
2026-03-02 07:41:00,965 - Knowledge - INFO - process ingested knowledge for /app/data/T0015/327504/b918650/lu5-327504/docs/latest/io/print/meta.json
2026-03-02 07:41:01,142 - Knowledge - INFO - Worker kw14 processing /app/data/T0015/327504/b918650/lu5-327504/docs/latest/math/max/meta.json
2026-03-02 07:41:01,230 - Knowledge - INFO - process ingested knowledge for /app/data/T0015/327504/b918650/lu5-327504/docs/latest/window/height/meta.json
2026-03-02 07:41:01,322 - Knowledge - INFO - Worker kw18 processing /app/data/T0015/327504/b918650/lu5-327504/docs/latest/math/constrain/index.html
2026-03-02 07:41:01,514 - Knowledge - INFO - Worker kw9 processing /app/data/T0015/327504/b918650/lu5-327504/docs/latest/math/ceil/index.html
2026-03-02 07:41:01,728 - Knowledge - INFO - Fast-tracked /app/data/T0015/327504/b918650/lu5-327504/docs/latest/classes/class/meta.json (ext=.json, size=849)
2026-03-02 07:41:01,822 - Knowledge - INFO - Worker kw11 processing /app/data/T0015/327504/b918650/lu5-327504/docs/latest/math/floor/meta.json
2026-03-02 07:41:01,917 - Knowledge - INFO - Worker kw5 processing /app/data/T0015/327504/b918650/lu5-327504/docs/latest/math/min/index.html
2026-03-02 07:41:02,182 - Knowledge - INFO - done ingest for /app/data/T0015/327504/b918650/lu5-327504/docs/latest/models/loadModel/index.html
2026-03-02 07:41:02,183 - Knowledge - INFO - [LLM_CALL] Completed: index.html:chunk1, Duration: 0ms, PromptTokens: 4914, CompletionTokens: 59, Cost: $0.00052
2026-03-02 07:41:02,305 - Knowledge - INFO - Worker kw3 processing /app/data/T0015/327504/b918650/lu5-327504/docs/latest/setting/push/meta.json
2026-03-02 07:41:02,384 - Knowledge - INFO - process ingested knowledge for /app/data/T0015/327504/b918650/lu5-327504/docs/v0.0.3/setting/strokeWeight/meta.json
2026-03-02 07:41:02,654 - Knowledge - INFO - Fast-tracked /app/data/T0015/327504/b918650/lu5-327504/docs/latest/math/max/meta.json (ext=.json, size=529)
2026-03-02 07:41:02,884 - Knowledge - INFO - process ingested knowledge for /app/data/T0015/327504/b918650/lu5-327504/docs/latest/window/deltaTime/index.html
2026-03-02 07:41:02,914 - Knowledge - INFO - Worker kw18 processing /app/data/T0015/327504/b918650/lu5-327504/docs/latest/math/constrain/meta.json
2026-03-02 07:41:03,032 - Knowledge - INFO - Worker kw9 processing /app/data/T0015/327504/b918650/lu5-327504/docs/latest/math/ceil/meta.json
2026-03-02 07:41:03,128 - Knowledge - INFO - Worker kw4 processing /app/data/T0015/327504/b918650/lu5-327504/docs/latest/classes/index.html
2026-03-02 07:41:03,220 - Knowledge - INFO - Fast-tracked /app/data/T0015/327504/b918650/lu5-327504/docs/latest/math/floor/meta.json (ext=.json, size=498)
2026-03-02 07:41:03,517 - Knowledge - INFO - done ingest for /app/data/T0015/327504/b918650/lu5-327504/docs/latest/window/windowResized/index.html
2026-03-02 07:41:03,518 - Knowledge - INFO - Async storing batch of 6 embeddings
2026-03-02 07:41:03,518 - Knowledge - INFO - Processing batch of 6 files
2026-03-02 07:41:03,519 - Knowledge - INFO - [LLM_CALL] Completed: index.html:chunk1, Duration: 1ms, PromptTokens: 4718, CompletionTokens: 59, Cost: $0.00050
2026-03-02 07:41:03,601 - Knowledge - INFO - Fast-tracked /app/data/T0015/327504/b918650/lu5-327504/docs/latest/setting/push/meta.json (ext=.json, size=207)
2026-03-02 07:41:03,690 - Knowledge - INFO - process ingested knowledge for /app/data/T0015/327504/b918650/lu5-327504/docs/v0.0.3/setting/push/index.html
2026-03-02 07:41:03,777 - Knowledge - INFO - Worker kw14 processing /app/data/T0015/327504/b918650/lu5-327504/docs/latest/math/map/index.html
2026-03-02 07:41:03,868 - Knowledge - INFO - process ingested knowledge for /app/data/T0015/327504/b918650/lu5-327504/docs/latest/window/deltaTime/meta.json
2026-03-02 07:41:03,994 - Knowledge - INFO - Fast-tracked /app/data/T0015/327504/b918650/lu5-327504/docs/latest/math/constrain/meta.json (ext=.json, size=438)
2026-03-02 07:41:04,102 - Knowledge - INFO - Fast-tracked /app/data/T0015/327504/b918650/lu5-327504/docs/latest/math/ceil/meta.json (ext=.json, size=475)
2026-03-02 07:41:04,182 - Knowledge - INFO - Worker kw4 processing /app/data/T0015/327504/b918650/lu5-327504/docs/latest/setting/strokeWeight/index.html
2026-03-02 07:41:04,273 - Knowledge - INFO - Worker kw11 processing /app/data/T0015/327504/b918650/lu5-327504/docs/latest/math/sin/index.html
2026-03-02 07:41:04,446 - Knowledge - INFO - Worker kw20 processing /app/data/T0015/327504/b918650/lu5-327504/docs/latest/setting/noFill/meta.json
2026-03-02 07:41:04,519 - Knowledge - INFO - process ingested knowledge for /app/data/T0015/327504/b918650/lu5-327504/docs/v0.0.3/mouse/mouseIsPressed/index.html
2026-03-02 07:41:04,640 - Knowledge - INFO - done ingest for /app/data/T0015/327504/b918650/lu5-327504/docs/latest/shapes/triangle/index.html
2026-03-02 07:41:04,640 - Knowledge - INFO - done ingest for /app/data/T0015/327504/b918650/lu5-327504/docs/latest/shapes/endShape/index.html
2026-03-02 07:41:04,641 - Knowledge - INFO - Processing batch of 6 files
2026-03-02 07:41:04,642 - Knowledge - INFO - [WEBSOCKET] Sent: Type=progress_update, Size: 293, Duration: 0ms
2026-03-02 07:41:04,788 - Knowledge - INFO - Worker kw3 processing /app/data/T0015/327504/b918650/lu5-327504/docs/latest/setting/background/index.html
2026-03-02 07:41:05,154 - Knowledge - INFO - Worker kw18 processing /app/data/T0015/327504/b918650/lu5-327504/docs/latest/math/random/index.html
2026-03-02 07:41:05,171 - Knowledge - INFO - process ingested knowledge for /app/data/T0015/327504/b918650/lu5-327504/docs/latest/window/index.html
2026-03-02 07:41:05,236 - Knowledge - INFO - Worker kw9 processing /app/data/T0015/327504/b918650/lu5-327504/docs/latest/math/tan/index.html
2026-03-02 07:41:05,365 - Knowledge - INFO - Worker kw4 processing /app/data/T0015/327504/b918650/lu5-327504/docs/latest/setting/strokeWeight/meta.json
2026-03-02 07:41:05,538 - Knowledge - INFO - Fast-tracked /app/data/T0015/327504/b918650/lu5-327504/docs/latest/setting/noFill/meta.json (ext=.json, size=198)
2026-03-02 07:41:05,608 - Knowledge - INFO - process ingested knowledge for /app/data/T0015/327504/b918650/lu5-327504/docs/v0.0.3/mouse/mouseIsPressed/meta.json
2026-03-02 07:41:05,842 - Knowledge - INFO - process ingested knowledge for /app/data/T0015/327504/b918650/lu5-327504/docs/latest/window/frameRate/index.html
2026-03-02 07:41:05,934 - Knowledge - INFO - [LLM_CALL] Completed: index.html:chunk1, Duration: 1292ms, PromptTokens: 5508, CompletionTokens: 59, Cost: $0.00057
2026-03-02 07:41:06,020 - Knowledge - INFO - Worker kw3 processing /app/data/T0015/327504/b918650/lu5-327504/docs/latest/setting/background/meta.json
2026-03-02 07:41:06,099 - Knowledge - INFO - Worker kw18 processing /app/data/T0015/327504/b918650/lu5-327504/docs/latest/math/random/meta.json
2026-03-02 07:41:06,282 - Knowledge - INFO - Worker kw9 processing /app/data/T0015/327504/b918650/lu5-327504/docs/latest/math/tan/meta.json
2026-03-02 07:41:06,435 - Knowledge - INFO - Fast-tracked /app/data/T0015/327504/b918650/lu5-327504/docs/latest/setting/strokeWeight/meta.json (ext=.json, size=323)
2026-03-02 07:41:06,503 - Knowledge - INFO - Worker kw20 processing /app/data/T0015/327504/b918650/lu5-327504/docs/latest/setting/debugMode/index.html
2026-03-02 07:41:06,698 - Knowledge - INFO - process ingested knowledge for /app/data/T0015/327504/b918650/lu5-327504/docs/v0.0.3/mouse/index.html
2026-03-02 07:41:06,698 - Knowledge - INFO - process ingested knowledge for /app/data/T0015/327504/b918650/lu5-327504/docs/latest/window/frameRate/meta.json
2026-03-02 07:41:06,789 - Knowledge - INFO - done ingest for /app/data/T0015/327504/b918650/lu5-327504/docs/latest/io/index.html
2026-03-02 07:41:06,839 - Knowledge - INFO - [WEBSOCKET] Sent: Type=unknown, Size: ?, Duration: 2196ms
2026-03-02 07:41:06,908 - Knowledge - INFO - Fast-tracked /app/data/T0015/327504/b918650/lu5-327504/docs/latest/setting/background/meta.json (ext=.json, size=392)
2026-03-02 07:41:07,022 - Knowledge - INFO - Fast-tracked /app/data/T0015/327504/b918650/lu5-327504/docs/latest/math/random/meta.json (ext=.json, size=602)
2026-03-02 07:41:07,123 - Knowledge - INFO - Fast-tracked /app/data/T0015/327504/b918650/lu5-327504/docs/latest/math/tan/meta.json (ext=.json, size=322)
2026-03-02 07:41:07,240 - Knowledge - INFO - Worker kw4 processing /app/data/T0015/327504/b918650/lu5-327504/docs/latest/setting/push/index.html
2026-03-02 07:41:07,344 - Knowledge - INFO - Worker kw20 processing /app/data/T0015/327504/b918650/lu5-327504/docs/latest/setting/debugMode/meta.json
2026-03-02 07:41:07,386 - Knowledge - INFO - Async storage completed for 8 embeddings
2026-03-02 07:41:07,458 - Knowledge - INFO - process ingested knowledge for /app/data/T0015/327504/b918650/lu5-327504/docs/v0.0.3/mouse/mousePressed/index.html
2026-03-02 07:41:07,552 - Knowledge - INFO - process ingested knowledge for /app/data/T0015/327504/b918650/lu5-327504/docs/latest/models/loadModel/index.html
2026-03-02 07:41:07,771 - Knowledge - INFO - Progress: 69.0% | Files: 1004/1455 | Rate: 1.66 files/sec | Queue: 361
2026-03-02 07:41:07,774 - Knowledge - INFO - [kw15] Queue=361, InProgress=0, PendingWorkers=20/20, Completed=1004/1455 (69.0%)
2026-03-02 07:41:07,775 - Knowledge - INFO - [LLM_CALL] Completed: index.html:chunk1, Duration: 937ms, PromptTokens: 5036, CompletionTokens: 59, Cost: $0.00053
2026-03-02 07:41:07,885 - Knowledge - INFO - Worker kw3 processing /app/data/T0015/327504/b918650/lu5-327504/docs/latest/setting/stroke/index.html
2026-03-02 07:41:07,965 - Knowledge - INFO - Worker kw18 processing /app/data/T0015/327504/b918650/lu5-327504/docs/latest/math/cos/index.html
2026-03-02 07:41:08,056 - Knowledge - INFO - Worker kw9 processing /app/data/T0015/327504/b918650/lu5-327504/docs/latest/math/index.html
2026-03-02 07:41:08,168 - Knowledge - INFO - Async storage completed for 8 embeddings
2026-03-02 07:41:08,328 - Knowledge - INFO - Fast-tracked /app/data/T0015/327504/b918650/lu5-327504/docs/latest/setting/debugMode/meta.json (ext=.json, size=783)
2026-03-02 07:41:08,545 - Knowledge - INFO - process ingested knowledge for /app/data/T0015/327504/b918650/lu5-327504/docs/v0.0.3/mouse/mousePressed/meta.json
2026-03-02 07:41:08,672 - Knowledge - INFO - process ingested knowledge for /app/data/T0015/327504/b918650/lu5-327504/docs/latest/models/loadModel/meta.json
2026-03-02 07:41:08,760 - Knowledge - INFO - [kw8] Queue=361, InProgress=0, PendingWorkers=20/20, Completed=1004/1455 (69.0%)
2026-03-02 07:41:08,860 - Knowledge - INFO - Batch sizing: calculated=6, max_allowed=10, queue=361, active_workers=20/20
2026-03-02 07:41:08,962 - Knowledge - INFO - done ingest for /app/data/T0015/327504/b918650/lu5-327504/docs/latest/shapes/line/index.html
2026-03-02 07:41:08,963 - Knowledge - INFO - [kw12] Queue=361, InProgress=0, PendingWorkers=20/20, Completed=1004/1455 (69.0%)
2026-03-02 07:41:08,964 - Knowledge - INFO - [LLM_CALL] Completed: index.html:chunk1, Duration: 0ms, PromptTokens: 4718, CompletionTokens: 59, Cost: $0.00050
2026-03-02 07:41:09,106 - Knowledge - INFO - Worker kw3 processing /app/data/T0015/327504/b918650/lu5-327504/docs/latest/setting/stroke/meta.json
2026-03-02 07:41:09,494 - Knowledge - INFO - Async storage completed for 8 embeddings
2026-03-02 07:41:09,664 - Knowledge - INFO - Worker kw20 processing /app/data/T0015/327504/b918650/lu5-327504/docs/latest/setting/noStroke/index.html
2026-03-02 07:41:09,772 - Knowledge - INFO - process ingested knowledge for /app/data/T0015/327504/b918650/lu5-327504/docs/v0.0.3/index.html
2026-03-02 07:41:09,857 - Knowledge - INFO - process ingested knowledge for /app/data/T0015/327504/b918650/lu5-327504/docs/latest/models/model/index.html
2026-03-02 07:41:09,979 - Knowledge - INFO - Batch sizing: calculated=6, max_allowed=10, queue=361, active_workers=20/20
2026-03-02 07:41:10,310 - Knowledge - INFO - Batch sizing: calculated=6, max_allowed=10, queue=361, active_workers=20/20
2026-03-02 07:41:10,397 - Knowledge - INFO - done ingest for /app/data/T0015/327504/b918650/lu5-327504/docs/latest/shapes/point/index.html
2026-03-02 07:41:10,401 - Knowledge - INFO - done ingest for /app/data/T0015/327504/b918650/lu5-327504/docs/latest/window/width/index.html
2026-03-02 07:41:10,403 - Knowledge - INFO - [LLM_CALL] Completed: index.html:chunk1, Duration: 1ms, PromptTokens: 9156, CompletionTokens: 59, Cost: $0.00094
2026-03-02 07:41:10,512 - Knowledge - INFO - Fast-tracked /app/data/T0015/327504/b918650/lu5-327504/docs/latest/setting/stroke/meta.json (ext=.json, size=485)
2026-03-02 07:41:10,684 - Knowledge - INFO - Worker kw20 processing /app/data/T0015/327504/b918650/lu5-327504/docs/latest/setting/noStroke/meta.json
2026-03-02 07:41:10,974 - Knowledge - INFO - process ingested knowledge for /app/data/T0015/327504/b918650/lu5-327504/docs/latest/models/model/meta.json
2026-03-02 07:41:11,385 - Knowledge - INFO - done ingest for /app/data/T0015/327504/b918650/lu5-327504/docs/latest/shapes/index.html
2026-03-02 07:41:11,391 - Knowledge - INFO - [LLM_CALL] Completed: index.html:chunk1, Duration: 1ms, PromptTokens: 5000, CompletionTokens: 59, Cost: $0.00052
2026-03-02 07:41:11,403 - Knowledge - INFO - Async storing batch of 8 embeddings
2026-03-02 07:41:11,513 - Knowledge - INFO - Worker kw3 processing /app/data/T0015/327504/b918650/lu5-327504/docs/latest/setting/noFill/index.html
2026-03-02 07:41:11,645 - Knowledge - INFO - Fast-tracked /app/data/T0015/327504/b918650/lu5-327504/docs/latest/setting/noStroke/meta.json (ext=.json, size=303)
2026-03-02 07:41:11,871 - Knowledge - INFO - done ingest for /app/data/T0015/327504/b918650/lu5-327504/docs/latest/shapes/rect/index.html
2026-03-02 07:41:11,874 - Knowledge - INFO - Async storing batch of 6 embeddings
2026-03-02 07:41:11,876 - Knowledge - INFO - Processing batch of 6 files
2026-03-02 07:41:11,876 - Knowledge - INFO - Async storing batch of 6 embeddings
2026-03-02 07:41:11,877 - Knowledge - INFO - done ingest for /app/data/T0015/327504/b918650/lu5-327504/docs/latest/shapes/arc/index.html
2026-03-02 07:41:11,877 - Knowledge - INFO - done ingest for /app/data/T0015/327504/b918650/lu5-327504/docs/latest/models/index.html
2026-03-02 07:41:11,955 - Knowledge - INFO - Worker kw15 processing /app/data/T0015/327504/b918650/lu5-327504/docs/latest/setting/fill/index.html
2026-03-02 07:41:12,131 - Knowledge - INFO - Worker kw20 processing /app/data/T0015/327504/b918650/lu5-327504/docs/latest/setting/index.html
2026-03-02 07:41:12,137 - Knowledge - INFO - [kw10] Queue=343, InProgress=0, PendingWorkers=20/20, Completed=1010/1455 (69.4%)
2026-03-02 07:41:12,294 - Knowledge - INFO - Worker kw8 processing /app/data/T0015/327504/b918650/lu5-327504/docs/latest/keyboard/keyReleased/index.html
2026-03-02 07:41:12,396 - Knowledge - INFO - process ingested knowledge for /app/data/T0015/327504/b918650/lu5-327504/docs/latest/io/index.html
2026-03-02 07:41:12,477 - Knowledge - INFO - Worker kw12 processing /app/data/T0015/327504/b918650/lu5-327504/docs/latest/keyboard/keyPressed/meta.json
2026-03-02 07:41:12,836 - Knowledge - INFO - [LLM_CALL] Completed: index.html:chunk1, Duration: 774ms, PromptTokens: 4944, CompletionTokens: 59, Cost: $0.00052
2026-03-02 07:41:12,848 - Knowledge - INFO - Worker kw15 processing /app/data/T0015/327504/b918650/lu5-327504/docs/latest/setting/fill/meta.json
2026-03-02 07:41:13,432 - Knowledge - INFO - Batch sizing: calculated=6, max_allowed=10, queue=343, active_workers=20/20
2026-03-02 07:41:13,558 - Knowledge - INFO - Worker kw8 processing /app/data/T0015/327504/b918650/lu5-327504/docs/latest/keyboard/keyReleased/meta.json
2026-03-02 07:41:13,678 - Knowledge - INFO - process ingested knowledge for /app/data/T0015/327504/b918650/lu5-327504/docs/latest/window/width/index.html
2026-03-02 07:41:13,827 - Knowledge - INFO - Fast-tracked /app/data/T0015/327504/b918650/lu5-327504/docs/latest/keyboard/keyPressed/meta.json (ext=.json, size=578)
2026-03-02 07:41:13,910 - Knowledge - INFO - done ingest for /app/data/T0015/327504/b918650/lu5-327504/docs/latest/transform/scale/index.html
2026-03-02 07:41:13,910 - Knowledge - INFO - done ingest for /app/data/T0015/327504/b918650/lu5-327504/docs/latest/shapes/circle/index.html
2026-03-02 07:41:13,912 - Knowledge - INFO - done ingest for /app/data/T0015/327504/b918650/lu5-327504/docs/latest/shapes/beginShape/index.html
2026-03-02 07:41:13,912 - Knowledge - INFO - [kw2] Queue=343, InProgress=0, PendingWorkers=20/20, Completed=1010/1455 (69.4%)
2026-03-02 07:41:14,037 - Knowledge - INFO - Fast-tracked /app/data/T0015/327504/b918650/lu5-327504/docs/latest/setting/fill/meta.json (ext=.json, size=508)
2026-03-02 07:41:14,143 - Knowledge - INFO - Async storing batch of 6 embeddings
2026-03-02 07:41:14,249 - Knowledge - INFO - Fast-tracked /app/data/T0015/327504/b918650/lu5-327504/docs/latest/keyboard/keyReleased/meta.json (ext=.json, size=397)
2026-03-02 07:41:14,332 - Knowledge - INFO - process ingested knowledge for /app/data/T0015/327504/b918650/lu5-327504/docs/latest/window/width/meta.json
2026-03-02 07:41:14,402 - Knowledge - INFO - [LLM_CALL] Completed: index.html:chunk1, Duration: 450ms, PromptTokens: 4728, CompletionTokens: 59, Cost: $0.00050
2026-03-02 07:41:14,455 - Knowledge - INFO - Worker kw12 processing /app/data/T0015/327504/b918650/lu5-327504/docs/latest/modules.json
2026-03-02 07:41:14,948 - Knowledge - INFO - Batch sizing: calculated=6, max_allowed=10, queue=343, active_workers=20/20
2026-03-02 07:41:15,084 - Knowledge - INFO - Worker kw15 processing /app/data/T0015/327504/b918650/lu5-327504/docs/latest/setting/pop/index.html
2026-03-02 07:41:15,173 - Knowledge - INFO - Worker kw10 processing /app/data/T0015/327504/b918650/lu5-327504/docs/latest/mouse/mouseReleased/index.html
2026-03-02 07:41:15,279 - Knowledge - INFO - Worker kw8 processing /app/data/T0015/327504/b918650/lu5-327504/docs/latest/keyboard/keyIsDown/index.html
2026-03-02 07:41:15,368 - Knowledge - INFO - process ingested knowledge for /app/data/T0015/327504/b918650/lu5-327504/docs/latest/window/createWindow/index.html
2026-03-02 07:41:15,493 - Knowledge - INFO - done ingest for /app/data/T0015/327504/b918650/lu5-327504/docs/latest/shapes/ellipse/index.html
2026-03-02 07:41:15,493 - Knowledge - INFO - Processing batch of 6 files
2026-03-02 07:41:15,493 - Knowledge - INFO - Processing batch of 6 files
2026-03-02 07:41:15,493 - Knowledge - INFO - done ingest for /app/data/T0015/327504/b918650/lu5-327504/docs/latest/shapes/square/index.html
2026-03-02 07:41:15,626 - Knowledge - INFO - Fast-tracked /app/data/T0015/327504/b918650/lu5-327504/docs/latest/modules.json (ext=.json, size=3269)
2026-03-02 07:41:15,796 - Knowledge - INFO - Async storing batch of 6 embeddings
2026-03-02 07:41:15,833 - Knowledge - INFO - Worker kw15 processing /app/data/T0015/327504/b918650/lu5-327504/docs/latest/setting/pop/meta.json
2026-03-02 07:41:15,837 - Knowledge - INFO - done ingest for /app/data/T0015/327504/b918650/lu5-327504/docs/latest/transform/rotateY/index.html
2026-03-02 07:41:15,966 - Knowledge - INFO - Worker kw10 processing /app/data/T0015/327504/b918650/lu5-327504/docs/latest/mouse/mouseReleased/meta.json
2026-03-02 07:41:16,045 - Knowledge - INFO - Worker kw8 processing /app/data/T0015/327504/b918650/lu5-327504/docs/latest/keyboard/keyIsDown/meta.json
2026-03-02 07:41:16,171 - Knowledge - INFO - process ingested knowledge for /app/data/T0015/327504/b918650/lu5-327504/docs/latest/window/createWindow/meta.json
2026-03-02 07:41:16,365 - Knowledge - INFO - process ingested knowledge for /app/data/T0015/327504/b918650/lu5-327504/docs/latest/models/index.html
2026-03-02 07:41:16,486 - Knowledge - INFO - process ingested knowledge for /app/data/T0015/327504/b918650/lu5-327504/docs/latest/shapes/circle/meta.json
2026-03-02 07:41:16,662 - Knowledge - INFO - [LLM_CALL] Completed: index.html:chunk1, Duration: 173ms, PromptTokens: 5308, CompletionTokens: 59, Cost: $0.00055
2026-03-02 07:41:16,714 - Knowledge - INFO - Worker kw12 processing /app/data/T0015/327504/b918650/lu5-327504/docs/latest/mouse/pmouseY/index.html
2026-03-02 07:41:16,851 - Knowledge - INFO - Worker kw2 processing /app/data/T0015/327504/b918650/lu5-327504/docs/latest/mouse/mouseX/index.html
2026-03-02 07:41:16,945 - Knowledge - INFO - Fast-tracked /app/data/T0015/327504/b918650/lu5-327504/docs/latest/setting/pop/meta.json (ext=.json, size=210)
2026-03-02 07:41:17,256 - Knowledge - INFO - Fast-tracked /app/data/T0015/327504/b918650/lu5-327504/docs/latest/mouse/mouseReleased/meta.json (ext=.json, size=688)
2026-03-02 07:41:17,328 - Knowledge - INFO - Fast-tracked /app/data/T0015/327504/b918650/lu5-327504/docs/latest/keyboard/keyIsDown/meta.json (ext=.json, size=677)
2026-03-02 07:41:17,401 - Knowledge - INFO - process ingested knowledge for /app/data/T0015/327504/b918650/lu5-327504/docs/latest/window/windowResized/index.html
2026-03-02 07:41:17,508 - Knowledge - INFO - process ingested knowledge for /app/data/T0015/327504/b918650/lu5-327504/docs/latest/shapes/line/index.html
2026-03-02 07:41:17,596 - Knowledge - INFO - process ingested knowledge for /app/data/T0015/327504/b918650/lu5-327504/docs/latest/shapes/point/index.html
2026-03-02 07:41:17,690 - Knowledge - INFO - done ingest for /app/data/T0015/327504/b918650/lu5-327504/docs/latest/shapes/quad/index.html
2026-03-02 07:41:17,699 - Knowledge - INFO - Processing batch of 6 files
2026-03-02 07:41:17,703 - Knowledge - INFO - [LLM_CALL] Completed: index.html:chunk1, Duration: 5ms, PromptTokens: 4928, CompletionTokens: 59, Cost: $0.00052
2026-03-02 07:41:17,821 - Knowledge - INFO - Worker kw12 processing /app/data/T0015/327504/b918650/lu5-327504/docs/latest/mouse/pmouseY/meta.json
2026-03-02 07:41:17,896 - Knowledge - INFO - Worker kw2 processing /app/data/T0015/327504/b918650/lu5-327504/docs/latest/mouse/mouseX/meta.json
2026-03-02 07:41:17,979 - Knowledge - INFO - Worker kw15 processing /app/data/T0015/327504/b918650/lu5-327504/docs/latest/keyboard/keyHeld/index.html
2026-03-02 07:41:18,094 - Knowledge - INFO - Worker kw10 processing /app/data/T0015/327504/b918650/lu5-327504/docs/latest/mouse/mouseWheel/index.html
2026-03-02 07:41:18,213 - Knowledge - INFO - Worker kw8 processing /app/data/T0015/327504/b918650/lu5-327504/docs/latest/keyboard/index.html
2026-03-02 07:41:18,416 - Knowledge - INFO - process ingested knowledge for /app/data/T0015/327504/b918650/lu5-327504/docs/latest/shapes/line/meta.json
2026-03-02 07:41:18,566 - Knowledge - INFO - process ingested knowledge for /app/data/T0015/327504/b918650/lu5-327504/docs/latest/shapes/point/meta.json
2026-03-02 07:41:18,695 - Knowledge - INFO - process ingested knowledge for /app/data/T0015/327504/b918650/lu5-327504/docs/latest/shapes/quad/meta.json
2026-03-02 07:41:18,802 - Knowledge - INFO - done ingest for /app/data/T0015/327504/b918650/lu5-327504/docs/latest/shapes/vertex/index.html
2026-03-02 07:41:18,806 - Knowledge - INFO - Processing batch of 6 files
2026-03-02 07:41:18,889 - Knowledge - INFO - Fast-tracked /app/data/T0015/327504/b918650/lu5-327504/docs/latest/mouse/pmouseY/meta.json (ext=.json, size=235)
2026-03-02 07:41:18,992 - Knowledge - INFO - Fast-tracked /app/data/T0015/327504/b918650/lu5-327504/docs/latest/mouse/mouseX/meta.json (ext=.json, size=338)
2026-03-02 07:41:19,084 - Knowledge - INFO - Worker kw15 processing /app/data/T0015/327504/b918650/lu5-327504/docs/latest/keyboard/keyHeld/meta.json
2026-03-02 07:41:19,155 - Knowledge - INFO - Worker kw10 processing /app/data/T0015/327504/b918650/lu5-327504/docs/latest/mouse/mouseWheel/meta.json
2026-03-02 07:41:19,268 - Knowledge - INFO - Worker kw8 processing /app/data/T0015/327504/b918650/lu5-327504/docs/latest/keyboard/keyPressed/index.html
2026-03-02 07:41:19,293 - Knowledge - INFO - [WEBSOCKET] Sent: Type=progress_update, Size: 295, Duration: 0ms
2026-03-02 07:41:19,386 - Knowledge - INFO - process ingested knowledge for /app/data/T0015/327504/b918650/lu5-327504/docs/latest/shapes/endShape/index.html
2026-03-02 07:41:19,470 - Knowledge - INFO - process ingested knowledge for /app/data/T0015/327504/b918650/lu5-327504/docs/latest/shapes/beginShape/index.html
2026-03-02 07:41:19,544 - Knowledge - INFO - process ingested knowledge for /app/data/T0015/327504/b918650/lu5-327504/docs/latest/shapes/index.html
2026-03-02 07:41:19,722 - Knowledge - INFO - process ingested knowledge for /app/data/T0015/327504/b918650/lu5-327504/docs/latest/shapes/vertex/meta.json
2026-03-02 07:41:19,800 - Knowledge - INFO - Worker kw12 processing /app/data/T0015/327504/b918650/lu5-327504/docs/latest/mouse/mouseY/index.html
2026-03-02 07:41:19,906 - Knowledge - INFO - Worker kw2 processing /app/data/T0015/327504/b918650/lu5-327504/docs/latest/mouse/mouseIsPressed/index.html
2026-03-02 07:41:20,001 - Knowledge - INFO - Fast-tracked /app/data/T0015/327504/b918650/lu5-327504/docs/latest/keyboard/keyHeld/meta.json (ext=.json, size=386)
2026-03-02 07:41:20,090 - Knowledge - INFO - Fast-tracked /app/data/T0015/327504/b918650/lu5-327504/docs/latest/mouse/mouseWheel/meta.json (ext=.json, size=630)
2026-03-02 07:41:20,281 - Knowledge - INFO - Processing batch of 6 files
2026-03-02 07:41:20,282 - Knowledge - INFO - [WEBSOCKET] Sent: Type=unknown, Size: ?, Duration: 989ms
2026-03-02 07:41:20,364 - Knowledge - INFO - process ingested knowledge for /app/data/T0015/327504/b918650/lu5-327504/docs/latest/shapes/endShape/meta.json
2026-03-02 07:41:20,481 - Knowledge - INFO - process ingested knowledge for /app/data/T0015/327504/b918650/lu5-327504/docs/latest/shapes/beginShape/meta.json
2026-03-02 07:41:20,563 - Knowledge - INFO - process ingested knowledge for /app/data/T0015/327504/b918650/lu5-327504/docs/latest/transform/rotateY/index.html
2026-03-02 07:41:20,652 - Knowledge - INFO - process ingested knowledge for /app/data/T0015/327504/b918650/lu5-327504/docs/latest/shapes/rect/index.html
2026-03-02 07:41:20,741 - Knowledge - INFO - Worker kw12 processing /app/data/T0015/327504/b918650/lu5-327504/docs/latest/mouse/mouseY/meta.json
2026-03-02 07:41:20,851 - Knowledge - INFO - Worker kw2 processing /app/data/T0015/327504/b918650/lu5-327504/docs/latest/mouse/mouseIsPressed/meta.json
2026-03-02 07:41:21,044 - Knowledge - INFO - Worker kw10 processing /app/data/T0015/327504/b918650/lu5-327504/docs/latest/mouse/pmouseX/index.html
2026-03-02 07:41:21,119 - Knowledge - INFO - process ingested knowledge for /app/data/T0015/327504/b918650/lu5-327504/docs/latest/shapes/triangle/meta.json
2026-03-02 07:41:21,210 - Knowledge - INFO - Progress: 71.1% | Files: 1040/1455 | Rate: 1.68 files/sec | Queue: 331
2026-03-02 07:41:21,335 - Knowledge - INFO - process ingested knowledge for /app/data/T0015/327504/b918650/lu5-327504/docs/latest/shapes/circle/index.html
2026-03-02 07:41:21,424 - Knowledge - INFO - process ingested knowledge for /app/data/T0015/327504/b918650/lu5-327504/docs/latest/shapes/triangle/index.html
2026-03-02 07:41:21,536 - Knowledge - INFO - process ingested knowledge for /app/data/T0015/327504/b918650/lu5-327504/docs/latest/transform/rotateY/meta.json
2026-03-02 07:41:21,639 - Knowledge - INFO - process ingested knowledge for /app/data/T0015/327504/b918650/lu5-327504/docs/latest/shapes/rect/meta.json
2026-03-02 07:41:21,730 - Knowledge - INFO - Fast-tracked /app/data/T0015/327504/b918650/lu5-327504/docs/latest/mouse/mouseY/meta.json (ext=.json, size=336)
2026-03-02 07:41:21,815 - Knowledge - INFO - Fast-tracked /app/data/T0015/327504/b918650/lu5-327504/docs/latest/mouse/mouseIsPressed/meta.json (ext=.json, size=309)
2026-03-02 07:41:21,926 - Knowledge - INFO - Worker kw10 processing /app/data/T0015/327504/b918650/lu5-327504/docs/latest/mouse/pmouseX/meta.json
2026-03-02 07:41:21,999 - Knowledge - INFO - process ingested knowledge for /app/data/T0015/327504/b918650/lu5-327504/docs/latest/shapes/arc/index.html
2026-03-02 07:41:22,098 - Knowledge - INFO - [kw1] Queue=331, InProgress=0, PendingWorkers=20/20, Completed=1040/1455 (71.5%)
2026-03-02 07:41:22,559 - Knowledge - INFO - process ingested knowledge for /app/data/T0015/327504/b918650/lu5-327504/docs/latest/transform/scale/index.html
2026-03-02 07:41:22,648 - Knowledge - INFO - process ingested knowledge for /app/data/T0015/327504/b918650/lu5-327504/docs/latest/shapes/square/index.html
2026-03-02 07:41:22,792 - Knowledge - INFO - Worker kw2 processing /app/data/T0015/327504/b918650/lu5-327504/docs/latest/mouse/index.html
2026-03-02 07:41:22,882 - Knowledge - INFO - Fast-tracked /app/data/T0015/327504/b918650/lu5-327504/docs/latest/mouse/pmouseX/meta.json (ext=.json, size=235)
2026-03-02 07:41:23,064 - Knowledge - INFO - Batch sizing: calculated=6, max_allowed=10, queue=331, active_workers=20/20
2026-03-02 07:41:23,077 - Knowledge - INFO - process ingested knowledge for /app/data/T0015/327504/b918650/lu5-327504/docs/latest/shapes/arc/meta.json
2026-03-02 07:41:23,286 - Knowledge - INFO - process ingested knowledge for /app/data/T0015/327504/b918650/lu5-327504/docs/latest/transform/scale/meta.json
2026-03-02 07:41:23,354 - Knowledge - INFO - Worker kw2 processing /app/data/T0015/327504/b918650/lu5-327504/docs/latest/mouse/mousePressed/index.html
2026-03-02 07:41:23,372 - Knowledge - INFO - [kw16] Queue=331, InProgress=0, PendingWorkers=20/20, Completed=1040/1455 (71.5%)
2026-03-02 07:41:23,372 - Knowledge - INFO - process ingested knowledge for /app/data/T0015/327504/b918650/lu5-327504/docs/latest/shapes/square/meta.json
2026-03-02 07:41:23,411 - Knowledge - INFO - [kw19] Queue=331, InProgress=0, PendingWorkers=20/20, Completed=1040/1455 (71.5%)
2026-03-02 07:41:23,578 - Knowledge - INFO - Async storing batch of 6 embeddings
2026-03-02 07:41:23,677 - Knowledge - INFO - process ingested knowledge for /app/data/T0015/327504/b918650/lu5-327504/docs/latest/shapes/ellipse/index.html
2026-03-02 07:41:23,995 - Knowledge - INFO - Batch sizing: calculated=6, max_allowed=10, queue=331, active_workers=20/20
2026-03-02 07:41:24,085 - Knowledge - INFO - process ingested knowledge for /app/data/T0015/327504/b918650/lu5-327504/docs/latest/shapes/quad/index.html
2026-03-02 07:41:24,163 - Knowledge - INFO - Batch sizing: calculated=6, max_allowed=10, queue=331, active_workers=20/20
2026-03-02 07:41:24,254 - Knowledge - INFO - Worker kw1 processing /app/data/T0015/327504/b918650/lu5-327504/docs/latest/mouse/mousePressed/meta.json
2026-03-02 07:41:24,366 - Knowledge - INFO - process ingested knowledge for /app/data/T0015/327504/b918650/lu5-327504/docs/latest/shapes/ellipse/meta.json
2026-03-02 07:41:24,490 - Knowledge - INFO - Async storing batch of 6 embeddings
2026-03-02 07:41:24,701 - Knowledge - INFO - [kw7] Queue=313, InProgress=0, PendingWorkers=20/20, Completed=1040/1455 (71.5%)
2026-03-02 07:41:24,702 - Knowledge - INFO - Async storing batch of 6 embeddings
2026-03-02 07:41:24,727 - Knowledge - INFO - Fast-tracked /app/data/T0015/327504/b918650/lu5-327504/docs/latest/mouse/mousePressed/meta.json (ext=.json, size=638)
2026-03-02 07:41:24,818 - Knowledge - INFO - process ingested knowledge for /app/data/T0015/327504/b918650/lu5-327504/docs/latest/shapes/vertex/index.html
2026-03-02 07:41:24,905 - Knowledge - INFO - Worker kw16 processing /app/data/T0015/327504/b918650/lu5-327504/docs/latest/image/image/index.html
2026-03-02 07:41:24,988 - Knowledge - INFO - Batch sizing: calculated=6, max_allowed=10, queue=313, active_workers=20/20
2026-03-02 07:41:25,066 - Knowledge - INFO - Worker kw19 processing /app/data/T0015/327504/b918650/lu5-327504/docs/latest/vector/Vector.dot/meta.json
2026-03-02 07:41:25,154 - Knowledge - INFO - Worker kw1 processing /app/data/T0015/327504/b918650/lu5-327504/docs/latest/camera/orbitControl/index.html
2026-03-02 07:41:25,347 - Knowledge - INFO - Worker kw16 processing /app/data/T0015/327504/b918650/lu5-327504/docs/latest/image/image/meta.json
2026-03-02 07:41:25,534 - Knowledge - INFO - Async storing batch of 6 embeddings
2026-03-02 07:41:25,537 - Knowledge - INFO - [kw6] Queue=307, InProgress=0, PendingWorkers=20/20, Completed=1040/1455 (71.5%)
2026-03-02 07:41:25,580 - Knowledge - INFO - Fast-tracked /app/data/T0015/327504/b918650/lu5-327504/docs/latest/vector/Vector.dot/meta.json (ext=.json, size=585)
2026-03-02 07:41:25,664 - Knowledge - INFO - Worker kw1 processing /app/data/T0015/327504/b918650/lu5-327504/docs/latest/camera/orbitControl/meta.json
2026-03-02 07:41:25,756 - Knowledge - INFO - Fast-tracked /app/data/T0015/327504/b918650/lu5-327504/docs/latest/image/image/meta.json (ext=.json, size=559)
2026-03-02 07:41:25,853 - Knowledge - INFO - Worker kw7 processing /app/data/T0015/327504/b918650/lu5-327504/docs/latest/vector/Vector.add/meta.json
2026-03-02 07:41:25,960 - Knowledge - INFO - Batch sizing: calculated=6, max_allowed=10, queue=307, active_workers=20/20
2026-03-02 07:41:26,031 - Knowledge - INFO - Worker kw19 processing /app/data/T0015/327504/b918650/lu5-327504/docs/latest/vector/Vector.div/index.html
2026-03-02 07:41:26,130 - Knowledge - INFO - Fast-tracked /app/data/T0015/327504/b918650/lu5-327504/docs/latest/camera/orbitControl/meta.json (ext=.json, size=593)
2026-03-02 07:41:26,206 - Knowledge - INFO - [kw17] Queue=307, InProgress=0, PendingWorkers=20/20, Completed=1040/1455 (71.5%)
2026-03-02 07:41:26,209 - Knowledge - INFO - Worker kw16 processing /app/data/T0015/327504/b918650/lu5-327504/docs/latest/image/loadImage/index.html
2026-03-02 07:41:26,340 - Knowledge - INFO - Fast-tracked /app/data/T0015/327504/b918650/lu5-327504/docs/latest/vector/Vector.add/meta.json (ext=.json, size=655)
2026-03-02 07:41:26,420 - Knowledge - INFO - Async storing batch of 6 embeddings
2026-03-02 07:41:26,514 - Knowledge - INFO - Worker kw19 processing /app/data/T0015/327504/b918650/lu5-327504/docs/latest/vector/Vector.div/meta.json
2026-03-02 07:41:26,651 - Knowledge - INFO - Worker kw1 processing /app/data/T0015/327504/b918650/lu5-327504/docs/latest/camera/index.html
2026-03-02 07:41:26,738 - Knowledge - INFO - Batch sizing: calculated=6, max_allowed=10, queue=307, active_workers=20/20
2026-03-02 07:41:26,852 - Knowledge - INFO - Worker kw16 processing /app/data/T0015/327504/b918650/lu5-327504/docs/latest/image/loadImage/meta.json
2026-03-02 07:41:26,926 - Knowledge - INFO - Worker kw7 processing /app/data/T0015/327504/b918650/lu5-327504/docs/latest/vector/Vector.print/index.html
2026-03-02 07:41:27,020 - Knowledge - INFO - Worker kw6 processing /app/data/T0015/327504/b918650/lu5-327504/docs/latest/vector/Vector.mult/meta.json
2026-03-02 07:41:27,167 - Knowledge - INFO - Fast-tracked /app/data/T0015/327504/b918650/lu5-327504/docs/latest/vector/Vector.div/meta.json (ext=.json, size=658)
2026-03-02 07:41:27,263 - Knowledge - INFO - Worker kw1 processing /app/data/T0015/327504/b918650/lu5-327504/docs/latest/image/Image.crop/index.html
2026-03-02 07:41:27,353 - Knowledge - INFO - Async storing batch of 6 embeddings
2026-03-02 07:41:27,487 - Knowledge - INFO - Fast-tracked /app/data/T0015/327504/b918650/lu5-327504/docs/latest/image/loadImage/meta.json (ext=.json, size=509)
2026-03-02 07:41:27,574 - Knowledge - INFO - Worker kw7 processing /app/data/T0015/327504/b918650/lu5-327504/docs/latest/vector/Vector.print/meta.json
2026-03-02 07:41:27,657 - Knowledge - INFO - Fast-tracked /app/data/T0015/327504/b918650/lu5-327504/docs/latest/vector/Vector.mult/meta.json (ext=.json, size=674)
2026-03-02 07:41:27,736 - Knowledge - INFO - Worker kw19 processing /app/data/T0015/327504/b918650/lu5-327504/docs/latest/vector/Vector.copy/index.html
2026-03-02 07:41:27,869 - Knowledge - INFO - Worker kw1 processing /app/data/T0015/327504/b918650/lu5-327504/docs/latest/image/Image.crop/meta.json
2026-03-02 07:41:27,955 - Knowledge - INFO - Worker kw17 processing /app/data/T0015/327504/b918650/lu5-327504/docs/latest/vector/createVector/index.html
2026-03-02 07:41:28,119 - Knowledge - INFO - Worker kw16 processing /app/data/T0015/327504/b918650/lu5-327504/docs/latest/image/index.html
2026-03-02 07:41:28,209 - Knowledge - INFO - Fast-tracked /app/data/T0015/327504/b918650/lu5-327504/docs/latest/vector/Vector.print/meta.json (ext=.json, size=552)
2026-03-02 07:41:28,312 - Knowledge - INFO - Worker kw6 processing /app/data/T0015/327504/b918650/lu5-327504/docs/latest/vector/Vector/index.html
2026-03-02 07:41:28,422 - Knowledge - INFO - Worker kw19 processing /app/data/T0015/327504/b918650/lu5-327504/docs/latest/vector/Vector.copy/meta.json
2026-03-02 07:41:28,548 - Knowledge - INFO - Fast-tracked /app/data/T0015/327504/b918650/lu5-327504/docs/latest/image/Image.crop/meta.json (ext=.json, size=523)
2026-03-02 07:41:28,676 - Knowledge - INFO - Worker kw17 processing /app/data/T0015/327504/b918650/lu5-327504/docs/latest/vector/createVector/meta.json
2026-03-02 07:41:28,746 - Knowledge - INFO - Worker kw16 processing /app/data/T0015/327504/b918650/lu5-327504/docs/latest/vector/Vector.dot/index.html
2026-03-02 07:41:28,845 - Knowledge - INFO - Worker kw7 processing /app/data/T0015/327504/b918650/lu5-327504/docs/latest/vector/Vector.idiv/index.html
2026-03-02 07:41:28,932 - Knowledge - INFO - Worker kw6 processing /app/data/T0015/327504/b918650/lu5-327504/docs/latest/vector/Vector/meta.json
2026-03-02 07:41:29,025 - Knowledge - INFO - Fast-tracked /app/data/T0015/327504/b918650/lu5-327504/docs/latest/vector/Vector.copy/meta.json (ext=.json, size=383)
2026-03-02 07:41:29,167 - Knowledge - INFO - Async storage completed for 8 embeddings
2026-03-02 07:41:29,216 - Knowledge - INFO - Fast-tracked /app/data/T0015/327504/b918650/lu5-327504/docs/latest/vector/createVector/meta.json (ext=.json, size=486)
2026-03-02 07:41:29,488 - Knowledge - INFO - Worker kw7 processing /app/data/T0015/327504/b918650/lu5-327504/docs/latest/vector/Vector.idiv/meta.json
2026-03-02 07:41:29,576 - Knowledge - INFO - Fast-tracked /app/data/T0015/327504/b918650/lu5-327504/docs/latest/vector/Vector/meta.json (ext=.json, size=457)
2026-03-02 07:41:29,659 - Knowledge - INFO - Worker kw19 processing /app/data/T0015/327504/b918650/lu5-327504/docs/latest/vector/Vector.add/index.html
2026-03-02 07:41:29,893 - Knowledge - INFO - Worker kw17 processing /app/data/T0015/327504/b918650/lu5-327504/docs/latest/shapes3D/plane/index.html
2026-03-02 07:41:29,993 - Knowledge - INFO - Async storage completed for 6 embeddings
2026-03-02 07:41:30,017 - Knowledge - INFO - Fast-tracked /app/data/T0015/327504/b918650/lu5-327504/docs/latest/vector/Vector.idiv/meta.json (ext=.json, size=664)
2026-03-02 07:41:30,134 - Knowledge - INFO - Worker kw6 processing /app/data/T0015/327504/b918650/lu5-327504/docs/latest/vector/Vector.sub/index.html
2026-03-02 07:41:30,387 - Knowledge - INFO - Worker kw17 processing /app/data/T0015/327504/b918650/lu5-327504/docs/latest/shapes3D/plane/meta.json
2026-03-02 07:41:30,619 - Knowledge - INFO - Worker kw7 processing /app/data/T0015/327504/b918650/lu5-327504/docs/latest/vector/Vector.mult/index.html
2026-03-02 07:41:30,715 - Knowledge - INFO - Worker kw6 processing /app/data/T0015/327504/b918650/lu5-327504/docs/latest/vector/Vector.sub/meta.json
2026-03-02 07:41:30,818 - Knowledge - INFO - Fast-tracked /app/data/T0015/327504/b918650/lu5-327504/docs/latest/shapes3D/plane/meta.json (ext=.json, size=460)
2026-03-02 07:41:31,001 - Knowledge - INFO - Fast-tracked /app/data/T0015/327504/b918650/lu5-327504/docs/latest/vector/Vector.sub/meta.json (ext=.json, size=664)
2026-03-02 07:41:31,086 - Knowledge - INFO - Worker kw17 processing /app/data/T0015/327504/b918650/lu5-327504/docs/latest/shapes3D/box/index.html
2026-03-02 07:41:31,180 - Knowledge - INFO - Worker kw6 processing /app/data/T0015/327504/b918650/lu5-327504/docs/latest/vector/index.html
2026-03-02 07:41:31,282 - Knowledge - INFO - Worker kw17 processing /app/data/T0015/327504/b918650/lu5-327504/docs/latest/shapes3D/box/meta.json
2026-03-02 07:41:31,459 - Knowledge - INFO - Fast-tracked /app/data/T0015/327504/b918650/lu5-327504/docs/latest/shapes3D/box/meta.json (ext=.json, size=497)
2026-03-02 07:41:32,888 - Knowledge - INFO - [LLM_CALL] Completed: index.html:chunk1, Duration: 398ms, PromptTokens: 4878, CompletionTokens: 59, Cost: $0.00051
2026-03-02 07:41:33,078 - Knowledge - INFO - done ingest for /app/data/T0015/327504/b918650/lu5-327504/docs/latest/math/round/index.html
2026-03-02 07:41:33,744 - Knowledge - INFO - done ingest for /app/data/T0015/327504/b918650/lu5-327504/docs/latest/transform/index.html
2026-03-02 07:41:34,061 - Knowledge - INFO - [LLM_CALL] Completed: index.html:chunk1, Duration: 1ms, PromptTokens: 4944, CompletionTokens: 59, Cost: $0.00052
2026-03-02 07:41:34,268 - Knowledge - INFO - done ingest for /app/data/T0015/327504/b918650/lu5-327504/docs/latest/transform/translate/index.html
2026-03-02 07:41:35,567 - Knowledge - INFO - [LLM_CALL] Completed: index.html:chunk1, Duration: 305ms, PromptTokens: 4794, CompletionTokens: 59, Cost: $0.00050
2026-03-02 07:41:35,806 - Knowledge - INFO - done ingest for /app/data/T0015/327504/b918650/lu5-327504/docs/latest/transform/rotate/index.html
2026-03-02 07:41:36,200 - Knowledge - INFO - Async storage completed for 8 embeddings
2026-03-02 07:41:36,717 - Knowledge - INFO - [LLM_CALL] Completed: index.html:chunk1, Duration: 322ms, PromptTokens: 4818, CompletionTokens: 59, Cost: $0.00051
2026-03-02 07:41:36,928 - Knowledge - INFO - done ingest for /app/data/T0015/327504/b918650/lu5-327504/docs/latest/transform/rotateX/index.html
2026-03-02 07:41:38,124 - Knowledge - INFO - done ingest for /app/data/T0015/327504/b918650/lu5-327504/docs/latest/math/min/index.html
2026-03-02 07:41:38,300 - Knowledge - INFO - Processing batch of 6 files
2026-03-02 07:41:38,469 - Knowledge - INFO - process ingested knowledge for /app/data/T0015/327504/b918650/lu5-327504/docs/latest/transform/rotateX/meta.json
2026-03-02 07:41:38,694 - Knowledge - INFO - process ingested knowledge for /app/data/T0015/327504/b918650/lu5-327504/docs/latest/transform/rotate/index.html
2026-03-02 07:41:38,873 - Knowledge - INFO - done ingest for /app/data/T0015/327504/b918650/lu5-327504/docs/latest/math/map/index.html
2026-03-02 07:41:38,894 - Knowledge - INFO - process ingested knowledge for /app/data/T0015/327504/b918650/lu5-327504/docs/latest/transform/rotate/meta.json
2026-03-02 07:41:39,181 - Knowledge - INFO - process ingested knowledge for /app/data/T0015/327504/b918650/lu5-327504/docs/latest/math/round/index.html
2026-03-02 07:41:39,277 - Knowledge - INFO - done ingest for /app/data/T0015/327504/b918650/lu5-327504/docs/latest/transform/rotateZ/index.html
2026-03-02 07:41:39,427 - Knowledge - INFO - process ingested knowledge for /app/data/T0015/327504/b918650/lu5-327504/docs/latest/math/round/meta.json
2026-03-02 07:41:39,508 - Knowledge - INFO - Processing batch of 6 files
2026-03-02 07:41:39,650 - Knowledge - INFO - process ingested knowledge for /app/data/T0015/327504/b918650/lu5-327504/docs/latest/math/min/index.html
2026-03-02 07:41:39,734 - Knowledge - INFO - process ingested knowledge for /app/data/T0015/327504/b918650/lu5-327504/docs/latest/transform/translate/index.html
2026-03-02 07:41:39,976 - Knowledge - INFO - process ingested knowledge for /app/data/T0015/327504/b918650/lu5-327504/docs/latest/transform/translate/meta.json
2026-03-02 07:41:40,200 - Knowledge - INFO - process ingested knowledge for /app/data/T0015/327504/b918650/lu5-327504/docs/latest/transform/rotateZ/index.html
2026-03-02 07:41:40,375 - Knowledge - INFO - process ingested knowledge for /app/data/T0015/327504/b918650/lu5-327504/docs/latest/transform/rotateZ/meta.json
2026-03-02 07:41:40,578 - Knowledge - INFO - process ingested knowledge for /app/data/T0015/327504/b918650/lu5-327504/docs/latest/transform/index.html
2026-03-02 07:41:40,601 - Knowledge - INFO - [kw5] Queue=295, InProgress=0, PendingWorkers=20/20, Completed=1052/1455 (72.3%)
2026-03-02 07:41:40,774 - Knowledge - INFO - process ingested knowledge for /app/data/T0015/327504/b918650/lu5-327504/docs/latest/transform/rotateX/index.html
2026-03-02 07:41:40,896 - Knowledge - INFO - Batch sizing: calculated=6, max_allowed=10, queue=295, active_workers=20/20
2026-03-02 07:41:41,147 - Knowledge - INFO - [LLM_CALL] Completed: index.html:chunk1, Duration: 1401ms, PromptTokens: 4934, CompletionTokens: 59, Cost: $0.00052
2026-03-02 07:41:41,343 - Knowledge - INFO - done ingest for /app/data/T0015/327504/b918650/lu5-327504/docs/latest/math/abs/index.html
2026-03-02 07:41:41,345 - Knowledge - INFO - Async storing batch of 6 embeddings
2026-03-02 07:41:41,689 - Knowledge - INFO - Worker kw5 processing /app/data/T0015/327504/b918650/lu5-327504/docs/latest/shapes3D/index.html
2026-03-02 07:41:41,852 - Knowledge - INFO - Worker kw5 processing /app/data/T0015/327504/b918650/lu5-327504/docs/latest/shapes3D/sphere/index.html
2026-03-02 07:41:41,874 - Knowledge - INFO - [kw13] Queue=289, InProgress=0, PendingWorkers=20/20, Completed=1052/1455 (72.3%)
2026-03-02 07:41:42,091 - Knowledge - INFO - Worker kw5 processing /app/data/T0015/327504/b918650/lu5-327504/docs/latest/shapes3D/sphere/meta.json
2026-03-02 07:41:42,173 - Knowledge - INFO - Batch sizing: calculated=6, max_allowed=10, queue=289, active_workers=20/20
2026-03-02 07:41:42,268 - Knowledge - INFO - Fast-tracked /app/data/T0015/327504/b918650/lu5-327504/docs/latest/shapes3D/sphere/meta.json (ext=.json, size=520)
2026-03-02 07:41:42,350 - Knowledge - INFO - Async storing batch of 6 embeddings
2026-03-02 07:41:42,458 - Knowledge - INFO - Worker kw5 processing /app/data/T0015/327504/b918650/lu5-327504/docs/latest/index.html
2026-03-02 07:41:42,588 - Knowledge - INFO - Worker kw13 processing /app/data/T0015/327504/b918650/lu5-327504/docs/latest/typography/textFont/index.html
2026-03-02 07:41:42,711 - Knowledge - INFO - Worker kw5 processing /app/data/T0015/327504/b918650/lu5-327504/docs/latest/typography/textSize/index.html
2026-03-02 07:41:42,794 - Knowledge - INFO - Worker kw13 processing /app/data/T0015/327504/b918650/lu5-327504/docs/latest/typography/textFont/meta.json
2026-03-02 07:41:42,917 - Knowledge - INFO - Worker kw5 processing /app/data/T0015/327504/b918650/lu5-327504/docs/latest/typography/textSize/meta.json
2026-03-02 07:41:42,994 - Knowledge - INFO - Fast-tracked /app/data/T0015/327504/b918650/lu5-327504/docs/latest/typography/textFont/meta.json (ext=.json, size=363)
2026-03-02 07:41:43,150 - Knowledge - INFO - Fast-tracked /app/data/T0015/327504/b918650/lu5-327504/docs/latest/typography/textSize/meta.json (ext=.json, size=476)
2026-03-02 07:41:43,277 - Knowledge - INFO - Worker kw13 processing /app/data/T0015/327504/b918650/lu5-327504/docs/latest/typography/text/index.html
2026-03-02 07:41:43,438 - Knowledge - INFO - Worker kw13 processing /app/data/T0015/327504/b918650/lu5-327504/docs/latest/typography/text/meta.json
2026-03-02 07:41:43,463 - Knowledge - INFO - Async storage completed for 8 embeddings
2026-03-02 07:41:43,628 - Knowledge - INFO - Fast-tracked /app/data/T0015/327504/b918650/lu5-327504/docs/latest/typography/text/meta.json (ext=.json, size=475)
2026-03-02 07:41:43,808 - Knowledge - INFO - Worker kw13 processing /app/data/T0015/327504/b918650/lu5-327504/docs/latest/typography/index.html
2026-03-02 07:41:44,078 - Knowledge - INFO - Worker kw13 processing /app/data/T0015/327504/b918650/lu5-327504/docs/latest/typography/loadFont/index.html
2026-03-02 07:41:45,112 - Knowledge - INFO - [LLM_CALL] Completed: index.html:chunk1, Duration: 684ms, PromptTokens: 5158, CompletionTokens: 59, Cost: $0.00054
2026-03-02 07:41:45,295 - Knowledge - INFO - done ingest for /app/data/T0015/327504/b918650/lu5-327504/docs/latest/math/max/index.html
2026-03-02 07:41:45,481 - Knowledge - INFO - Processing batch of 6 files
2026-03-02 07:41:45,675 - Knowledge - INFO - process ingested knowledge for /app/data/T0015/327504/b918650/lu5-327504/docs/latest/math/sin/meta.json
2026-03-02 07:41:45,863 - Knowledge - INFO - process ingested knowledge for /app/data/T0015/327504/b918650/lu5-327504/docs/latest/math/abs/index.html
2026-03-02 07:41:45,987 - Knowledge - INFO - done ingest for /app/data/T0015/327504/b918650/lu5-327504/docs/latest/math/cos/index.html
2026-03-02 07:41:46,036 - Knowledge - INFO - process ingested knowledge for /app/data/T0015/327504/b918650/lu5-327504/docs/latest/math/abs/meta.json
2026-03-02 07:41:46,297 - Knowledge - INFO - process ingested knowledge for /app/data/T0015/327504/b918650/lu5-327504/docs/latest/math/max/index.html
2026-03-02 07:41:46,528 - Knowledge - INFO - process ingested knowledge for /app/data/T0015/327504/b918650/lu5-327504/docs/latest/math/max/meta.json
2026-03-02 07:41:46,638 - Knowledge - INFO - Async storage completed for 6 embeddings
2026-03-02 07:41:46,775 - Knowledge - INFO - process ingested knowledge for /app/data/T0015/327504/b918650/lu5-327504/docs/latest/math/map/index.html
2026-03-02 07:41:47,764 - Knowledge - INFO - [kw14] Queue=283, InProgress=0, PendingWorkers=20/20, Completed=1058/1455 (72.7%)
2026-03-02 07:41:47,932 - Knowledge - INFO - Async storage completed for 8 embeddings
2026-03-02 07:41:47,943 - Knowledge - INFO - Batch sizing: calculated=6, max_allowed=10, queue=283, active_workers=20/20
2026-03-02 07:41:48,155 - Knowledge - INFO - [LLM_CALL] Completed: index.html:chunk1, Duration: 417ms, PromptTokens: 5016, CompletionTokens: 59, Cost: $0.00053
2026-03-02 07:41:48,447 - Knowledge - INFO - done ingest for /app/data/T0015/327504/b918650/lu5-327504/docs/latest/math/constrain/index.html
2026-03-02 07:41:48,448 - Knowledge - INFO - Async storing batch of 6 embeddings
2026-03-02 07:41:48,772 - Knowledge - INFO - Worker kw14 processing /app/data/T0015/327504/b918650/lu5-327504/docs/latest/typography/loadFont/meta.json
2026-03-02 07:41:49,018 - Knowledge - INFO - Fast-tracked /app/data/T0015/327504/b918650/lu5-327504/docs/latest/typography/loadFont/meta.json (ext=.json, size=547)
2026-03-02 07:41:49,238 - Knowledge - INFO - Worker kw14 processing /app/data/T0015/327504/b918650/lu5-327504/docs/v0.0.1/io/print/index.html
2026-03-02 07:41:49,367 - Knowledge - INFO - done ingest for /app/data/T0015/327504/b918650/lu5-327504/docs/latest/setting/index.html
2026-03-02 07:41:49,432 - Knowledge - INFO - Worker kw14 processing /app/data/T0015/327504/b918650/lu5-327504/docs/v0.0.1/io/print/meta.json
2026-03-02 07:41:49,674 - Knowledge - INFO - Fast-tracked /app/data/T0015/327504/b918650/lu5-327504/docs/v0.0.1/io/print/meta.json (ext=.json, size=309)
2026-03-02 07:41:49,848 - Knowledge - INFO - Worker kw14 processing /app/data/T0015/327504/b918650/lu5-327504/docs/v0.0.1/io/index.html
2026-03-02 07:41:50,096 - Knowledge - INFO - Worker kw14 processing /app/data/T0015/327504/b918650/lu5-327504/docs/v0.0.1/window/background/index.html
2026-03-02 07:41:50,294 - Knowledge - INFO - Worker kw14 processing /app/data/T0015/327504/b918650/lu5-327504/docs/v0.0.1/window/background/meta.json
2026-03-02 07:41:50,404 - Knowledge - INFO - [LLM_CALL] Completed: index.html:chunk1, Duration: 378ms, PromptTokens: 4888, CompletionTokens: 59, Cost: $0.00051
2026-03-02 07:41:50,478 - Knowledge - INFO - Fast-tracked /app/data/T0015/327504/b918650/lu5-327504/docs/v0.0.1/window/background/meta.json (ext=.json, size=392)
2026-03-02 07:41:50,588 - Knowledge - INFO - done ingest for /app/data/T0015/327504/b918650/lu5-327504/docs/latest/math/sin/index.html
2026-03-02 07:41:50,606 - Knowledge - INFO - done ingest for /app/data/T0015/327504/b918650/lu5-327504/docs/latest/math/random/index.html
2026-03-02 07:41:50,916 - Knowledge - INFO - Processing batch of 6 files
2026-03-02 07:41:51,164 - Knowledge - INFO - process ingested knowledge for /app/data/T0015/327504/b918650/lu5-327504/docs/latest/math/map/meta.json
2026-03-02 07:41:51,312 - Knowledge - INFO - Async storage completed for 6 embeddings
2026-03-02 07:41:51,387 - Knowledge - INFO - process ingested knowledge for /app/data/T0015/327504/b918650/lu5-327504/docs/latest/math/constrain/index.html
2026-03-02 07:41:51,603 - Knowledge - INFO - [LLM_CALL] Completed: index.html:chunk1, Duration: 581ms, PromptTokens: 4792, CompletionTokens: 59, Cost: $0.00050
2026-03-02 07:41:51,642 - Knowledge - INFO - process ingested knowledge for /app/data/T0015/327504/b918650/lu5-327504/docs/latest/math/constrain/meta.json
2026-03-02 07:41:51,839 - Knowledge - INFO - done ingest for /app/data/T0015/327504/b918650/lu5-327504/docs/latest/setting/noStroke/index.html
2026-03-02 07:41:51,931 - Knowledge - INFO - process ingested knowledge for /app/data/T0015/327504/b918650/lu5-327504/docs/latest/math/random/index.html
2026-03-02 07:41:52,200 - Knowledge - INFO - process ingested knowledge for /app/data/T0015/327504/b918650/lu5-327504/docs/latest/math/random/meta.json
2026-03-02 07:41:52,426 - Knowledge - INFO - process ingested knowledge for /app/data/T0015/327504/b918650/lu5-327504/docs/latest/math/cos/index.html
2026-03-02 07:41:52,900 - Knowledge - INFO - Async storage completed for 8 embeddings
2026-03-02 07:41:53,556 - Knowledge - INFO - [WEBSOCKET] Sent: Type=progress_update, Size: 295, Duration: 0ms
2026-03-02 07:41:53,776 - Knowledge - INFO - [LLM_CALL] Completed: index.html:chunk1, Duration: 952ms, PromptTokens: 4888, CompletionTokens: 59, Cost: $0.00051
2026-03-02 07:41:53,967 - Knowledge - INFO - done ingest for /app/data/T0015/327504/b918650/lu5-327504/docs/latest/math/tan/index.html
2026-03-02 07:41:53,969 - Knowledge - INFO - [WEBSOCKET] Sent: Type=unknown, Size: ?, Duration: 413ms
2026-03-02 07:41:54,326 - Knowledge - INFO - Progress: 73.1% | Files: 1064/1455 | Rate: 1.63 files/sec | Queue: 277
2026-03-02 07:41:54,328 - Knowledge - INFO - done ingest for /app/data/T0015/327504/b918650/lu5-327504/docs/latest/setting/debugMode/index.html
2026-03-02 07:41:54,503 - Knowledge - INFO - [kw18] Queue=277, InProgress=0, PendingWorkers=20/20, Completed=1064/1455 (73.1%)
2026-03-02 07:41:54,626 - Knowledge - INFO - Processing batch of 6 files
2026-03-02 07:41:54,733 - Knowledge - INFO - Batch sizing: calculated=6, max_allowed=10, queue=277, active_workers=20/20
2026-03-02 07:41:54,849 - Knowledge - INFO - process ingested knowledge for /app/data/T0015/327504/b918650/lu5-327504/docs/latest/setting/noFill/meta.json
2026-03-02 07:41:54,958 - Knowledge - INFO - Async storing batch of 6 embeddings
2026-03-02 07:41:55,062 - Knowledge - INFO - process ingested knowledge for /app/data/T0015/327504/b918650/lu5-327504/docs/latest/setting/debugMode/index.html
2026-03-02 07:41:55,142 - Knowledge - INFO - Worker kw18 processing /app/data/T0015/327504/b918650/lu5-327504/docs/v0.0.1/window/createWindow/index.html
2026-03-02 07:41:55,271 - Knowledge - INFO - process ingested knowledge for /app/data/T0015/327504/b918650/lu5-327504/docs/latest/setting/debugMode/meta.json
2026-03-02 07:41:55,406 - Knowledge - INFO - done ingest for /app/data/T0015/327504/b918650/lu5-327504/docs/latest/setting/stroke/index.html
2026-03-02 07:41:55,421 - Knowledge - INFO - Worker kw18 processing /app/data/T0015/327504/b918650/lu5-327504/docs/v0.0.1/window/createWindow/meta.json
2026-03-02 07:41:55,498 - Knowledge - INFO - process ingested knowledge for /app/data/T0015/327504/b918650/lu5-327504/docs/latest/setting/noStroke/index.html
2026-03-02 07:41:55,696 - Knowledge - INFO - Fast-tracked /app/data/T0015/327504/b918650/lu5-327504/docs/v0.0.1/window/createWindow/meta.json (ext=.json, size=374)
2026-03-02 07:41:55,774 - Knowledge - INFO - process ingested knowledge for /app/data/T0015/327504/b918650/lu5-327504/docs/latest/setting/noStroke/meta.json
2026-03-02 07:41:55,942 - Knowledge - INFO - Worker kw18 processing /app/data/T0015/327504/b918650/lu5-327504/docs/v0.0.1/window/index.html
2026-03-02 07:41:55,983 - Knowledge - INFO - [LLM_CALL] Completed: index.html:chunk1, Duration: 561ms, PromptTokens: 5048, CompletionTokens: 59, Cost: $0.00053
2026-03-02 07:41:56,041 - Knowledge - INFO - process ingested knowledge for /app/data/T0015/327504/b918650/lu5-327504/docs/latest/setting/index.html
2026-03-02 07:41:56,137 - Knowledge - INFO - Worker kw18 processing /app/data/T0015/327504/b918650/lu5-327504/docs/v0.0.1/shapes/line/index.html
2026-03-02 07:41:56,220 - Knowledge - INFO - done ingest for /app/data/T0015/327504/b918650/lu5-327504/docs/latest/math/ceil/index.html
2026-03-02 07:41:56,448 - Knowledge - INFO - Worker kw18 processing /app/data/T0015/327504/b918650/lu5-327504/docs/v0.0.1/shapes/line/meta.json
2026-03-02 07:41:56,636 - Knowledge - INFO - Fast-tracked /app/data/T0015/327504/b918650/lu5-327504/docs/v0.0.1/shapes/line/meta.json (ext=.json, size=473)
2026-03-02 07:41:56,833 - Knowledge - INFO - Worker kw18 processing /app/data/T0015/327504/b918650/lu5-327504/docs/v0.0.1/shapes/circle/index.html
2026-03-02 07:41:57,091 - Knowledge - INFO - [kw20] Queue=271, InProgress=0, PendingWorkers=20/20, Completed=1070/1455 (73.5%)
2026-03-02 07:41:57,280 - Knowledge - INFO - Batch sizing: calculated=6, max_allowed=10, queue=271, active_workers=20/20
2026-03-02 07:41:57,506 - Knowledge - INFO - [LLM_CALL] Completed: index.html:chunk1, Duration: 501ms, PromptTokens: 4706, CompletionTokens: 59, Cost: $0.00049
2026-03-02 07:41:57,677 - Knowledge - INFO - done ingest for /app/data/T0015/327504/b918650/lu5-327504/docs/latest/setting/noFill/index.html
2026-03-02 07:41:57,683 - Knowledge - INFO - Async storing batch of 6 embeddings
2026-03-02 07:41:57,984 - Knowledge - INFO - Worker kw20 processing /app/data/T0015/327504/b918650/lu5-327504/docs/v0.0.1/shapes/circle/meta.json
2026-03-02 07:41:58,293 - Knowledge - INFO - Fast-tracked /app/data/T0015/327504/b918650/lu5-327504/docs/v0.0.1/shapes/circle/meta.json (ext=.json, size=391)
2026-03-02 07:41:58,302 - Knowledge - INFO - done ingest for /app/data/T0015/327504/b918650/lu5-327504/docs/latest/math/floor/index.html
2026-03-02 07:41:58,523 - Knowledge - INFO - Worker kw20 processing /app/data/T0015/327504/b918650/lu5-327504/docs/v0.0.1/shapes/point/index.html
2026-03-02 07:41:58,624 - Knowledge - INFO - done ingest for /app/data/T0015/327504/b918650/lu5-327504/docs/latest/math/index.html
2026-03-02 07:41:58,747 - Knowledge - INFO - Worker kw20 processing /app/data/T0015/327504/b918650/lu5-327504/docs/v0.0.1/shapes/point/meta.json
2026-03-02 07:41:58,859 - Knowledge - INFO - Processing batch of 6 files
2026-03-02 07:41:58,941 - Knowledge - INFO - Fast-tracked /app/data/T0015/327504/b918650/lu5-327504/docs/v0.0.1/shapes/point/meta.json (ext=.json, size=210)
2026-03-02 07:41:59,020 - Knowledge - INFO - process ingested knowledge for /app/data/T0015/327504/b918650/lu5-327504/docs/latest/math/cos/meta.json
2026-03-02 07:41:59,099 - Knowledge - INFO - Worker kw20 processing /app/data/T0015/327504/b918650/lu5-327504/docs/v0.0.1/shapes/triangle/index.html
2026-03-02 07:41:59,218 - Knowledge - INFO - process ingested knowledge for /app/data/T0015/327504/b918650/lu5-327504/docs/latest/math/ceil/index.html
2026-03-02 07:41:59,358 - Knowledge - INFO - Worker kw20 processing /app/data/T0015/327504/b918650/lu5-327504/docs/v0.0.1/shapes/triangle/meta.json
2026-03-02 07:41:59,482 - Knowledge - INFO - process ingested knowledge for /app/data/T0015/327504/b918650/lu5-327504/docs/latest/math/ceil/meta.json
2026-03-02 07:41:59,573 - Knowledge - INFO - Fast-tracked /app/data/T0015/327504/b918650/lu5-327504/docs/v0.0.1/shapes/triangle/meta.json (ext=.json, size=218)
2026-03-02 07:41:59,668 - Knowledge - INFO - process ingested knowledge for /app/data/T0015/327504/b918650/lu5-327504/docs/latest/math/tan/index.html
2026-03-02 07:41:59,760 - Knowledge - INFO - Async storage completed for 6 embeddings
2026-03-02 07:41:59,779 - Knowledge - INFO - Worker kw20 processing /app/data/T0015/327504/b918650/lu5-327504/docs/v0.0.1/shapes/arc/index.html
2026-03-02 07:41:59,932 - Knowledge - INFO - process ingested knowledge for /app/data/T0015/327504/b918650/lu5-327504/docs/latest/math/tan/meta.json
2026-03-02 07:41:59,984 - Knowledge - INFO - [LLM_CALL] Completed: index.html:chunk1, Duration: 1073ms, PromptTokens: 4968, CompletionTokens: 59, Cost: $0.00052
2026-03-02 07:42:00,204 - Knowledge - INFO - process ingested knowledge for /app/data/T0015/327504/b918650/lu5-327504/docs/latest/math/index.html
2026-03-02 07:42:00,280 - Knowledge - INFO - done ingest for /app/data/T0015/327504/b918650/lu5-327504/docs/latest/setting/background/index.html
2026-03-02 07:42:00,471 - Knowledge - INFO - [LLM_CALL] Completed: index.html:chunk1, Duration: 191ms, PromptTokens: 4872, CompletionTokens: 59, Cost: $0.00051
2026-03-02 07:42:00,690 - Knowledge - INFO - done ingest for /app/data/T0015/327504/b918650/lu5-327504/docs/latest/math/randomSeed/index.html
2026-03-02 07:42:00,690 - Knowledge - INFO - Processing batch of 6 files
2026-03-02 07:42:00,956 - Knowledge - INFO - Processing batch of 6 files
2026-03-02 07:42:00,979 - Knowledge - INFO - process ingested knowledge for /app/data/T0015/327504/b918650/lu5-327504/docs/latest/setting/push/meta.json
2026-03-02 07:42:01,176 - Knowledge - INFO - process ingested knowledge for /app/data/T0015/327504/b918650/lu5-327504/docs/latest/math/min/meta.json
2026-03-02 07:42:01,282 - Knowledge - INFO - process ingested knowledge for /app/data/T0015/327504/b918650/lu5-327504/docs/latest/setting/background/index.html
2026-03-02 07:42:01,438 - Knowledge - INFO - process ingested knowledge for /app/data/T0015/327504/b918650/lu5-327504/docs/latest/math/randomSeed/index.html
2026-03-02 07:42:01,452 - Knowledge - INFO - process ingested knowledge for /app/data/T0015/327504/b918650/lu5-327504/docs/latest/setting/background/meta.json
2026-03-02 07:42:01,467 - Knowledge - INFO - [kw9] Queue=265, InProgress=0, PendingWorkers=20/20, Completed=1088/1455 (74.8%)
2026-03-02 07:42:01,654 - Knowledge - INFO - process ingested knowledge for /app/data/T0015/327504/b918650/lu5-327504/docs/latest/math/randomSeed/meta.json
2026-03-02 07:42:01,738 - Knowledge - INFO - process ingested knowledge for /app/data/T0015/327504/b918650/lu5-327504/docs/latest/setting/stroke/index.html
2026-03-02 07:42:01,752 - Knowledge - INFO - Async storage completed for 6 embeddings
2026-03-02 07:42:01,839 - Knowledge - INFO - Batch sizing: calculated=6, max_allowed=10, queue=265, active_workers=20/20
2026-03-02 07:42:01,919 - Knowledge - INFO - process ingested knowledge for /app/data/T0015/327504/b918650/lu5-327504/docs/latest/math/floor/index.html
2026-03-02 07:42:02,034 - Knowledge - INFO - process ingested knowledge for /app/data/T0015/327504/b918650/lu5-327504/docs/latest/setting/stroke/meta.json
2026-03-02 07:42:02,226 - Knowledge - INFO - Async storing batch of 6 embeddings
2026-03-02 07:42:02,315 - Knowledge - INFO - process ingested knowledge for /app/data/T0015/327504/b918650/lu5-327504/docs/latest/math/floor/meta.json
2026-03-02 07:42:02,435 - Knowledge - INFO - process ingested knowledge for /app/data/T0015/327504/b918650/lu5-327504/docs/latest/setting/noFill/index.html
2026-03-02 07:42:02,504 - Knowledge - INFO - Worker kw9 processing /app/data/T0015/327504/b918650/lu5-327504/docs/v0.0.1/shapes/arc/meta.json
2026-03-02 07:42:02,599 - Knowledge - INFO - process ingested knowledge for /app/data/T0015/327504/b918650/lu5-327504/docs/latest/math/sin/index.html
2026-03-02 07:42:02,810 - Knowledge - INFO - Fast-tracked /app/data/T0015/327504/b918650/lu5-327504/docs/v0.0.1/shapes/arc/meta.json (ext=.json, size=207)
2026-03-02 07:42:03,032 - Knowledge - INFO - Worker kw9 processing /app/data/T0015/327504/b918650/lu5-327504/docs/v0.0.1/shapes/ellipse/index.html
2026-03-02 07:42:03,242 - Knowledge - INFO - Worker kw9 processing /app/data/T0015/327504/b918650/lu5-327504/docs/v0.0.1/shapes/ellipse/meta.json
2026-03-02 07:42:03,447 - Knowledge - INFO - Fast-tracked /app/data/T0015/327504/b918650/lu5-327504/docs/v0.0.1/shapes/ellipse/meta.json (ext=.json, size=221)
2026-03-02 07:42:03,640 - Knowledge - INFO - Worker kw9 processing /app/data/T0015/327504/b918650/lu5-327504/docs/v0.0.1/shapes/rect/index.html
2026-03-02 07:42:03,739 - Knowledge - INFO - [LLM_CALL] Completed: index.html:chunk1, Duration: 2375ms, PromptTokens: 4870, CompletionTokens: 59, Cost: $0.00051
2026-03-02 07:42:03,857 - Knowledge - INFO - Worker kw9 processing /app/data/T0015/327504/b918650/lu5-327504/docs/v0.0.1/shapes/rect/meta.json
2026-03-02 07:42:03,959 - Knowledge - INFO - done ingest for /app/data/T0015/327504/b918650/lu5-327504/docs/latest/mouse/mouseY/index.html
2026-03-02 07:42:03,960 - Knowledge - INFO - [kw3] Queue=259, InProgress=0, PendingWorkers=20/20, Completed=1088/1455 (74.8%)
2026-03-02 07:42:03,966 - Knowledge - INFO - [kw11] Queue=259, InProgress=0, PendingWorkers=20/20, Completed=1088/1455 (74.8%)
2026-03-02 07:42:04,084 - Knowledge - INFO - Fast-tracked /app/data/T0015/327504/b918650/lu5-327504/docs/v0.0.1/shapes/rect/meta.json (ext=.json, size=423)
2026-03-02 07:42:04,244 - Knowledge - INFO - done ingest for /app/data/T0015/327504/b918650/lu5-327504/docs/latest/mouse/pmouseX/index.html
2026-03-02 07:42:04,322 - Knowledge - INFO - Batch sizing: calculated=6, max_allowed=10, queue=259, active_workers=20/20
2026-03-02 07:42:04,409 - Knowledge - INFO - Batch sizing: calculated=6, max_allowed=10, queue=259, active_workers=20/20
2026-03-02 07:42:04,505 - Knowledge - INFO - Worker kw9 processing /app/data/T0015/327504/b918650/lu5-327504/docs/v0.0.1/shapes/square/index.html
2026-03-02 07:42:04,666 - Knowledge - INFO - Async storing batch of 6 embeddings
2026-03-02 07:42:04,890 - Knowledge - INFO - Async storing batch of 6 embeddings
2026-03-02 07:42:05,061 - Knowledge - INFO - Worker kw3 processing /app/data/T0015/327504/b918650/lu5-327504/docs/v0.0.1/shapes/square/meta.json
2026-03-02 07:42:05,163 - Knowledge - INFO - Worker kw11 processing /app/data/T0015/327504/b918650/lu5-327504/docs/v0.0.1/setting/index.html
2026-03-02 07:42:05,247 - Knowledge - INFO - Fast-tracked /app/data/T0015/327504/b918650/lu5-327504/docs/v0.0.1/shapes/square/meta.json (ext=.json, size=387)
2026-03-02 07:42:05,375 - Knowledge - INFO - Worker kw11 processing /app/data/T0015/327504/b918650/lu5-327504/docs/v0.0.1/setting/fill/index.html
2026-03-02 07:42:05,466 - Knowledge - INFO - Worker kw3 processing /app/data/T0015/327504/b918650/lu5-327504/docs/v0.0.1/shapes/text/index.html
2026-03-02 07:42:05,606 - Knowledge - INFO - Worker kw11 processing /app/data/T0015/327504/b918650/lu5-327504/docs/v0.0.1/setting/fill/meta.json
2026-03-02 07:42:05,720 - Knowledge - INFO - Worker kw3 processing /app/data/T0015/327504/b918650/lu5-327504/docs/v0.0.1/shapes/text/meta.json
2026-03-02 07:42:05,853 - Knowledge - INFO - [LLM_CALL] Completed: index.html:chunk1, Duration: 278ms, PromptTokens: 4806, CompletionTokens: 59, Cost: $0.00050
2026-03-02 07:42:05,855 - Knowledge - INFO - Fast-tracked /app/data/T0015/327504/b918650/lu5-327504/docs/v0.0.1/setting/fill/meta.json (ext=.json, size=384)
2026-03-02 07:42:05,955 - Knowledge - INFO - Fast-tracked /app/data/T0015/327504/b918650/lu5-327504/docs/v0.0.1/shapes/text/meta.json (ext=.json, size=206)
2026-03-02 07:42:06,059 - Knowledge - INFO - done ingest for /app/data/T0015/327504/b918650/lu5-327504/docs/latest/mouse/pmouseY/index.html
2026-03-02 07:42:06,168 - Knowledge - INFO - Worker kw11 processing /app/data/T0015/327504/b918650/lu5-327504/docs/v0.0.1/modules.json
2026-03-02 07:42:06,313 - Knowledge - INFO - Worker kw3 processing /app/data/T0015/327504/b918650/lu5-327504/docs/v0.0.1/shapes/quad/index.html
2026-03-02 07:42:06,316 - Knowledge - INFO - done ingest for /app/data/T0015/327504/b918650/lu5-327504/docs/latest/mouse/mouseWheel/index.html
2026-03-02 07:42:06,410 - Knowledge - INFO - Processing batch of 6 files
2026-03-02 07:42:06,514 - Knowledge - INFO - Fast-tracked /app/data/T0015/327504/b918650/lu5-327504/docs/v0.0.1/modules.json (ext=.json, size=551)
2026-03-02 07:42:06,607 - Knowledge - INFO - Worker kw3 processing /app/data/T0015/327504/b918650/lu5-327504/docs/v0.0.1/shapes/quad/meta.json
2026-03-02 07:42:06,672 - Knowledge - INFO - Async storage completed for 6 embeddings
2026-03-02 07:42:06,806 - Knowledge - INFO - process ingested knowledge for /app/data/T0015/327504/b918650/lu5-327504/docs/latest/keyboard/keyPressed/meta.json
2026-03-02 07:42:06,907 - Knowledge - INFO - Worker kw11 processing /app/data/T0015/327504/b918650/lu5-327504/docs/v0.0.1/events/isKeyDown/index.html
2026-03-02 07:42:07,012 - Knowledge - INFO - Fast-tracked /app/data/T0015/327504/b918650/lu5-327504/docs/v0.0.1/shapes/quad/meta.json (ext=.json, size=723)
2026-03-02 07:42:07,258 - Knowledge - INFO - process ingested knowledge for /app/data/T0015/327504/b918650/lu5-327504/docs/latest/modules.json
2026-03-02 07:42:07,373 - Knowledge - INFO - Worker kw11 processing /app/data/T0015/327504/b918650/lu5-327504/docs/v0.0.1/events/isKeyDown/meta.json
2026-03-02 07:42:07,450 - Knowledge - INFO - Worker kw3 processing /app/data/T0015/327504/b918650/lu5-327504/docs/v0.0.1/shapes/index.html
2026-03-02 07:42:07,561 - Knowledge - INFO - process ingested knowledge for /app/data/T0015/327504/b918650/lu5-327504/docs/latest/mouse/pmouseY/index.html
2026-03-02 07:42:07,653 - Knowledge - INFO - Fast-tracked /app/data/T0015/327504/b918650/lu5-327504/docs/v0.0.1/events/isKeyDown/meta.json (ext=.json, size=334)
2026-03-02 07:42:07,832 - Knowledge - INFO - process ingested knowledge for /app/data/T0015/327504/b918650/lu5-327504/docs/latest/mouse/pmouseY/meta.json
2026-03-02 07:42:08,117 - Knowledge - INFO - process ingested knowledge for /app/data/T0015/327504/b918650/lu5-327504/docs/latest/mouse/mouseY/index.html
2026-03-02 07:42:08,182 - Knowledge - INFO - Async storage completed for 8 embeddings
2026-03-02 07:42:08,309 - Knowledge - INFO - process ingested knowledge for /app/data/T0015/327504/b918650/lu5-327504/docs/latest/mouse/mouseY/meta.json
2026-03-02 07:42:08,557 - Knowledge - INFO - [LLM_CALL] Completed: index.html:chunk1, Duration: 605ms, PromptTokens: 5104, CompletionTokens: 59, Cost: $0.00053
2026-03-02 07:42:08,729 - Knowledge - INFO - done ingest for /app/data/T0015/327504/b918650/lu5-327504/docs/latest/mouse/mouseReleased/index.html
2026-03-02 07:42:09,090 - Knowledge - INFO - Processing batch of 6 files
2026-03-02 07:42:09,272 - Knowledge - INFO - process ingested knowledge for /app/data/T0015/327504/b918650/lu5-327504/docs/latest/mouse/mouseReleased/index.html
2026-03-02 07:42:09,464 - Knowledge - INFO - process ingested knowledge for /app/data/T0015/327504/b918650/lu5-327504/docs/latest/mouse/mouseReleased/meta.json
2026-03-02 07:42:09,640 - Knowledge - INFO - process ingested knowledge for /app/data/T0015/327504/b918650/lu5-327504/docs/latest/mouse/mouseWheel/index.html
2026-03-02 07:42:09,650 - Knowledge - INFO - [WEBSOCKET] Sent: Type=progress_update, Size: 293, Duration: 0ms
2026-03-02 07:42:09,798 - Knowledge - INFO - process ingested knowledge for /app/data/T0015/327504/b918650/lu5-327504/docs/latest/mouse/mouseWheel/meta.json
2026-03-02 07:42:09,916 - Knowledge - INFO - [WEBSOCKET] Sent: Type=unknown, Size: ?, Duration: 266ms
2026-03-02 07:42:09,996 - Knowledge - INFO - process ingested knowledge for /app/data/T0015/327504/b918650/lu5-327504/docs/latest/mouse/pmouseX/index.html
2026-03-02 07:42:10,098 - Knowledge - INFO - Progress: 75.6% | Files: 1100/1455 | Rate: 1.64 files/sec | Queue: 247
2026-03-02 07:42:10,206 - Knowledge - INFO - process ingested knowledge for /app/data/T0015/327504/b918650/lu5-327504/docs/latest/mouse/pmouseX/meta.json
2026-03-02 07:42:10,297 - Knowledge - INFO - [kw12] Queue=247, InProgress=0, PendingWorkers=20/20, Completed=1100/1455 (75.6%)
2026-03-02 07:42:10,508 - Knowledge - INFO - Batch sizing: calculated=6, max_allowed=10, queue=247, active_workers=20/20
2026-03-02 07:42:10,647 - Knowledge - INFO - [LLM_CALL] Completed: index.html:chunk1, Duration: 731ms, PromptTokens: 5104, CompletionTokens: 59, Cost: $0.00053
2026-03-02 07:42:10,856 - Knowledge - INFO - done ingest for /app/data/T0015/327504/b918650/lu5-327504/docs/latest/setting/fill/index.html
2026-03-02 07:42:10,863 - Knowledge - INFO - Async storing batch of 6 embeddings
2026-03-02 07:42:10,869 - Knowledge - INFO - Async storage completed for 6 embeddings
2026-03-02 07:42:11,165 - Knowledge - INFO - Worker kw12 processing /app/data/T0015/327504/b918650/lu5-327504/docs/v0.0.1/events/index.html
2026-03-02 07:42:11,332 - Knowledge - INFO - [kw10] Queue=241, InProgress=0, PendingWorkers=20/20, Completed=1100/1455 (75.6%)
2026-03-02 07:42:11,372 - Knowledge - INFO - Worker kw12 processing /app/data/T0015/327504/b918650/lu5-327504/docs/v0.0.1/index.html
2026-03-02 07:42:11,561 - Knowledge - INFO - Batch sizing: calculated=6, max_allowed=10, queue=241, active_workers=20/20
2026-03-02 07:42:11,695 - Knowledge - INFO - Worker kw12 processing /app/data/T0015/327504/b918650/lu5-327504/docs/assets/menu.js
2026-03-02 07:42:11,794 - Knowledge - INFO - Async storing batch of 6 embeddings
2026-03-02 07:42:11,869 - Knowledge - INFO - Fast-tracked /app/data/T0015/327504/b918650/lu5-327504/docs/assets/menu.js (ext=.js, size=1035)
2026-03-02 07:42:12,035 - Knowledge - INFO - Worker kw10 processing /app/data/T0015/327504/b918650/lu5-327504/docs/assets/lu5-wasm-lib.min.js
2026-03-02 07:42:12,120 - Knowledge - INFO - Worker kw12 processing /app/data/T0015/327504/b918650/lu5-327504/docs/assets/common.css
2026-03-02 07:42:12,260 - Knowledge - INFO - Fast-tracked /app/data/T0015/327504/b918650/lu5-327504/docs/assets/lu5-wasm-lib.min.js (ext=.js, size=17979)
2026-03-02 07:42:12,354 - Knowledge - INFO - Fast-tracked /app/data/T0015/327504/b918650/lu5-327504/docs/assets/common.css (ext=.css, size=1298)
2026-03-02 07:42:12,472 - Knowledge - INFO - Worker kw10 processing /app/data/T0015/327504/b918650/lu5-327504/docs/assets/image.js
2026-03-02 07:42:12,580 - Knowledge - INFO - Worker kw12 processing /app/data/T0015/327504/b918650/lu5-327504/docs/assets/docs.css
2026-03-02 07:42:12,731 - Knowledge - INFO - Fast-tracked /app/data/T0015/327504/b918650/lu5-327504/docs/assets/image.js (ext=.js, size=482)
2026-03-02 07:42:12,737 - Knowledge - INFO - [LLM_CALL] Completed: index.html:chunk1, Duration: 1034ms, PromptTokens: 4966, CompletionTokens: 59, Cost: $0.00052
2026-03-02 07:42:12,858 - Knowledge - INFO - Fast-tracked /app/data/T0015/327504/b918650/lu5-327504/docs/assets/docs.css (ext=.css, size=5014)
2026-03-02 07:42:12,958 - Knowledge - INFO - Worker kw10 processing /app/data/T0015/327504/b918650/lu5-327504/docs/assets/search.js
2026-03-02 07:42:13,103 - Knowledge - INFO - done ingest for /app/data/T0015/327504/b918650/lu5-327504/docs/latest/classes/index.html
2026-03-02 07:42:13,103 - Knowledge - INFO - done ingest for /app/data/T0015/327504/b918650/lu5-327504/docs/latest/keyboard/keyHeld/index.html
2026-03-02 07:42:13,203 - Knowledge - INFO - Worker kw12 processing /app/data/T0015/327504/b918650/lu5-327504/docs/assets/lu5-wasm.min.js
2026-03-02 07:42:13,287 - Knowledge - INFO - Worker kw10 processing /app/data/T0015/327504/b918650/lu5-327504/docs/assets/download.js
2026-03-02 07:42:13,624 - Knowledge - INFO - Fast-tracked /app/data/T0015/327504/b918650/lu5-327504/docs/assets/lu5-wasm.min.js (ext=.js, size=18849)
2026-03-02 07:42:13,626 - Knowledge - INFO - done ingest for /app/data/T0015/327504/b918650/lu5-327504/docs/latest/camera/orbitControl/index.html
2026-03-02 07:42:13,702 - Knowledge - INFO - Fast-tracked /app/data/T0015/327504/b918650/lu5-327504/docs/assets/download.js (ext=.js, size=910)
2026-03-02 07:42:14,089 - Knowledge - INFO - Worker kw10 processing /app/data/T0015/327504/b918650/lu5-327504/docs/assets/lu5-console.min.js
2026-03-02 07:42:14,268 - Knowledge - INFO - Fast-tracked /app/data/T0015/327504/b918650/lu5-327504/docs/assets/lu5-console.min.js (ext=.js, size=3408)
2026-03-02 07:42:14,474 - Knowledge - INFO - Worker kw10 processing /app/data/T0015/327504/b918650/lu5-327504/docs/assets/codemirror.min.js
2026-03-02 07:42:14,643 - Knowledge - INFO - Fast-tracked /app/data/T0015/327504/b918650/lu5-327504/docs/assets/codemirror.min.js (ext=.js, size=588130)
2026-03-02 07:42:14,823 - Knowledge - INFO - Fast-tracked /app/data/T0015/327504/b918650/lu5-327504/docs/assets/search.js (small file (2778 bytes))
2026-03-02 07:42:15,032 - Knowledge - INFO - Async storage completed for 6 embeddings
2026-03-02 07:42:15,342 - Knowledge - INFO - [LLM_CALL] Completed: index.html:chunk1, Duration: 613ms, PromptTokens: 4704, CompletionTokens: 59, Cost: $0.00049
2026-03-02 07:42:15,564 - Knowledge - INFO - done ingest for /app/data/T0015/327504/b918650/lu5-327504/docs/latest/setting/pop/index.html
2026-03-02 07:42:15,609 - Knowledge - INFO - Processing batch of 6 files
2026-03-02 07:42:15,729 - Knowledge - INFO - Processing batch of 6 files
2026-03-02 07:42:15,801 - Knowledge - INFO - process ingested knowledge for /app/data/T0015/327504/b918650/lu5-327504/docs/assets/lu5-wasm-lib.min.js
2026-03-02 07:42:15,924 - Knowledge - INFO - process ingested knowledge for /app/data/T0015/327504/b918650/lu5-327504/docs/latest/setting/fill/index.html
2026-03-02 07:42:15,994 - Knowledge - INFO - process ingested knowledge for /app/data/T0015/327504/b918650/lu5-327504/docs/assets/image.js
2026-03-02 07:42:16,041 - Knowledge - INFO - Async storage completed for 6 embeddings
2026-03-02 07:42:16,081 - Knowledge - INFO - process ingested knowledge for /app/data/T0015/327504/b918650/lu5-327504/docs/latest/setting/fill/meta.json
2026-03-02 07:42:16,177 - Knowledge - INFO - process ingested knowledge for /app/data/T0015/327504/b918650/lu5-327504/docs/assets/search.js
2026-03-02 07:42:16,394 - Knowledge - INFO - process ingested knowledge for /app/data/T0015/327504/b918650/lu5-327504/docs/latest/setting/pop/index.html
2026-03-02 07:42:16,509 - Knowledge - INFO - process ingested knowledge for /app/data/T0015/327504/b918650/lu5-327504/docs/assets/download.js
2026-03-02 07:42:16,629 - Knowledge - INFO - process ingested knowledge for /app/data/T0015/327504/b918650/lu5-327504/docs/latest/setting/pop/meta.json
2026-03-02 07:42:16,730 - Knowledge - INFO - process ingested knowledge for /app/data/T0015/327504/b918650/lu5-327504/docs/assets/lu5-console.min.js
2026-03-02 07:42:16,811 - Knowledge - INFO - process ingested knowledge for /app/data/T0015/327504/b918650/lu5-327504/docs/latest/keyboard/keyHeld/index.html
2026-03-02 07:42:16,898 - Knowledge - INFO - process ingested knowledge for /app/data/T0015/327504/b918650/lu5-327504/docs/assets/codemirror.min.js
2026-03-02 07:42:17,002 - Knowledge - INFO - process ingested knowledge for /app/data/T0015/327504/b918650/lu5-327504/docs/latest/keyboard/keyHeld/meta.json
2026-03-02 07:42:17,168 - Knowledge - INFO - [LLM_CALL] Completed: index.html:chunk1, Duration: 723ms, PromptTokens: 4878, CompletionTokens: 59, Cost: $0.00051
2026-03-02 07:42:17,400 - Knowledge - INFO - done ingest for /app/data/T0015/327504/b918650/lu5-327504/docs/latest/setting/strokeWeight/index.html
2026-03-02 07:42:17,888 - Knowledge - INFO - done ingest for /app/data/T0015/327504/b918650/lu5-327504/docs/latest/camera/index.html
2026-03-02 07:42:18,349 - Knowledge - INFO - [kw10] Queue=235, InProgress=0, PendingWorkers=20/20, Completed=1112/1455 (76.4%)
2026-03-02 07:42:18,384 - Knowledge - INFO - [kw15] Queue=235, InProgress=0, PendingWorkers=20/20, Completed=1112/1455 (76.4%)
2026-03-02 07:42:18,537 - Knowledge - INFO - Batch sizing: calculated=6, max_allowed=10, queue=235, active_workers=20/20
2026-03-02 07:42:18,648 - Knowledge - INFO - Batch sizing: calculated=6, max_allowed=10, queue=235, active_workers=20/20
2026-03-02 07:42:18,724 - Knowledge - INFO - Async storing batch of 6 embeddings
2026-03-02 07:42:18,837 - Knowledge - INFO - Async storing batch of 6 embeddings
2026-03-02 07:42:18,950 - Knowledge - INFO - Worker kw10 processing /app/data/T0015/327504/b918650/lu5-327504/docs/assets/lu5-hljs-theme.css
2026-03-02 07:42:19,041 - Knowledge - INFO - Worker kw15 processing /app/data/T0015/327504/b918650/lu5-327504/docs/v0.0.5/window/width/index.html
2026-03-02 07:42:19,168 - Knowledge - INFO - Fast-tracked /app/data/T0015/327504/b918650/lu5-327504/docs/assets/lu5-hljs-theme.css (ext=.css, size=1036)
2026-03-02 07:42:19,262 - Knowledge - INFO - Worker kw15 processing /app/data/T0015/327504/b918650/lu5-327504/docs/v0.0.5/window/width/meta.json
2026-03-02 07:42:19,360 - Knowledge - INFO - Worker kw10 processing /app/data/T0015/327504/b918650/lu5-327504/docs/assets/lu5-editor.min.js
2026-03-02 07:42:19,501 - Knowledge - INFO - Fast-tracked /app/data/T0015/327504/b918650/lu5-327504/docs/v0.0.5/window/width/meta.json (ext=.json, size=361)
2026-03-02 07:42:19,602 - Knowledge - INFO - Fast-tracked /app/data/T0015/327504/b918650/lu5-327504/docs/assets/lu5-editor.min.js (ext=.js, size=10208)
2026-03-02 07:42:19,730 - Knowledge - INFO - Worker kw15 processing /app/data/T0015/327504/b918650/lu5-327504/docs/v0.0.5/window/createWindow/index.html
2026-03-02 07:42:19,822 - Knowledge - INFO - Worker kw10 processing /app/data/T0015/327504/b918650/lu5-327504/docs/index.html
2026-03-02 07:42:20,136 - Knowledge - INFO - done ingest for /app/data/T0015/327504/b918650/lu5-327504/docs/latest/vector/Vector.div/index.html
2026-03-02 07:42:20,270 - Knowledge - INFO - Worker kw15 processing /app/data/T0015/327504/b918650/lu5-327504/docs/v0.0.5/window/createWindow/meta.json
2026-03-02 07:42:20,356 - Knowledge - INFO - Worker kw10 processing /app/data/T0015/327504/b918650/lu5-327504/docs/v0.0.5/io/print/index.html
2026-03-02 07:42:20,569 - Knowledge - INFO - Fast-tracked /app/data/T0015/327504/b918650/lu5-327504/docs/v0.0.5/window/createWindow/meta.json (ext=.json, size=533)
2026-03-02 07:42:20,676 - Knowledge - INFO - Worker kw10 processing /app/data/T0015/327504/b918650/lu5-327504/docs/v0.0.5/io/print/meta.json
2026-03-02 07:42:20,785 - Knowledge - INFO - Worker kw15 processing /app/data/T0015/327504/b918650/lu5-327504/docs/v0.0.5/window/windowResized/index.html
2026-03-02 07:42:20,872 - Knowledge - INFO - Fast-tracked /app/data/T0015/327504/b918650/lu5-327504/docs/v0.0.5/io/print/meta.json (ext=.json, size=297)
2026-03-02 07:42:21,040 - Knowledge - INFO - Worker kw15 processing /app/data/T0015/327504/b918650/lu5-327504/docs/v0.0.5/window/windowResized/meta.json
2026-03-02 07:42:21,070 - Knowledge - INFO - Async storage completed for 6 embeddings
2026-03-02 07:42:21,129 - Knowledge - INFO - Worker kw10 processing /app/data/T0015/327504/b918650/lu5-327504/docs/v0.0.5/io/index.html
2026-03-02 07:42:21,224 - Knowledge - INFO - Fast-tracked /app/data/T0015/327504/b918650/lu5-327504/docs/v0.0.5/window/windowResized/meta.json (ext=.json, size=226)
2026-03-02 07:42:21,303 - Knowledge - INFO - done ingest for /app/data/T0015/327504/b918650/lu5-327504/docs/latest/setting/push/index.html
2026-03-02 07:42:21,840 - Knowledge - INFO - [LLM_CALL] Completed: index.html:chunk1, Duration: 270ms, PromptTokens: 5094, CompletionTokens: 59, Cost: $0.00053
2026-03-02 07:42:22,050 - Knowledge - INFO - done ingest for /app/data/T0015/327504/b918650/lu5-327504/docs/latest/image/Image.crop/index.html
2026-03-02 07:42:22,215 - Knowledge - INFO - Async storage completed for 6 embeddings
2026-03-02 07:42:22,246 - Knowledge - INFO - Processing batch of 6 files
2026-03-02 07:42:22,466 - Knowledge - INFO - [LLM_CALL] Completed: index.html:chunk1, Duration: 414ms, PromptTokens: 4902, CompletionTokens: 59, Cost: $0.00051
2026-03-02 07:42:22,544 - Knowledge - INFO - process ingested knowledge for /app/data/T0015/327504/b918650/lu5-327504/docs/latest/mouse/mousePressed/meta.json
2026-03-02 07:42:22,699 - Knowledge - INFO - done ingest for /app/data/T0015/327504/b918650/lu5-327504/docs/latest/vector/Vector.copy/index.html
2026-03-02 07:42:22,805 - Knowledge - INFO - process ingested knowledge for /app/data/T0015/327504/b918650/lu5-327504/docs/latest/camera/orbitControl/index.html
2026-03-02 07:42:23,039 - Knowledge - INFO - process ingested knowledge for /app/data/T0015/327504/b918650/lu5-327504/docs/latest/camera/orbitControl/meta.json
2026-03-02 07:42:23,257 - Knowledge - INFO - process ingested knowledge for /app/data/T0015/327504/b918650/lu5-327504/docs/latest/camera/index.html
2026-03-02 07:42:23,433 - Knowledge - INFO - process ingested knowledge for /app/data/T0015/327504/b918650/lu5-327504/docs/latest/image/Image.crop/index.html
2026-03-02 07:42:23,657 - Knowledge - INFO - process ingested knowledge for /app/data/T0015/327504/b918650/lu5-327504/docs/latest/image/Image.crop/meta.json
2026-03-02 07:42:23,770 - Knowledge - INFO - done ingest for /app/data/T0015/327504/b918650/lu5-327504/docs/latest/classes/class/index.html
2026-03-02 07:42:23,871 - Knowledge - INFO - done ingest for /app/data/T0015/327504/b918650/lu5-327504/docs/latest/shapes3D/box/index.html
2026-03-02 07:42:23,997 - Knowledge - INFO - Processing batch of 6 files
2026-03-02 07:42:24,211 - Knowledge - INFO - Async storage completed for 6 embeddings
2026-03-02 07:42:24,243 - Knowledge - INFO - process ingested knowledge for /app/data/T0015/327504/b918650/lu5-327504/docs/latest/classes/class/index.html
2026-03-02 07:42:24,602 - Knowledge - INFO - done ingest for /app/data/T0015/327504/b918650/lu5-327504/docs/latest/mouse/mouseX/index.html
2026-03-02 07:42:24,606 - Knowledge - INFO - process ingested knowledge for /app/data/T0015/327504/b918650/lu5-327504/docs/latest/classes/class/meta.json
2026-03-02 07:42:24,627 - Knowledge - INFO - Async storage completed for 6 embeddings
2026-03-02 07:42:24,654 - Knowledge - INFO - [kw1] Queue=223, InProgress=0, PendingWorkers=20/20, Completed=1124/1455 (77.3%)
2026-03-02 07:42:24,944 - Knowledge - INFO - process ingested knowledge for /app/data/T0015/327504/b918650/lu5-327504/docs/latest/classes/index.html
2026-03-02 07:42:25,132 - Knowledge - INFO - Batch sizing: calculated=6, max_allowed=10, queue=223, active_workers=20/20
2026-03-02 07:42:25,136 - Knowledge - INFO - [LLM_CALL] Completed: index.html:chunk1, Duration: 356ms, PromptTokens: 5206, CompletionTokens: 59, Cost: $0.00054
2026-03-02 07:42:25,234 - Knowledge - INFO - process ingested knowledge for /app/data/T0015/327504/b918650/lu5-327504/docs/latest/setting/strokeWeight/index.html
2026-03-02 07:42:25,440 - Knowledge - INFO - done ingest for /app/data/T0015/327504/b918650/lu5-327504/docs/latest/vector/Vector.add/index.html
2026-03-02 07:42:25,441 - Knowledge - INFO - Async storing batch of 6 embeddings
2026-03-02 07:42:25,543 - Knowledge - INFO - process ingested knowledge for /app/data/T0015/327504/b918650/lu5-327504/docs/latest/setting/strokeWeight/meta.json
2026-03-02 07:42:25,671 - Knowledge - INFO - Processing batch of 6 files
2026-03-02 07:42:25,674 - Knowledge - INFO - Async storage completed for 6 embeddings
2026-03-02 07:42:25,752 - Knowledge - INFO - Worker kw1 processing /app/data/T0015/327504/b918650/lu5-327504/docs/v0.0.5/window/height/index.html
2026-03-02 07:42:25,892 - Knowledge - INFO - process ingested knowledge for /app/data/T0015/327504/b918650/lu5-327504/docs/latest/setting/push/index.html
2026-03-02 07:42:25,978 - Knowledge - INFO - process ingested knowledge for /app/data/T0015/327504/b918650/lu5-327504/docs/latest/vector/Vector.dot/meta.json
2026-03-02 07:42:26,146 - Knowledge - INFO - done ingest for /app/data/T0015/327504/b918650/lu5-327504/docs/latest/vector/createVector/index.html
2026-03-02 07:42:26,252 - Knowledge - INFO - Worker kw1 processing /app/data/T0015/327504/b918650/lu5-327504/docs/v0.0.5/window/height/meta.json
2026-03-02 07:42:26,436 - Knowledge - INFO - process ingested knowledge for /app/data/T0015/327504/b918650/lu5-327504/docs/latest/vector/Vector.div/index.html
2026-03-02 07:42:26,655 - Knowledge - INFO - Fast-tracked /app/data/T0015/327504/b918650/lu5-327504/docs/v0.0.5/window/height/meta.json (ext=.json, size=365)
2026-03-02 07:42:26,671 - Knowledge - INFO - [LLM_CALL] Completed: index.html:chunk1, Duration: 345ms, PromptTokens: 5206, CompletionTokens: 59, Cost: $0.00054
2026-03-02 07:42:26,812 - Knowledge - INFO - process ingested knowledge for /app/data/T0015/327504/b918650/lu5-327504/docs/latest/vector/Vector.div/meta.json
2026-03-02 07:42:26,897 - Knowledge - INFO - Worker kw1 processing /app/data/T0015/327504/b918650/lu5-327504/docs/v0.0.5/window/deltaTime/index.html
2026-03-02 07:42:26,982 - Knowledge - INFO - done ingest for /app/data/T0015/327504/b918650/lu5-327504/docs/latest/vector/Vector.sub/index.html
2026-03-02 07:42:26,982 - Knowledge - INFO - [LLM_CALL] Completed: index.html:chunk1, Duration: 0ms, PromptTokens: 4876, CompletionTokens: 59, Cost: $0.00051
2026-03-02 07:42:27,092 - Knowledge - INFO - process ingested knowledge for /app/data/T0015/327504/b918650/lu5-327504/docs/latest/vector/Vector.copy/index.html
2026-03-02 07:42:27,203 - Knowledge - INFO - Worker kw1 processing /app/data/T0015/327504/b918650/lu5-327504/docs/v0.0.5/window/deltaTime/meta.json
2026-03-02 07:42:27,432 - Knowledge - INFO - done ingest for /app/data/T0015/327504/b918650/lu5-327504/docs/latest/mouse/mouseIsPressed/index.html
2026-03-02 07:42:27,433 - Knowledge - INFO - done ingest for /app/data/T0015/327504/b918650/lu5-327504/docs/latest/vector/Vector.dot/index.html
2026-03-02 07:42:27,458 - Knowledge - INFO - [WEBSOCKET] Sent: Type=progress_update, Size: 294, Duration: 0ms
2026-03-02 07:42:27,549 - Knowledge - INFO - process ingested knowledge for /app/data/T0015/327504/b918650/lu5-327504/docs/latest/vector/Vector.copy/meta.json
2026-03-02 07:42:27,645 - Knowledge - INFO - Fast-tracked /app/data/T0015/327504/b918650/lu5-327504/docs/v0.0.5/window/deltaTime/meta.json (ext=.json, size=520)
2026-03-02 07:42:27,804 - Knowledge - INFO - Async storage completed for 6 embeddings
2026-03-02 07:42:27,917 - Knowledge - INFO - [WEBSOCKET] Sent: Type=unknown, Size: ?, Duration: 460ms
2026-03-02 07:42:28,005 - Knowledge - INFO - process ingested knowledge for /app/data/T0015/327504/b918650/lu5-327504/docs/latest/vector/Vector.add/index.html
2026-03-02 07:42:28,081 - Knowledge - INFO - Worker kw1 processing /app/data/T0015/327504/b918650/lu5-327504/docs/v0.0.5/window/index.html
2026-03-02 07:42:28,273 - Knowledge - INFO - Progress: 77.7% | Files: 1130/1455 | Rate: 1.65 files/sec | Queue: 217
2026-03-02 07:42:28,463 - Knowledge - INFO - Worker kw1 processing /app/data/T0015/327504/b918650/lu5-327504/docs/v0.0.5/window/frameRate/index.html
2026-03-02 07:42:28,608 - Knowledge - INFO - [kw4] Queue=217, InProgress=0, PendingWorkers=20/20, Completed=1130/1455 (77.7%)
2026-03-02 07:42:28,791 - Knowledge - INFO - Batch sizing: calculated=6, max_allowed=10, queue=217, active_workers=20/20
2026-03-02 07:42:28,909 - Knowledge - INFO - [LLM_CALL] Completed: index.html:chunk1, Duration: 226ms, PromptTokens: 4958, CompletionTokens: 59, Cost: $0.00052
2026-03-02 07:42:29,127 - Knowledge - INFO - done ingest for /app/data/T0015/327504/b918650/lu5-327504/docs/latest/vector/Vector/index.html
2026-03-02 07:42:29,131 - Knowledge - INFO - Async storing batch of 6 embeddings
2026-03-02 07:42:29,218 - Knowledge - INFO - [kw19] Queue=211, InProgress=0, PendingWorkers=20/20, Completed=1130/1455 (77.7%)
2026-03-02 07:42:29,465 - Knowledge - INFO - Worker kw4 processing /app/data/T0015/327504/b918650/lu5-327504/docs/v0.0.5/window/frameRate/meta.json
2026-03-02 07:42:29,545 - Knowledge - INFO - done ingest for /app/data/T0015/327504/b918650/lu5-327504/docs/latest/mouse/index.html
2026-03-02 07:42:29,612 - Knowledge - INFO - Batch sizing: calculated=6, max_allowed=10, queue=211, active_workers=20/20
2026-03-02 07:42:29,668 - Knowledge - INFO - done ingest for /app/data/T0015/327504/b918650/lu5-327504/docs/latest/image/image/index.html
2026-03-02 07:42:29,764 - Knowledge - INFO - Fast-tracked /app/data/T0015/327504/b918650/lu5-327504/docs/v0.0.5/window/frameRate/meta.json (ext=.json, size=562)
2026-03-02 07:42:29,864 - Knowledge - INFO - done ingest for /app/data/T0015/327504/b918650/lu5-327504/docs/latest/shapes3D/plane/index.html
2026-03-02 07:42:30,123 - Knowledge - INFO - Async storing batch of 6 embeddings
2026-03-02 07:42:30,148 - Knowledge - INFO - done ingest for /app/data/T0015/327504/b918650/lu5-327504/docs/latest/vector/Vector.idiv/index.html
2026-03-02 07:42:30,338 - Knowledge - INFO - Worker kw4 processing /app/data/T0015/327504/b918650/lu5-327504/docs/v0.0.5/shapes/line/index.html
2026-03-02 07:42:30,521 - Knowledge - INFO - Processing batch of 6 files
2026-03-02 07:42:30,534 - Knowledge - INFO - done ingest for /app/data/T0015/327504/b918650/lu5-327504/docs/latest/keyboard/keyPressed/index.html
2026-03-02 07:42:30,582 - Knowledge - INFO - Worker kw19 processing /app/data/T0015/327504/b918650/lu5-327504/docs/v0.0.5/shapes/circle/meta.json
2026-03-02 07:42:30,789 - Knowledge - INFO - Worker kw4 processing /app/data/T0015/327504/b918650/lu5-327504/docs/v0.0.5/shapes/line/meta.json
2026-03-02 07:42:30,904 - Knowledge - INFO - process ingested knowledge for /app/data/T0015/327504/b918650/lu5-327504/docs/latest/vector/createVector/index.html
2026-03-02 07:42:31,134 - Knowledge - INFO - Fast-tracked /app/data/T0015/327504/b918650/lu5-327504/docs/v0.0.5/shapes/circle/meta.json (ext=.json, size=391)
2026-03-02 07:42:31,218 - Knowledge - INFO - Fast-tracked /app/data/T0015/327504/b918650/lu5-327504/docs/v0.0.5/shapes/line/meta.json (ext=.json, size=473)
2026-03-02 07:42:31,321 - Knowledge - INFO - process ingested knowledge for /app/data/T0015/327504/b918650/lu5-327504/docs/latest/vector/createVector/meta.json
2026-03-02 07:42:31,439 - Knowledge - INFO - Worker kw19 processing /app/data/T0015/327504/b918650/lu5-327504/docs/v0.0.5/shapes/point/index.html
2026-03-02 07:42:31,458 - Knowledge - INFO - [LLM_CALL] Completed: index.html:chunk1, Duration: 439ms, PromptTokens: 11056, CompletionTokens: 59, Cost: $0.00113
2026-03-02 07:42:31,526 - Knowledge - INFO - Worker kw4 processing /app/data/T0015/327504/b918650/lu5-327504/docs/v0.0.5/shapes/endShape/index.html
2026-03-02 07:42:31,629 - Knowledge - INFO - process ingested knowledge for /app/data/T0015/327504/b918650/lu5-327504/docs/latest/shapes3D/plane/index.html
2026-03-02 07:42:31,760 - Knowledge - INFO - Worker kw19 processing /app/data/T0015/327504/b918650/lu5-327504/docs/v0.0.5/shapes/point/meta.json
2026-03-02 07:42:31,888 - Knowledge - INFO - done ingest for /app/data/T0015/327504/b918650/lu5-327504/docs/latest/vector/index.html
2026-03-02 07:42:31,888 - Knowledge - INFO - done ingest for /app/data/T0015/327504/b918650/lu5-327504/docs/latest/mouse/mousePressed/index.html
2026-03-02 07:42:31,999 - Knowledge - INFO - Worker kw4 processing /app/data/T0015/327504/b918650/lu5-327504/docs/v0.0.5/shapes/endShape/meta.json
2026-03-02 07:42:32,001 - Knowledge - INFO - [LLM_CALL] Completed: index.html:chunk1, Duration: 85ms, PromptTokens: 5986, CompletionTokens: 59, Cost: $0.00062
2026-03-02 07:42:32,077 - Knowledge - INFO - process ingested knowledge for /app/data/T0015/327504/b918650/lu5-327504/docs/latest/shapes3D/plane/meta.json
2026-03-02 07:42:32,210 - Knowledge - INFO - Fast-tracked /app/data/T0015/327504/b918650/lu5-327504/docs/v0.0.5/shapes/point/meta.json (ext=.json, size=210)
2026-03-02 07:42:32,524 - Knowledge - INFO - Fast-tracked /app/data/T0015/327504/b918650/lu5-327504/docs/v0.0.5/shapes/endShape/meta.json (ext=.json, size=277)
2026-03-02 07:42:32,650 - Knowledge - INFO - done ingest for /app/data/T0015/327504/b918650/lu5-327504/docs/latest/image/index.html
2026-03-02 07:42:32,650 - Knowledge - INFO - Processing batch of 6 files
2026-03-02 07:42:32,650 - Knowledge - INFO - Processing batch of 6 files
2026-03-02 07:42:32,734 - Knowledge - INFO - process ingested knowledge for /app/data/T0015/327504/b918650/lu5-327504/docs/latest/shapes3D/box/index.html
2026-03-02 07:42:32,868 - Knowledge - INFO - Worker kw19 processing /app/data/T0015/327504/b918650/lu5-327504/docs/v0.0.5/shapes/beginShape/index.html
2026-03-02 07:42:32,961 - Knowledge - INFO - Worker kw4 processing /app/data/T0015/327504/b918650/lu5-327504/docs/v0.0.5/shapes/circle/index.html
2026-03-02 07:42:33,141 - Knowledge - INFO - process ingested knowledge for /app/data/T0015/327504/b918650/lu5-327504/docs/latest/vector/Vector.mult/meta.json
2026-03-02 07:42:33,227 - Knowledge - INFO - process ingested knowledge for /app/data/T0015/327504/b918650/lu5-327504/docs/latest/mouse/mouseX/index.html
2026-03-02 07:42:33,307 - Knowledge - INFO - process ingested knowledge for /app/data/T0015/327504/b918650/lu5-327504/docs/latest/shapes3D/box/meta.json
2026-03-02 07:42:33,393 - Knowledge - INFO - Worker kw19 processing /app/data/T0015/327504/b918650/lu5-327504/docs/v0.0.5/shapes/beginShape/meta.json
2026-03-02 07:42:33,594 - Knowledge - INFO - process ingested knowledge for /app/data/T0015/327504/b918650/lu5-327504/docs/latest/vector/Vector/index.html
2026-03-02 07:42:33,646 - Knowledge - INFO - [LLM_CALL] Completed: index.html:chunk1, Duration: 145ms, PromptTokens: 5204, CompletionTokens: 59, Cost: $0.00054
2026-03-02 07:42:33,688 - Knowledge - INFO - process ingested knowledge for /app/data/T0015/327504/b918650/lu5-327504/docs/latest/mouse/mouseX/meta.json
2026-03-02 07:42:33,901 - Knowledge - INFO - Fast-tracked /app/data/T0015/327504/b918650/lu5-327504/docs/v0.0.5/shapes/beginShape/meta.json (ext=.json, size=612)
2026-03-02 07:42:34,030 - Knowledge - INFO - process ingested knowledge for /app/data/T0015/327504/b918650/lu5-327504/docs/latest/vector/Vector/meta.json
2026-03-02 07:42:34,108 - Knowledge - INFO - done ingest for /app/data/T0015/327504/b918650/lu5-327504/docs/latest/vector/Vector.mult/index.html
2026-03-02 07:42:34,108 - Knowledge - INFO - done ingest for /app/data/T0015/327504/b918650/lu5-327504/docs/latest/keyboard/index.html
2026-03-02 07:42:34,197 - Knowledge - INFO - process ingested knowledge for /app/data/T0015/327504/b918650/lu5-327504/docs/latest/mouse/mouseIsPressed/index.html
2026-03-02 07:42:34,290 - Knowledge - INFO - Worker kw19 processing /app/data/T0015/327504/b918650/lu5-327504/docs/v0.0.5/shapes/triangle/index.html
2026-03-02 07:42:34,470 - Knowledge - INFO - process ingested knowledge for /app/data/T0015/327504/b918650/lu5-327504/docs/latest/vector/Vector.sub/index.html
2026-03-02 07:42:34,645 - Knowledge - INFO - done ingest for /app/data/T0015/327504/b918650/lu5-327504/docs/latest/vector/Vector.print/index.html
2026-03-02 07:42:34,744 - Knowledge - INFO - process ingested knowledge for /app/data/T0015/327504/b918650/lu5-327504/docs/latest/mouse/mouseIsPressed/meta.json
2026-03-02 07:42:34,926 - Knowledge - INFO - [kw17] Queue=205, InProgress=0, PendingWorkers=20/20, Completed=1148/1455 (78.9%)
2026-03-02 07:42:34,960 - Knowledge - INFO - process ingested knowledge for /app/data/T0015/327504/b918650/lu5-327504/docs/latest/vector/Vector.sub/meta.json
2026-03-02 07:42:35,074 - Knowledge - INFO - Processing batch of 6 files
2026-03-02 07:42:35,161 - Knowledge - INFO - process ingested knowledge for /app/data/T0015/327504/b918650/lu5-327504/docs/latest/mouse/index.html
2026-03-02 07:42:35,237 - Knowledge - INFO - Batch sizing: calculated=6, max_allowed=10, queue=205, active_workers=20/20
2026-03-02 07:42:35,340 - Knowledge - INFO - process ingested knowledge for /app/data/T0015/327504/b918650/lu5-327504/docs/latest/vector/index.html
2026-03-02 07:42:35,467 - Knowledge - INFO - process ingested knowledge for /app/data/T0015/327504/b918650/lu5-327504/docs/latest/vector/Vector.add/meta.json
2026-03-02 07:42:35,558 - Knowledge - INFO - process ingested knowledge for /app/data/T0015/327504/b918650/lu5-327504/docs/latest/mouse/mousePressed/index.html
2026-03-02 07:42:35,651 - Knowledge - INFO - Async storing batch of 6 embeddings
2026-03-02 07:42:35,831 - Knowledge - INFO - Async storage completed for 6 embeddings
2026-03-02 07:42:35,976 - Knowledge - INFO - process ingested knowledge for /app/data/T0015/327504/b918650/lu5-327504/docs/latest/vector/Vector.print/index.html
2026-03-02 07:42:36,043 - Knowledge - INFO - Worker kw17 processing /app/data/T0015/327504/b918650/lu5-327504/docs/v0.0.5/shapes/triangle/meta.json
2026-03-02 07:42:36,548 - Knowledge - INFO - Fast-tracked /app/data/T0015/327504/b918650/lu5-327504/docs/v0.0.5/shapes/triangle/meta.json (ext=.json, size=216)
2026-03-02 07:42:36,557 - Knowledge - INFO - [LLM_CALL] Completed: index.html:chunk1, Duration: 1696ms, PromptTokens: 4940, CompletionTokens: 59, Cost: $0.00052
2026-03-02 07:42:36,673 - Knowledge - INFO - process ingested knowledge for /app/data/T0015/327504/b918650/lu5-327504/docs/latest/vector/Vector.print/meta.json
2026-03-02 07:42:36,765 - Knowledge - INFO - Worker kw17 processing /app/data/T0015/327504/b918650/lu5-327504/docs/v0.0.5/shapes/arc/index.html
2026-03-02 07:42:36,861 - Knowledge - INFO - done ingest for /app/data/T0015/327504/b918650/lu5-327504/docs/latest/keyboard/keyReleased/index.html
2026-03-02 07:42:36,861 - Knowledge - INFO - done ingest for /app/data/T0015/327504/b918650/lu5-327504/docs/latest/image/loadImage/index.html
2026-03-02 07:42:37,062 - Knowledge - INFO - Worker kw17 processing /app/data/T0015/327504/b918650/lu5-327504/docs/v0.0.5/shapes/arc/meta.json
2026-03-02 07:42:37,138 - Knowledge - INFO - process ingested knowledge for /app/data/T0015/327504/b918650/lu5-327504/docs/latest/vector/Vector.idiv/index.html
2026-03-02 07:42:37,468 - Knowledge - INFO - Fast-tracked /app/data/T0015/327504/b918650/lu5-327504/docs/v0.0.5/shapes/arc/meta.json (ext=.json, size=207)
2026-03-02 07:42:37,543 - Knowledge - INFO - Processing batch of 6 files
2026-03-02 07:42:37,635 - Knowledge - INFO - Worker kw17 processing /app/data/T0015/327504/b918650/lu5-327504/docs/v0.0.5/shapes/ellipse/index.html
2026-03-02 07:42:37,718 - Knowledge - INFO - process ingested knowledge for /app/data/T0015/327504/b918650/lu5-327504/docs/latest/vector/Vector.idiv/meta.json
2026-03-02 07:42:37,793 - Knowledge - INFO - process ingested knowledge for /app/data/T0015/327504/b918650/lu5-327504/docs/latest/image/image/index.html
2026-03-02 07:42:37,903 - Knowledge - INFO - Worker kw17 processing /app/data/T0015/327504/b918650/lu5-327504/docs/v0.0.5/shapes/ellipse/meta.json
2026-03-02 07:42:37,907 - Knowledge - INFO - [WEBSOCKET] Sent: Type=progress_update, Size: 295, Duration: 0ms
2026-03-02 07:42:37,991 - Knowledge - INFO - process ingested knowledge for /app/data/T0015/327504/b918650/lu5-327504/docs/latest/vector/Vector.mult/index.html
2026-03-02 07:42:38,077 - Knowledge - INFO - process ingested knowledge for /app/data/T0015/327504/b918650/lu5-327504/docs/latest/image/image/meta.json
2026-03-02 07:42:38,243 - Knowledge - INFO - Fast-tracked /app/data/T0015/327504/b918650/lu5-327504/docs/v0.0.5/shapes/ellipse/meta.json (ext=.json, size=221)
2026-03-02 07:42:38,348 - Knowledge - INFO - [LLM_CALL] Completed: index.html:chunk1, Duration: 4ms, PromptTokens: 4058, CompletionTokens: 59, Cost: $0.00043
2026-03-02 07:42:38,640 - Knowledge - INFO - process ingested knowledge for /app/data/T0015/327504/b918650/lu5-327504/docs/latest/image/loadImage/index.html
2026-03-02 07:42:38,769 - Knowledge - INFO - Worker kw17 processing /app/data/T0015/327504/b918650/lu5-327504/docs/v0.0.5/shapes/vertex/index.html
2026-03-02 07:42:38,877 - Knowledge - INFO - done ingest for /app/data/T0015/327504/b918650/lu5-327504/docs/v0.0.1/io/index.html
2026-03-02 07:42:38,885 - Knowledge - INFO - [WEBSOCKET] Sent: Type=unknown, Size: ?, Duration: 978ms
2026-03-02 07:42:38,891 - Knowledge - INFO - [kw2] Queue=199, InProgress=0, PendingWorkers=20/20, Completed=1160/1455 (79.7%)
2026-03-02 07:42:39,023 - Knowledge - INFO - process ingested knowledge for /app/data/T0015/327504/b918650/lu5-327504/docs/latest/image/loadImage/meta.json
2026-03-02 07:42:39,275 - Knowledge - INFO - Progress: 79.7% | Files: 1160/1455 | Rate: 1.66 files/sec | Queue: 199
2026-03-02 07:42:39,279 - Knowledge - INFO - [LLM_CALL] Completed: index.html:chunk1, Duration: 1ms, PromptTokens: 5250, CompletionTokens: 59, Cost: $0.00055
2026-03-02 07:42:39,368 - Knowledge - INFO - Batch sizing: calculated=5, max_allowed=10, queue=199, active_workers=20/20
2026-03-02 07:42:39,529 - Knowledge - INFO - process ingested knowledge for /app/data/T0015/327504/b918650/lu5-327504/docs/latest/image/index.html
2026-03-02 07:42:39,583 - Knowledge - INFO - [kw6] Queue=199, InProgress=0, PendingWorkers=20/20, Completed=1160/1455 (79.7%)
2026-03-02 07:42:39,708 - Knowledge - INFO - done ingest for /app/data/T0015/327504/b918650/lu5-327504/docs/latest/keyboard/keyIsDown/index.html
2026-03-02 07:42:39,709 - Knowledge - INFO - [kw7] Queue=199, InProgress=0, PendingWorkers=20/20, Completed=1160/1455 (79.7%)
2026-03-02 07:42:39,798 - Knowledge - INFO - Async storing batch of 6 embeddings
2026-03-02 07:42:39,869 - Knowledge - INFO - process ingested knowledge for /app/data/T0015/327504/b918650/lu5-327504/docs/latest/vector/Vector.dot/index.html
2026-03-02 07:42:39,952 - Knowledge - INFO - Batch sizing: calculated=5, max_allowed=10, queue=199, active_workers=20/20
2026-03-02 07:42:40,054 - Knowledge - INFO - Processing batch of 6 files
2026-03-02 07:42:40,158 - Knowledge - INFO - Batch sizing: calculated=5, max_allowed=10, queue=199, active_workers=20/20
2026-03-02 07:42:40,233 - Knowledge - INFO - Worker kw2 processing /app/data/T0015/327504/b918650/lu5-327504/docs/v0.0.5/shapes/vertex/meta.json
2026-03-02 07:42:40,426 - Knowledge - INFO - Async storing batch of 6 embeddings
2026-03-02 07:42:40,493 - Knowledge - INFO - process ingested knowledge for /app/data/T0015/327504/b918650/lu5-327504/docs/latest/keyboard/keyReleased/index.html
2026-03-02 07:42:40,593 - Knowledge - INFO - Async storing batch of 6 embeddings
2026-03-02 07:42:40,705 - Knowledge - INFO - Fast-tracked /app/data/T0015/327504/b918650/lu5-327504/docs/v0.0.5/shapes/vertex/meta.json (ext=.json, size=373)
2026-03-02 07:42:40,797 - Knowledge - INFO - Worker kw6 processing /app/data/T0015/327504/b918650/lu5-327504/docs/v0.0.5/shapes/quad/index.html
2026-03-02 07:42:40,992 - Knowledge - INFO - Worker kw7 processing /app/data/T0015/327504/b918650/lu5-327504/docs/v0.0.5/math/min/index.html
2026-03-02 07:42:40,995 - Knowledge - INFO - process ingested knowledge for /app/data/T0015/327504/b918650/lu5-327504/docs/latest/keyboard/keyReleased/meta.json
2026-03-02 07:42:41,079 - Knowledge - INFO - Worker kw2 processing /app/data/T0015/327504/b918650/lu5-327504/docs/v0.0.5/shapes/rect/index.html
2026-03-02 07:42:41,163 - Knowledge - INFO - Worker kw6 processing /app/data/T0015/327504/b918650/lu5-327504/docs/v0.0.5/shapes/quad/meta.json
2026-03-02 07:42:41,183 - Knowledge - INFO - [kw16] Queue=184, InProgress=0, PendingWorkers=20/20, Completed=1166/1455 (80.1%)
2026-03-02 07:42:41,274 - Knowledge - INFO - Worker kw7 processing /app/data/T0015/327504/b918650/lu5-327504/docs/v0.0.5/math/min/meta.json
2026-03-02 07:42:41,391 - Knowledge - INFO - process ingested knowledge for /app/data/T0015/327504/b918650/lu5-327504/docs/latest/keyboard/keyIsDown/index.html
2026-03-02 07:42:41,512 - Knowledge - INFO - Worker kw2 processing /app/data/T0015/327504/b918650/lu5-327504/docs/v0.0.5/shapes/rect/meta.json
2026-03-02 07:42:41,644 - Knowledge - INFO - Fast-tracked /app/data/T0015/327504/b918650/lu5-327504/docs/v0.0.5/shapes/quad/meta.json (ext=.json, size=723)
2026-03-02 07:42:41,752 - Knowledge - INFO - Batch sizing: calculated=5, max_allowed=10, queue=184, active_workers=20/20
2026-03-02 07:42:41,836 - Knowledge - INFO - Fast-tracked /app/data/T0015/327504/b918650/lu5-327504/docs/v0.0.5/math/min/meta.json (ext=.json, size=530)
2026-03-02 07:42:41,998 - Knowledge - INFO - process ingested knowledge for /app/data/T0015/327504/b918650/lu5-327504/docs/latest/keyboard/keyIsDown/meta.json
2026-03-02 07:42:42,016 - Knowledge - INFO - [LLM_CALL] Completed: index.html:chunk1, Duration: 921ms, PromptTokens: 4420, CompletionTokens: 59, Cost: $0.00047
2026-03-02 07:42:42,108 - Knowledge - INFO - Fast-tracked /app/data/T0015/327504/b918650/lu5-327504/docs/v0.0.5/shapes/rect/meta.json (ext=.json, size=423)
2026-03-02 07:42:42,185 - Knowledge - INFO - Worker kw6 processing /app/data/T0015/327504/b918650/lu5-327504/docs/v0.0.5/shapes/index.html
2026-03-02 07:42:42,345 - Knowledge - INFO - Worker kw7 processing /app/data/T0015/327504/b918650/lu5-327504/docs/v0.0.5/math/QUARTER_PI/index.html
2026-03-02 07:42:42,466 - Knowledge - INFO - process ingested knowledge for /app/data/T0015/327504/b918650/lu5-327504/docs/latest/keyboard/index.html
2026-03-02 07:42:42,579 - Knowledge - INFO - done ingest for /app/data/T0015/327504/b918650/lu5-327504/docs/v0.0.1/window/background/index.html
2026-03-02 07:42:42,580 - Knowledge - INFO - Async storing batch of 6 embeddings
2026-03-02 07:42:42,663 - Knowledge - INFO - Worker kw2 processing /app/data/T0015/327504/b918650/lu5-327504/docs/v0.0.5/shapes/square/index.html
2026-03-02 07:42:42,804 - Knowledge - INFO - Worker kw6 processing /app/data/T0015/327504/b918650/lu5-327504/docs/v0.0.5/math/round/index.html
2026-03-02 07:42:42,873 - Knowledge - INFO - Worker kw7 processing /app/data/T0015/327504/b918650/lu5-327504/docs/v0.0.5/math/QUARTER_PI/meta.json
2026-03-02 07:42:43,003 - Knowledge - INFO - process ingested knowledge for /app/data/T0015/327504/b918650/lu5-327504/docs/latest/keyboard/keyPressed/index.html
2026-03-02 07:42:43,256 - Knowledge - INFO - Worker kw16 processing /app/data/T0015/327504/b918650/lu5-327504/docs/v0.0.5/math/TWO_PI/meta.json
2026-03-02 07:42:43,351 - Knowledge - INFO - Worker kw2 processing /app/data/T0015/327504/b918650/lu5-327504/docs/v0.0.5/shapes/square/meta.json
2026-03-02 07:42:43,402 - Knowledge - INFO - Async storage completed for 6 embeddings
2026-03-02 07:42:43,448 - Knowledge - INFO - Worker kw6 processing /app/data/T0015/327504/b918650/lu5-327504/docs/v0.0.5/math/round/meta.json
2026-03-02 07:42:43,554 - Knowledge - INFO - Fast-tracked /app/data/T0015/327504/b918650/lu5-327504/docs/v0.0.5/math/QUARTER_PI/meta.json (ext=.json, size=193)
2026-03-02 07:42:43,772 - Knowledge - INFO - Fast-tracked /app/data/T0015/327504/b918650/lu5-327504/docs/v0.0.5/math/TWO_PI/meta.json (ext=.json, size=189)
2026-03-02 07:42:43,851 - Knowledge - INFO - Fast-tracked /app/data/T0015/327504/b918650/lu5-327504/docs/v0.0.5/shapes/square/meta.json (ext=.json, size=387)
2026-03-02 07:42:44,111 - Knowledge - INFO - Fast-tracked /app/data/T0015/327504/b918650/lu5-327504/docs/v0.0.5/math/round/meta.json (ext=.json, size=328)
2026-03-02 07:42:44,196 - Knowledge - INFO - Worker kw7 processing /app/data/T0015/327504/b918650/lu5-327504/docs/v0.0.5/math/TWO_PI/index.html
2026-03-02 07:42:44,286 - Knowledge - INFO - Worker kw16 processing /app/data/T0015/327504/b918650/lu5-327504/docs/v0.0.5/math/randomSeed/index.html
2026-03-02 07:42:44,614 - Knowledge - INFO - [kw8] Queue=179, InProgress=0, PendingWorkers=20/20, Completed=1166/1455 (80.1%)
2026-03-02 07:42:44,681 - Knowledge - INFO - Worker kw16 processing /app/data/T0015/327504/b918650/lu5-327504/docs/v0.0.5/math/randomSeed/meta.json
2026-03-02 07:42:44,841 - Knowledge - INFO - Batch sizing: calculated=5, max_allowed=10, queue=179, active_workers=20/20
2026-03-02 07:42:44,914 - Knowledge - INFO - Async storage completed for 6 embeddings
2026-03-02 07:42:44,942 - Knowledge - INFO - Fast-tracked /app/data/T0015/327504/b918650/lu5-327504/docs/v0.0.5/math/randomSeed/meta.json (ext=.json, size=313)
2026-03-02 07:42:45,035 - Knowledge - INFO - Async storing batch of 6 embeddings
2026-03-02 07:42:45,226 - Knowledge - INFO - Worker kw16 processing /app/data/T0015/327504/b918650/lu5-327504/docs/v0.0.5/math/floor/index.html
2026-03-02 07:42:45,302 - Knowledge - INFO - Worker kw8 processing /app/data/T0015/327504/b918650/lu5-327504/docs/v0.0.5/math/sin/index.html
2026-03-02 07:42:45,458 - Knowledge - INFO - Worker kw16 processing /app/data/T0015/327504/b918650/lu5-327504/docs/v0.0.5/math/floor/meta.json
2026-03-02 07:42:45,543 - Knowledge - INFO - Worker kw8 processing /app/data/T0015/327504/b918650/lu5-327504/docs/v0.0.5/math/sin/meta.json
2026-03-02 07:42:45,660 - Knowledge - INFO - Fast-tracked /app/data/T0015/327504/b918650/lu5-327504/docs/v0.0.5/math/floor/meta.json (ext=.json, size=498)
2026-03-02 07:42:45,781 - Knowledge - INFO - Fast-tracked /app/data/T0015/327504/b918650/lu5-327504/docs/v0.0.5/math/sin/meta.json (ext=.json, size=319)
2026-03-02 07:42:45,906 - Knowledge - INFO - [LLM_CALL] Completed: index.html:chunk1, Duration: 1152ms, PromptTokens: 4404, CompletionTokens: 59, Cost: $0.00046
2026-03-02 07:42:46,006 - Knowledge - INFO - Worker kw8 processing /app/data/T0015/327504/b918650/lu5-327504/docs/v0.0.5/math/abs/index.html
2026-03-02 07:42:46,115 - Knowledge - INFO - done ingest for /app/data/T0015/327504/b918650/lu5-327504/docs/v0.0.1/events/isKeyDown/index.html
2026-03-02 07:42:46,294 - Knowledge - INFO - [LLM_CALL] Completed: index.html:chunk1, Duration: 179ms, PromptTokens: 4320, CompletionTokens: 59, Cost: $0.00046
2026-03-02 07:42:46,297 - Knowledge - INFO - Worker kw8 processing /app/data/T0015/327504/b918650/lu5-327504/docs/v0.0.5/math/abs/meta.json
2026-03-02 07:42:46,480 - Knowledge - INFO - done ingest for /app/data/T0015/327504/b918650/lu5-327504/docs/v0.0.1/io/print/index.html
2026-03-02 07:42:46,597 - Knowledge - INFO - Fast-tracked /app/data/T0015/327504/b918650/lu5-327504/docs/v0.0.5/math/abs/meta.json (ext=.json, size=440)
2026-03-02 07:42:46,714 - Knowledge - INFO - Processing batch of 6 files
2026-03-02 07:42:46,790 - Knowledge - INFO - Worker kw8 processing /app/data/T0015/327504/b918650/lu5-327504/docs/v0.0.5/math/max/index.html
2026-03-02 07:42:46,927 - Knowledge - INFO - process ingested knowledge for /app/data/T0015/327504/b918650/lu5-327504/docs/latest/typography/loadFont/meta.json
2026-03-02 07:42:47,108 - Knowledge - INFO - process ingested knowledge for /app/data/T0015/327504/b918650/lu5-327504/docs/v0.0.1/io/print/index.html
2026-03-02 07:42:47,353 - Knowledge - INFO - process ingested knowledge for /app/data/T0015/327504/b918650/lu5-327504/docs/v0.0.1/io/print/meta.json
2026-03-02 07:42:47,368 - Knowledge - INFO - [LLM_CALL] Completed: index.html:chunk1, Duration: 324ms, PromptTokens: 4176, CompletionTokens: 59, Cost: $0.00044
2026-03-02 07:42:47,400 - Knowledge - INFO - Async storage completed for 6 embeddings
2026-03-02 07:42:47,576 - Knowledge - INFO - process ingested knowledge for /app/data/T0015/327504/b918650/lu5-327504/docs/v0.0.1/io/index.html
2026-03-02 07:42:47,683 - Knowledge - INFO - done ingest for /app/data/T0015/327504/b918650/lu5-327504/docs/v0.0.1/shapes/arc/index.html
2026-03-02 07:42:47,902 - Knowledge - INFO - process ingested knowledge for /app/data/T0015/327504/b918650/lu5-327504/docs/v0.0.1/window/background/index.html
2026-03-02 07:42:48,012 - Knowledge - INFO - Async storage completed for 6 embeddings
2026-03-02 07:42:48,094 - Knowledge - INFO - process ingested knowledge for /app/data/T0015/327504/b918650/lu5-327504/docs/v0.0.1/window/background/meta.json
2026-03-02 07:42:48,333 - Knowledge - INFO - done ingest for /app/data/T0015/327504/b918650/lu5-327504/docs/v0.0.1/setting/index.html
2026-03-02 07:42:48,711 - Knowledge - INFO - Async storage completed for 6 embeddings
2026-03-02 07:42:49,193 - Knowledge - INFO - Async storage completed for 6 embeddings
2026-03-02 07:42:49,200 - Knowledge - INFO - [kw14] Queue=174, InProgress=0, PendingWorkers=20/20, Completed=1172/1455 (80.5%)
2026-03-02 07:42:49,515 - Knowledge - INFO - Batch sizing: calculated=5, max_allowed=10, queue=174, active_workers=20/20
2026-03-02 07:42:49,524 - Knowledge - INFO - Async storage completed for 6 embeddings
2026-03-02 07:42:49,699 - Knowledge - INFO - Async storing batch of 6 embeddings
2026-03-02 07:42:49,919 - Knowledge - INFO - Worker kw14 processing /app/data/T0015/327504/b918650/lu5-327504/docs/v0.0.5/math/max/meta.json
2026-03-02 07:42:50,111 - Knowledge - INFO - Fast-tracked /app/data/T0015/327504/b918650/lu5-327504/docs/v0.0.5/math/max/meta.json (ext=.json, size=529)
2026-03-02 07:42:50,317 - Knowledge - INFO - [LLM_CALL] Completed: index.html:chunk1, Duration: 1007ms, PromptTokens: 4080, CompletionTokens: 59, Cost: $0.00043
2026-03-02 07:42:50,350 - Knowledge - INFO - Worker kw14 processing /app/data/T0015/327504/b918650/lu5-327504/docs/v0.0.5/math/map/index.html
2026-03-02 07:42:50,526 - Knowledge - INFO - done ingest for /app/data/T0015/327504/b918650/lu5-327504/docs/v0.0.1/events/index.html
2026-03-02 07:42:50,528 - Knowledge - INFO - done ingest for /app/data/T0015/327504/b918650/lu5-327504/docs/v0.0.1/setting/fill/index.html
2026-03-02 07:42:50,703 - Knowledge - INFO - Worker kw14 processing /app/data/T0015/327504/b918650/lu5-327504/docs/v0.0.5/math/map/meta.json
2026-03-02 07:42:50,727 - Knowledge - INFO - done ingest for /app/data/T0015/327504/b918650/lu5-327504/docs/v0.0.1/window/createWindow/index.html
2026-03-02 07:42:50,935 - Knowledge - INFO - Processing batch of 6 files
2026-03-02 07:42:51,031 - Knowledge - INFO - Fast-tracked /app/data/T0015/327504/b918650/lu5-327504/docs/v0.0.5/math/map/meta.json (ext=.json, size=576)
2026-03-02 07:42:51,267 - Knowledge - INFO - process ingested knowledge for /app/data/T0015/327504/b918650/lu5-327504/docs/v0.0.1/setting/index.html
2026-03-02 07:42:51,358 - Knowledge - INFO - Worker kw14 processing /app/data/T0015/327504/b918650/lu5-327504/docs/v0.0.5/math/constrain/index.html
2026-03-02 07:42:51,450 - Knowledge - INFO - process ingested knowledge for /app/data/T0015/327504/b918650/lu5-327504/docs/v0.0.1/setting/fill/index.html
2026-03-02 07:42:51,549 - Knowledge - INFO - Worker kw14 processing /app/data/T0015/327504/b918650/lu5-327504/docs/v0.0.5/math/constrain/meta.json
2026-03-02 07:42:51,669 - Knowledge - INFO - process ingested knowledge for /app/data/T0015/327504/b918650/lu5-327504/docs/v0.0.1/setting/fill/meta.json
2026-03-02 07:42:51,681 - Knowledge - INFO - done ingest for /app/data/T0015/327504/b918650/lu5-327504/docs/v0.0.1/shapes/point/index.html
2026-03-02 07:42:51,845 - Knowledge - INFO - Fast-tracked /app/data/T0015/327504/b918650/lu5-327504/docs/v0.0.5/math/constrain/meta.json (ext=.json, size=438)
2026-03-02 07:42:51,847 - Knowledge - INFO - done ingest for /app/data/T0015/327504/b918650/lu5-327504/docs/v0.0.1/shapes/text/index.html
2026-03-02 07:42:51,940 - Knowledge - INFO - process ingested knowledge for /app/data/T0015/327504/b918650/lu5-327504/docs/v0.0.1/modules.json
2026-03-02 07:42:52,128 - Knowledge - INFO - done ingest for /app/data/T0015/327504/b918650/lu5-327504/docs/latest/typography/text/index.html
2026-03-02 07:42:52,440 - Knowledge - INFO - process ingested knowledge for /app/data/T0015/327504/b918650/lu5-327504/docs/v0.0.1/events/isKeyDown/index.html
2026-03-02 07:42:52,684 - Knowledge - INFO - process ingested knowledge for /app/data/T0015/327504/b918650/lu5-327504/docs/v0.0.1/events/isKeyDown/meta.json
2026-03-02 07:42:52,692 - Knowledge - INFO - [LLM_CALL] Completed: index.html:chunk1, Duration: 191ms, PromptTokens: 4220, CompletionTokens: 59, Cost: $0.00045
2026-03-02 07:42:53,084 - Knowledge - INFO - done ingest for /app/data/T0015/327504/b918650/lu5-327504/docs/v0.0.1/index.html
2026-03-02 07:42:53,087 - Knowledge - INFO - done ingest for /app/data/T0015/327504/b918650/lu5-327504/docs/latest/typography/textSize/index.html
2026-03-02 07:42:53,323 - Knowledge - INFO - Processing batch of 6 files
2026-03-02 07:42:53,488 - Knowledge - INFO - process ingested knowledge for /app/data/T0015/327504/b918650/lu5-327504/docs/v0.0.1/events/index.html
2026-03-02 07:42:53,795 - Knowledge - INFO - done ingest for /app/data/T0015/327504/b918650/lu5-327504/docs/v0.0.1/shapes/triangle/index.html
2026-03-02 07:42:53,850 - Knowledge - INFO - process ingested knowledge for /app/data/T0015/327504/b918650/lu5-327504/docs/v0.0.1/index.html
2026-03-02 07:42:54,034 - Knowledge - INFO - Processing batch of 6 files
2026-03-02 07:42:54,113 - Knowledge - INFO - [WEBSOCKET] Sent: Type=progress_update, Size: 293, Duration: 0ms
2026-03-02 07:42:54,148 - Knowledge - INFO - process ingested knowledge for /app/data/T0015/327504/b918650/lu5-327504/docs/assets/menu.js
2026-03-02 07:42:54,233 - Knowledge - INFO - process ingested knowledge for /app/data/T0015/327504/b918650/lu5-327504/docs/v0.0.1/shapes/circle/meta.json
2026-03-02 07:42:54,339 - Knowledge - INFO - [WEBSOCKET] Sent: Type=unknown, Size: ?, Duration: 226ms
2026-03-02 07:42:54,431 - Knowledge - INFO - process ingested knowledge for /app/data/T0015/327504/b918650/lu5-327504/docs/assets/common.css
2026-03-02 07:42:54,525 - Knowledge - INFO - process ingested knowledge for /app/data/T0015/327504/b918650/lu5-327504/docs/v0.0.1/shapes/point/index.html
2026-03-02 07:42:54,603 - Knowledge - INFO - Progress: 81.8% | Files: 1190/1455 | Rate: 1.67 files/sec | Queue: 169
2026-03-02 07:42:54,727 - Knowledge - INFO - process ingested knowledge for /app/data/T0015/327504/b918650/lu5-327504/docs/assets/docs.css
2026-03-02 07:42:54,753 - Knowledge - INFO - done ingest for /app/data/T0015/327504/b918650/lu5-327504/docs/v0.0.1/shapes/line/index.html
2026-03-02 07:42:54,837 - Knowledge - INFO - process ingested knowledge for /app/data/T0015/327504/b918650/lu5-327504/docs/v0.0.1/shapes/point/meta.json
2026-03-02 07:42:54,924 - Knowledge - INFO - [kw11] Queue=169, InProgress=0, PendingWorkers=20/20, Completed=1190/1455 (81.8%)
2026-03-02 07:42:55,061 - Knowledge - INFO - process ingested knowledge for /app/data/T0015/327504/b918650/lu5-327504/docs/assets/lu5-wasm.min.js
2026-03-02 07:42:55,276 - Knowledge - INFO - process ingested knowledge for /app/data/T0015/327504/b918650/lu5-327504/docs/v0.0.1/shapes/triangle/index.html
2026-03-02 07:42:55,362 - Knowledge - INFO - [LLM_CALL] Completed: index.html:chunk1, Duration: 213ms, PromptTokens: 5098, CompletionTokens: 59, Cost: $0.00053
2026-03-02 07:42:55,388 - Knowledge - INFO - Batch sizing: calculated=5, max_allowed=10, queue=169, active_workers=20/20
2026-03-02 07:42:55,587 - Knowledge - INFO - process ingested knowledge for /app/data/T0015/327504/b918650/lu5-327504/docs/v0.0.1/shapes/triangle/meta.json
2026-03-02 07:42:55,709 - Knowledge - INFO - done ingest for /app/data/T0015/327504/b918650/lu5-327504/docs/latest/shapes3D/sphere/index.html
2026-03-02 07:42:55,864 - Knowledge - INFO - Async storing batch of 6 embeddings
2026-03-02 07:42:56,265 - Knowledge - INFO - process ingested knowledge for /app/data/T0015/327504/b918650/lu5-327504/docs/v0.0.1/shapes/arc/index.html
2026-03-02 07:42:56,296 - Knowledge - INFO - done ingest for /app/data/T0015/327504/b918650/lu5-327504/docs/v0.0.1/shapes/quad/index.html
2026-03-02 07:42:56,361 - Knowledge - INFO - Async storage completed for 6 embeddings
2026-03-02 07:42:56,466 - Knowledge - INFO - Worker kw11 processing /app/data/T0015/327504/b918650/lu5-327504/docs/v0.0.5/math/random/index.html
2026-03-02 07:42:56,897 - Knowledge - INFO - Worker kw11 processing /app/data/T0015/327504/b918650/lu5-327504/docs/v0.0.5/math/random/meta.json
2026-03-02 07:42:56,913 - Knowledge - INFO - [kw12] Queue=164, InProgress=0, PendingWorkers=20/20, Completed=1190/1455 (81.8%)
2026-03-02 07:42:57,097 - Knowledge - INFO - Fast-tracked /app/data/T0015/327504/b918650/lu5-327504/docs/v0.0.5/math/random/meta.json (ext=.json, size=602)
2026-03-02 07:42:57,185 - Knowledge - INFO - Batch sizing: calculated=5, max_allowed=10, queue=164, active_workers=20/20
2026-03-02 07:42:57,272 - Knowledge - INFO - Worker kw11 processing /app/data/T0015/327504/b918650/lu5-327504/docs/v0.0.5/math/PI/index.html
2026-03-02 07:42:57,390 - Knowledge - INFO - done ingest for /app/data/T0015/327504/b918650/lu5-327504/docs/v0.0.1/shapes/circle/index.html
2026-03-02 07:42:57,432 - Knowledge - INFO - Async storing batch of 6 embeddings
2026-03-02 07:42:57,529 - Knowledge - INFO - Worker kw11 processing /app/data/T0015/327504/b918650/lu5-327504/docs/v0.0.5/math/PI/meta.json
2026-03-02 07:42:57,590 - Knowledge - INFO - [kw20] Queue=159, InProgress=0, PendingWorkers=20/20, Completed=1190/1455 (81.8%)
2026-03-02 07:42:57,706 - Knowledge - INFO - Worker kw12 processing /app/data/T0015/327504/b918650/lu5-327504/docs/v0.0.5/math/cos/meta.json
2026-03-02 07:42:57,794 - Knowledge - INFO - Fast-tracked /app/data/T0015/327504/b918650/lu5-327504/docs/v0.0.5/math/PI/meta.json (ext=.json, size=185)
2026-03-02 07:42:57,904 - Knowledge - INFO - Batch sizing: calculated=5, max_allowed=10, queue=159, active_workers=20/20
2026-03-02 07:42:58,031 - Knowledge - INFO - Fast-tracked /app/data/T0015/327504/b918650/lu5-327504/docs/v0.0.5/math/cos/meta.json (ext=.json, size=321)
2026-03-02 07:42:58,114 - Knowledge - INFO - Worker kw11 processing /app/data/T0015/327504/b918650/lu5-327504/docs/v0.0.5/math/cos/index.html
2026-03-02 07:42:58,233 - Knowledge - INFO - Async storing batch of 6 embeddings
2026-03-02 07:42:58,402 - Knowledge - INFO - Worker kw12 processing /app/data/T0015/327504/b918650/lu5-327504/docs/v0.0.5/math/ceil/index.html
2026-03-02 07:42:58,405 - Knowledge - INFO - done ingest for /app/data/T0015/327504/b918650/lu5-327504/docs/v0.0.1/shapes/index.html
2026-03-02 07:42:58,595 - Knowledge - INFO - Worker kw20 processing /app/data/T0015/327504/b918650/lu5-327504/docs/v0.0.5/math/tan/index.html
2026-03-02 07:42:58,689 - Knowledge - INFO - Worker kw12 processing /app/data/T0015/327504/b918650/lu5-327504/docs/v0.0.5/math/ceil/meta.json
2026-03-02 07:42:58,801 - Knowledge - INFO - Processing batch of 6 files
2026-03-02 07:42:58,882 - Knowledge - INFO - Worker kw20 processing /app/data/T0015/327504/b918650/lu5-327504/docs/v0.0.5/math/tan/meta.json
2026-03-02 07:42:58,961 - Knowledge - INFO - Fast-tracked /app/data/T0015/327504/b918650/lu5-327504/docs/v0.0.5/math/ceil/meta.json (ext=.json, size=475)
2026-03-02 07:42:59,057 - Knowledge - INFO - process ingested knowledge for /app/data/T0015/327504/b918650/lu5-327504/docs/v0.0.1/shapes/square/meta.json
2026-03-02 07:42:59,166 - Knowledge - INFO - Fast-tracked /app/data/T0015/327504/b918650/lu5-327504/docs/v0.0.5/math/tan/meta.json (ext=.json, size=322)
2026-03-02 07:42:59,260 - Knowledge - INFO - Worker kw12 processing /app/data/T0015/327504/b918650/lu5-327504/docs/v0.0.5/math/HALF_PI/index.html
2026-03-02 07:42:59,351 - Knowledge - INFO - process ingested knowledge for /app/data/T0015/327504/b918650/lu5-327504/docs/v0.0.1/shapes/text/index.html
2026-03-02 07:42:59,456 - Knowledge - INFO - Worker kw20 processing /app/data/T0015/327504/b918650/lu5-327504/docs/v0.0.5/math/index.html
2026-03-02 07:42:59,460 - Knowledge - INFO - [LLM_CALL] Completed: index.html:chunk1, Duration: 949ms, PromptTokens: 4596, CompletionTokens: 59, Cost: $0.00048
2026-03-02 07:42:59,545 - Knowledge - INFO - Worker kw12 processing /app/data/T0015/327504/b918650/lu5-327504/docs/v0.0.5/math/HALF_PI/meta.json
2026-03-02 07:42:59,622 - Knowledge - INFO - process ingested knowledge for /app/data/T0015/327504/b918650/lu5-327504/docs/v0.0.1/shapes/text/meta.json
2026-03-02 07:42:59,704 - Knowledge - INFO - Worker kw20 processing /app/data/T0015/327504/b918650/lu5-327504/docs/v0.0.5/classes/class/index.html
2026-03-02 07:42:59,873 - Knowledge - INFO - done ingest for /app/data/T0015/327504/b918650/lu5-327504/docs/v0.0.1/window/index.html
2026-03-02 07:42:59,929 - Knowledge - INFO - done ingest for /app/data/T0015/327504/b918650/lu5-327504/docs/latest/typography/textFont/index.html
2026-03-02 07:42:59,985 - Knowledge - INFO - Fast-tracked /app/data/T0015/327504/b918650/lu5-327504/docs/v0.0.5/math/HALF_PI/meta.json (ext=.json, size=190)
2026-03-02 07:43:00,073 - Knowledge - INFO - process ingested knowledge for /app/data/T0015/327504/b918650/lu5-327504/docs/v0.0.1/shapes/quad/index.html
2026-03-02 07:43:00,156 - Knowledge - INFO - Worker kw20 processing /app/data/T0015/327504/b918650/lu5-327504/docs/v0.0.5/classes/class/meta.json
2026-03-02 07:43:00,246 - Knowledge - INFO - Processing batch of 6 files
2026-03-02 07:43:00,531 - Knowledge - INFO - process ingested knowledge for /app/data/T0015/327504/b918650/lu5-327504/docs/v0.0.1/shapes/quad/meta.json
2026-03-02 07:43:00,643 - Knowledge - INFO - Fast-tracked /app/data/T0015/327504/b918650/lu5-327504/docs/v0.0.5/classes/class/meta.json (ext=.json, size=680)
2026-03-02 07:43:00,648 - Knowledge - INFO - [LLM_CALL] Completed: index.html:chunk1, Duration: 220ms, PromptTokens: 4402, CompletionTokens: 59, Cost: $0.00046
2026-03-02 07:43:00,756 - Knowledge - INFO - process ingested knowledge for /app/data/T0015/327504/b918650/lu5-327504/docs/v0.0.1/window/createWindow/index.html
2026-03-02 07:43:00,839 - Knowledge - INFO - process ingested knowledge for /app/data/T0015/327504/b918650/lu5-327504/docs/v0.0.1/shapes/index.html
2026-03-02 07:43:01,010 - Knowledge - INFO - done ingest for /app/data/T0015/327504/b918650/lu5-327504/docs/v0.0.1/shapes/square/index.html
2026-03-02 07:43:01,162 - Knowledge - INFO - process ingested knowledge for /app/data/T0015/327504/b918650/lu5-327504/docs/v0.0.1/window/createWindow/meta.json
2026-03-02 07:43:01,395 - Knowledge - INFO - [LLM_CALL] Completed: index.html:chunk1, Duration: 303ms, PromptTokens: 6004, CompletionTokens: 59, Cost: $0.00062
2026-03-02 07:43:01,591 - Knowledge - INFO - process ingested knowledge for /app/data/T0015/327504/b918650/lu5-327504/docs/v0.0.1/window/index.html
2026-03-02 07:43:01,664 - Knowledge - INFO - done ingest for /app/data/T0015/327504/b918650/lu5-327504/docs/latest/shapes3D/index.html
2026-03-02 07:43:01,926 - Knowledge - INFO - process ingested knowledge for /app/data/T0015/327504/b918650/lu5-327504/docs/v0.0.1/shapes/line/index.html
2026-03-02 07:43:02,171 - Knowledge - INFO - process ingested knowledge for /app/data/T0015/327504/b918650/lu5-327504/docs/v0.0.1/shapes/line/meta.json
2026-03-02 07:43:02,253 - Knowledge - INFO - [LLM_CALL] Completed: index.html:chunk1, Duration: 588ms, PromptTokens: 6288, CompletionTokens: 59, Cost: $0.00065
2026-03-02 07:43:02,346 - Knowledge - INFO - process ingested knowledge for /app/data/T0015/327504/b918650/lu5-327504/docs/v0.0.1/shapes/circle/index.html
2026-03-02 07:43:02,452 - Knowledge - INFO - done ingest for /app/data/T0015/327504/b918650/lu5-327504/docs/latest/typography/index.html
2026-03-02 07:43:02,453 - Knowledge - INFO - [kw3] Queue=154, InProgress=0, PendingWorkers=20/20, Completed=1202/1455 (82.6%)
2026-03-02 07:43:02,770 - Knowledge - INFO - Batch sizing: calculated=5, max_allowed=10, queue=154, active_workers=20/20
2026-03-02 07:43:02,966 - Knowledge - INFO - Async storing batch of 6 embeddings
2026-03-02 07:43:03,134 - Knowledge - INFO - Async storage completed for 6 embeddings
2026-03-02 07:43:03,173 - Knowledge - INFO - Worker kw3 processing /app/data/T0015/327504/b918650/lu5-327504/docs/v0.0.5/classes/index.html
2026-03-02 07:43:03,436 - Knowledge - INFO - [LLM_CALL] Completed: index.html:chunk1, Duration: 406ms, PromptTokens: 4458, CompletionTokens: 59, Cost: $0.00047
2026-03-02 07:43:03,485 - Knowledge - INFO - Worker kw3 processing /app/data/T0015/327504/b918650/lu5-327504/docs/v0.0.5/setting/strokeWeight/index.html
2026-03-02 07:43:03,661 - Knowledge - INFO - done ingest for /app/data/T0015/327504/b918650/lu5-327504/docs/v0.0.1/shapes/rect/index.html
2026-03-02 07:43:03,662 - Knowledge - INFO - [kw18] Queue=149, InProgress=0, PendingWorkers=20/20, Completed=1202/1455 (82.6%)
2026-03-02 07:43:03,855 - Knowledge - INFO - done ingest for /app/data/T0015/327504/b918650/lu5-327504/docs/latest/index.html
2026-03-02 07:43:03,868 - Knowledge - INFO - Worker kw3 processing /app/data/T0015/327504/b918650/lu5-327504/docs/v0.0.5/setting/strokeWeight/meta.json
2026-03-02 07:43:04,053 - Knowledge - INFO - Batch sizing: calculated=5, max_allowed=10, queue=149, active_workers=20/20
2026-03-02 07:43:04,149 - Knowledge - INFO - Processing batch of 6 files
2026-03-02 07:43:04,216 - Knowledge - INFO - Fast-tracked /app/data/T0015/327504/b918650/lu5-327504/docs/v0.0.5/setting/strokeWeight/meta.json (ext=.json, size=323)
2026-03-02 07:43:04,338 - Knowledge - INFO - Async storing batch of 6 embeddings
2026-03-02 07:43:04,421 - Knowledge - INFO - process ingested knowledge for /app/data/T0015/327504/b918650/lu5-327504/docs/latest/shapes3D/index.html
2026-03-02 07:43:04,545 - Knowledge - INFO - Worker kw3 processing /app/data/T0015/327504/b918650/lu5-327504/docs/v0.0.5/setting/push/index.html
2026-03-02 07:43:04,563 - Knowledge - INFO - [LLM_CALL] Completed: index.html:chunk1, Duration: 394ms, PromptTokens: 5050, CompletionTokens: 59, Cost: $0.00053
2026-03-02 07:43:04,643 - Knowledge - INFO - Worker kw18 processing /app/data/T0015/327504/b918650/lu5-327504/docs/v0.0.5/setting/background/index.html
2026-03-02 07:43:04,733 - Knowledge - INFO - process ingested knowledge for /app/data/T0015/327504/b918650/lu5-327504/docs/latest/shapes3D/sphere/index.html
2026-03-02 07:43:04,817 - Knowledge - INFO - Worker kw3 processing /app/data/T0015/327504/b918650/lu5-327504/docs/v0.0.5/setting/push/meta.json
2026-03-02 07:43:04,893 - Knowledge - INFO - done ingest for /app/data/T0015/327504/b918650/lu5-327504/docs/latest/typography/loadFont/index.html
2026-03-02 07:43:04,975 - Knowledge - INFO - Worker kw18 processing /app/data/T0015/327504/b918650/lu5-327504/docs/v0.0.5/setting/background/meta.json
2026-03-02 07:43:05,060 - Knowledge - INFO - process ingested knowledge for /app/data/T0015/327504/b918650/lu5-327504/docs/latest/shapes3D/sphere/meta.json
2026-03-02 07:43:05,152 - Knowledge - INFO - Fast-tracked /app/data/T0015/327504/b918650/lu5-327504/docs/v0.0.5/setting/push/meta.json (ext=.json, size=207)
2026-03-02 07:43:05,240 - Knowledge - INFO - Processing batch of 6 files
2026-03-02 07:43:05,383 - Knowledge - INFO - Fast-tracked /app/data/T0015/327504/b918650/lu5-327504/docs/v0.0.5/setting/background/meta.json (ext=.json, size=392)
2026-03-02 07:43:05,469 - Knowledge - INFO - process ingested knowledge for /app/data/T0015/327504/b918650/lu5-327504/docs/latest/index.html
2026-03-02 07:43:05,660 - Knowledge - INFO - [LLM_CALL] Completed: index.html:chunk1, Duration: 285ms, PromptTokens: 4560, CompletionTokens: 59, Cost: $0.00048
2026-03-02 07:43:05,726 - Knowledge - INFO - process ingested knowledge for /app/data/T0015/327504/b918650/lu5-327504/docs/latest/typography/textFont/index.html
2026-03-02 07:43:05,808 - Knowledge - INFO - Worker kw18 processing /app/data/T0015/327504/b918650/lu5-327504/docs/v0.0.5/setting/stroke/index.html
2026-03-02 07:43:05,893 - Knowledge - INFO - process ingested knowledge for /app/data/T0015/327504/b918650/lu5-327504/docs/latest/typography/textSize/index.html
2026-03-02 07:43:05,969 - Knowledge - INFO - done ingest for /app/data/T0015/327504/b918650/lu5-327504/docs/v0.0.5/io/print/index.html
2026-03-02 07:43:05,972 - Knowledge - INFO - [LLM_CALL] Completed: index.html:chunk1, Duration: 2ms, PromptTokens: 4186, CompletionTokens: 59, Cost: $0.00044
2026-03-02 07:43:06,077 - Knowledge - INFO - process ingested knowledge for /app/data/T0015/327504/b918650/lu5-327504/docs/latest/typography/textFont/meta.json
2026-03-02 07:43:06,174 - Knowledge - INFO - Worker kw18 processing /app/data/T0015/327504/b918650/lu5-327504/docs/v0.0.5/setting/stroke/meta.json
2026-03-02 07:43:06,272 - Knowledge - INFO - process ingested knowledge for /app/data/T0015/327504/b918650/lu5-327504/docs/latest/typography/textSize/meta.json
2026-03-02 07:43:06,448 - Knowledge - INFO - done ingest for /app/data/T0015/327504/b918650/lu5-327504/docs/v0.0.1/shapes/ellipse/index.html
2026-03-02 07:43:06,530 - Knowledge - INFO - process ingested knowledge for /app/data/T0015/327504/b918650/lu5-327504/docs/latest/typography/text/index.html
2026-03-02 07:43:06,629 - Knowledge - INFO - Fast-tracked /app/data/T0015/327504/b918650/lu5-327504/docs/v0.0.5/setting/stroke/meta.json (ext=.json, size=485)
2026-03-02 07:43:06,671 - Knowledge - INFO - Async storage completed for 6 embeddings
2026-03-02 07:43:06,824 - Knowledge - INFO - Processing batch of 6 files
2026-03-02 07:43:06,956 - Knowledge - INFO - process ingested knowledge for /app/data/T0015/327504/b918650/lu5-327504/docs/latest/typography/text/meta.json
2026-03-02 07:43:07,009 - Knowledge - INFO - Worker kw18 processing /app/data/T0015/327504/b918650/lu5-327504/docs/v0.0.5/setting/noFill/index.html
2026-03-02 07:43:07,214 - Knowledge - INFO - process ingested knowledge for /app/data/T0015/327504/b918650/lu5-327504/docs/v0.0.1/shapes/arc/meta.json
2026-03-02 07:43:07,370 - Knowledge - INFO - process ingested knowledge for /app/data/T0015/327504/b918650/lu5-327504/docs/latest/typography/index.html
2026-03-02 07:43:07,522 - Knowledge - INFO - process ingested knowledge for /app/data/T0015/327504/b918650/lu5-327504/docs/v0.0.1/shapes/ellipse/index.html
2026-03-02 07:43:07,558 - Knowledge - INFO - [WEBSOCKET] Sent: Type=progress_update, Size: 296, Duration: 0ms
2026-03-02 07:43:07,603 - Knowledge - INFO - process ingested knowledge for /app/data/T0015/327504/b918650/lu5-327504/docs/latest/typography/loadFont/index.html
2026-03-02 07:43:07,742 - Knowledge - INFO - process ingested knowledge for /app/data/T0015/327504/b918650/lu5-327504/docs/v0.0.1/shapes/ellipse/meta.json
2026-03-02 07:43:07,928 - Knowledge - INFO - [LLM_CALL] Completed: index.html:chunk1, Duration: 476ms, PromptTokens: 4316, CompletionTokens: 59, Cost: $0.00046
2026-03-02 07:43:08,102 - Knowledge - INFO - process ingested knowledge for /app/data/T0015/327504/b918650/lu5-327504/docs/v0.0.1/shapes/rect/index.html
2026-03-02 07:43:08,222 - Knowledge - INFO - done ingest for /app/data/T0015/327504/b918650/lu5-327504/docs/v0.0.5/io/index.html
2026-03-02 07:43:08,223 - Knowledge - INFO - [WEBSOCKET] Sent: Type=unknown, Size: ?, Duration: 666ms
2026-03-02 07:43:08,350 - Knowledge - INFO - process ingested knowledge for /app/data/T0015/327504/b918650/lu5-327504/docs/v0.0.1/shapes/rect/meta.json
2026-03-02 07:43:08,520 - Knowledge - INFO - Progress: 83.8% | Files: 1220/1455 | Rate: 1.68 files/sec | Queue: 144
2026-03-02 07:43:08,694 - Knowledge - INFO - process ingested knowledge for /app/data/T0015/327504/b918650/lu5-327504/docs/v0.0.1/shapes/square/index.html
2026-03-02 07:43:08,742 - Knowledge - INFO - [kw5] Queue=144, InProgress=0, PendingWorkers=20/20, Completed=1220/1455 (83.8%)
2026-03-02 07:43:08,977 - Knowledge - INFO - [kw13] Queue=144, InProgress=0, PendingWorkers=20/20, Completed=1220/1455 (83.8%)
2026-03-02 07:43:09,000 - Knowledge - INFO - Batch sizing: calculated=5, max_allowed=10, queue=144, active_workers=20/20
2026-03-02 07:43:09,156 - Knowledge - INFO - Batch sizing: calculated=5, max_allowed=10, queue=144, active_workers=20/20
2026-03-02 07:43:09,284 - Knowledge - INFO - Async storing batch of 6 embeddings
2026-03-02 07:43:09,398 - Knowledge - INFO - Async storing batch of 6 embeddings
2026-03-02 07:43:09,498 - Knowledge - INFO - Worker kw5 processing /app/data/T0015/327504/b918650/lu5-327504/docs/v0.0.5/setting/noFill/meta.json
2026-03-02 07:43:09,597 - Knowledge - INFO - Worker kw13 processing /app/data/T0015/327504/b918650/lu5-327504/docs/v0.0.5/setting/fill/meta.json
2026-03-02 07:43:09,708 - Knowledge - INFO - Fast-tracked /app/data/T0015/327504/b918650/lu5-327504/docs/v0.0.5/setting/noFill/meta.json (ext=.json, size=198)
2026-03-02 07:43:09,794 - Knowledge - INFO - Fast-tracked /app/data/T0015/327504/b918650/lu5-327504/docs/v0.0.5/setting/fill/meta.json (ext=.json, size=508)
2026-03-02 07:43:09,799 - Knowledge - INFO - [kw9] Queue=134, InProgress=0, PendingWorkers=20/20, Completed=1220/1455 (83.8%)
2026-03-02 07:43:09,910 - Knowledge - INFO - Worker kw5 processing /app/data/T0015/327504/b918650/lu5-327504/docs/v0.0.5/setting/noStroke/index.html
2026-03-02 07:43:10,008 - Knowledge - INFO - Worker kw13 processing /app/data/T0015/327504/b918650/lu5-327504/docs/v0.0.5/setting/pop/index.html
2026-03-02 07:43:10,085 - Knowledge - INFO - Batch sizing: calculated=5, max_allowed=10, queue=134, active_workers=20/20
2026-03-02 07:43:10,236 - Knowledge - INFO - Worker kw5 processing /app/data/T0015/327504/b918650/lu5-327504/docs/v0.0.5/setting/noStroke/meta.json
2026-03-02 07:43:10,341 - Knowledge - INFO - [LLM_CALL] Completed: index.html:chunk1, Duration: 1037ms, PromptTokens: 7852, CompletionTokens: 59, Cost: $0.00081
2026-03-02 07:43:10,346 - Knowledge - INFO - Worker kw13 processing /app/data/T0015/327504/b918650/lu5-327504/docs/v0.0.5/setting/pop/meta.json
2026-03-02 07:43:10,529 - Knowledge - INFO - Fast-tracked /app/data/T0015/327504/b918650/lu5-327504/docs/v0.0.5/setting/noStroke/meta.json (ext=.json, size=303)
2026-03-02 07:43:10,618 - Knowledge - INFO - done ingest for /app/data/T0015/327504/b918650/lu5-327504/docs/index.html
2026-03-02 07:43:10,620 - Knowledge - INFO - Async storing batch of 6 embeddings
2026-03-02 07:43:10,725 - Knowledge - INFO - Fast-tracked /app/data/T0015/327504/b918650/lu5-327504/docs/v0.0.5/setting/pop/meta.json (ext=.json, size=210)
2026-03-02 07:43:10,805 - Knowledge - INFO - Worker kw5 processing /app/data/T0015/327504/b918650/lu5-327504/docs/v0.0.5/setting/index.html
2026-03-02 07:43:10,996 - Knowledge - INFO - Worker kw9 processing /app/data/T0015/327504/b918650/lu5-327504/docs/v0.0.5/keyboard/DOWN_ARROW/index.html
2026-03-02 07:43:11,018 - Knowledge - INFO - Processing batch of 6 files
2026-03-02 07:43:11,020 - Knowledge - INFO - done ingest for /app/data/T0015/327504/b918650/lu5-327504/docs/v0.0.5/window/windowResized/index.html
2026-03-02 07:43:11,123 - Knowledge - INFO - Worker kw13 processing /app/data/T0015/327504/b918650/lu5-327504/docs/v0.0.5/keyboard/RIGHT_ARROW/index.html
2026-03-02 07:43:11,204 - Knowledge - INFO - Worker kw5 processing /app/data/T0015/327504/b918650/lu5-327504/docs/v0.0.5/setting/fill/index.html
2026-03-02 07:43:11,308 - Knowledge - INFO - Worker kw9 processing /app/data/T0015/327504/b918650/lu5-327504/docs/v0.0.5/keyboard/DOWN_ARROW/meta.json
2026-03-02 07:43:11,424 - Knowledge - INFO - process ingested knowledge for /app/data/T0015/327504/b918650/lu5-327504/docs/assets/lu5-hljs-theme.css
2026-03-02 07:43:11,654 - Knowledge - INFO - Worker kw13 processing /app/data/T0015/327504/b918650/lu5-327504/docs/v0.0.5/keyboard/RIGHT_ARROW/meta.json
2026-03-02 07:43:11,805 - Knowledge - INFO - Fast-tracked /app/data/T0015/327504/b918650/lu5-327504/docs/v0.0.5/keyboard/DOWN_ARROW/meta.json (ext=.json, size=191)
2026-03-02 07:43:11,880 - Knowledge - INFO - process ingested knowledge for /app/data/T0015/327504/b918650/lu5-327504/docs/assets/lu5-editor.min.js
2026-03-02 07:43:11,967 - Knowledge - INFO - Fast-tracked /app/data/T0015/327504/b918650/lu5-327504/docs/v0.0.5/keyboard/RIGHT_ARROW/meta.json (ext=.json, size=192)
2026-03-02 07:43:12,055 - Knowledge - INFO - Worker kw9 processing /app/data/T0015/327504/b918650/lu5-327504/docs/v0.0.5/keyboard/keyHeld/index.html
2026-03-02 07:43:12,175 - Knowledge - INFO - process ingested knowledge for /app/data/T0015/327504/b918650/lu5-327504/docs/index.html
2026-03-02 07:43:12,405 - Knowledge - INFO - Worker kw9 processing /app/data/T0015/327504/b918650/lu5-327504/docs/v0.0.5/keyboard/keyHeld/meta.json
2026-03-02 07:43:12,478 - Knowledge - INFO - process ingested knowledge for /app/data/T0015/327504/b918650/lu5-327504/docs/v0.0.5/io/print/index.html
2026-03-02 07:43:12,613 - Knowledge - INFO - Fast-tracked /app/data/T0015/327504/b918650/lu5-327504/docs/v0.0.5/keyboard/keyHeld/meta.json (ext=.json, size=265)
2026-03-02 07:43:12,704 - Knowledge - INFO - process ingested knowledge for /app/data/T0015/327504/b918650/lu5-327504/docs/v0.0.5/io/print/meta.json
2026-03-02 07:43:12,800 - Knowledge - INFO - Worker kw9 processing /app/data/T0015/327504/b918650/lu5-327504/docs/v0.0.5/keyboard/ENTER/index.html
2026-03-02 07:43:12,920 - Knowledge - INFO - process ingested knowledge for /app/data/T0015/327504/b918650/lu5-327504/docs/v0.0.5/io/index.html
2026-03-02 07:43:13,226 - Knowledge - INFO - [LLM_CALL] Completed: index.html:chunk1, Duration: 213ms, PromptTokens: 4648, CompletionTokens: 59, Cost: $0.00049
2026-03-02 07:43:13,442 - Knowledge - INFO - done ingest for /app/data/T0015/327504/b918650/lu5-327504/docs/v0.0.5/window/width/index.html
2026-03-02 07:43:13,836 - Knowledge - INFO - [kw10] Queue=129, InProgress=0, PendingWorkers=20/20, Completed=1226/1455 (84.3%)
2026-03-02 07:43:14,003 - Knowledge - INFO - Batch sizing: calculated=5, max_allowed=10, queue=129, active_workers=20/20
2026-03-02 07:43:14,194 - Knowledge - INFO - Async storing batch of 6 embeddings
2026-03-02 07:43:14,362 - Knowledge - INFO - Worker kw10 processing /app/data/T0015/327504/b918650/lu5-327504/docs/v0.0.5/keyboard/ENTER/meta.json
2026-03-02 07:43:14,533 - Knowledge - INFO - Fast-tracked /app/data/T0015/327504/b918650/lu5-327504/docs/v0.0.5/keyboard/ENTER/meta.json (ext=.json, size=186)
2026-03-02 07:43:14,695 - Knowledge - INFO - Worker kw10 processing /app/data/T0015/327504/b918650/lu5-327504/docs/v0.0.5/keyboard/keyReleased/index.html
2026-03-02 07:43:14,919 - Knowledge - INFO - Worker kw10 processing /app/data/T0015/327504/b918650/lu5-327504/docs/v0.0.5/keyboard/keyReleased/meta.json
2026-03-02 07:43:15,133 - Knowledge - INFO - Fast-tracked /app/data/T0015/327504/b918650/lu5-327504/docs/v0.0.5/keyboard/keyReleased/meta.json (ext=.json, size=272)
2026-03-02 07:43:15,320 - Knowledge - INFO - Worker kw10 processing /app/data/T0015/327504/b918650/lu5-327504/docs/v0.0.5/keyboard/LEFT_ARROW/index.html
2026-03-02 07:43:15,384 - Knowledge - INFO - Async storage completed for 6 embeddings
2026-03-02 07:43:15,594 - Knowledge - INFO - Worker kw10 processing /app/data/T0015/327504/b918650/lu5-327504/docs/v0.0.5/keyboard/LEFT_ARROW/meta.json
2026-03-02 07:43:15,603 - Knowledge - INFO - [LLM_CALL] Completed: index.html:chunk1, Duration: 1100ms, PromptTokens: 4734, CompletionTokens: 59, Cost: $0.00050
2026-03-02 07:43:15,804 - Knowledge - INFO - Fast-tracked /app/data/T0015/327504/b918650/lu5-327504/docs/v0.0.5/keyboard/LEFT_ARROW/meta.json (ext=.json, size=191)
2026-03-02 07:43:15,926 - Knowledge - INFO - done ingest for /app/data/T0015/327504/b918650/lu5-327504/docs/v0.0.5/window/createWindow/index.html
2026-03-02 07:43:16,154 - Knowledge - INFO - Processing batch of 6 files
2026-03-02 07:43:16,355 - Knowledge - INFO - process ingested knowledge for /app/data/T0015/327504/b918650/lu5-327504/docs/v0.0.5/window/width/index.html
2026-03-02 07:43:16,538 - Knowledge - INFO - process ingested knowledge for /app/data/T0015/327504/b918650/lu5-327504/docs/v0.0.5/window/width/meta.json
2026-03-02 07:43:16,739 - Knowledge - INFO - process ingested knowledge for /app/data/T0015/327504/b918650/lu5-327504/docs/v0.0.5/window/createWindow/index.html
2026-03-02 07:43:16,948 - Knowledge - INFO - process ingested knowledge for /app/data/T0015/327504/b918650/lu5-327504/docs/v0.0.5/window/createWindow/meta.json
2026-03-02 07:43:17,152 - Knowledge - INFO - process ingested knowledge for /app/data/T0015/327504/b918650/lu5-327504/docs/v0.0.5/window/windowResized/index.html
2026-03-02 07:43:17,344 - Knowledge - INFO - process ingested knowledge for /app/data/T0015/327504/b918650/lu5-327504/docs/v0.0.5/window/windowResized/meta.json
2026-03-02 07:43:17,940 - Knowledge - INFO - [LLM_CALL] Completed: index.html:chunk1, Duration: 1888ms, PromptTokens: 4900, CompletionTokens: 59, Cost: $0.00051
2026-03-02 07:43:18,175 - Knowledge - INFO - done ingest for /app/data/T0015/327504/b918650/lu5-327504/docs/v0.0.5/math/map/index.html
2026-03-02 07:43:18,527 - Knowledge - INFO - Async storage completed for 6 embeddings
2026-03-02 07:43:18,826 - Knowledge - INFO - [kw15] Queue=124, InProgress=0, PendingWorkers=20/20, Completed=1232/1455 (84.7%)
2026-03-02 07:43:19,000 - Knowledge - INFO - Batch sizing: calculated=5, max_allowed=10, queue=124, active_workers=20/20
2026-03-02 07:43:19,203 - Knowledge - INFO - Async storing batch of 6 embeddings
2026-03-02 07:43:19,357 - Knowledge - INFO - Worker kw15 processing /app/data/T0015/327504/b918650/lu5-327504/docs/v0.0.5/keyboard/BACKSPACE/index.html
2026-03-02 07:43:19,511 - Knowledge - INFO - Worker kw15 processing /app/data/T0015/327504/b918650/lu5-327504/docs/v0.0.5/keyboard/BACKSPACE/meta.json
2026-03-02 07:43:19,686 - Knowledge - INFO - Fast-tracked /app/data/T0015/327504/b918650/lu5-327504/docs/v0.0.5/keyboard/BACKSPACE/meta.json (ext=.json, size=190)
2026-03-02 07:43:19,885 - Knowledge - INFO - Worker kw15 processing /app/data/T0015/327504/b918650/lu5-327504/docs/v0.0.5/keyboard/keyIsDown/index.html
2026-03-02 07:43:20,057 - Knowledge - INFO - Worker kw15 processing /app/data/T0015/327504/b918650/lu5-327504/docs/v0.0.5/keyboard/keyIsDown/meta.json
2026-03-02 07:43:20,229 - Knowledge - INFO - Fast-tracked /app/data/T0015/327504/b918650/lu5-327504/docs/v0.0.5/keyboard/keyIsDown/meta.json (ext=.json, size=677)
2026-03-02 07:43:20,419 - Knowledge - INFO - [LLM_CALL] Completed: index.html:chunk1, Duration: 765ms, PromptTokens: 4738, CompletionTokens: 59, Cost: $0.00050
2026-03-02 07:43:20,426 - Knowledge - INFO - Worker kw15 processing /app/data/T0015/327504/b918650/lu5-327504/docs/v0.0.5/keyboard/index.html
2026-03-02 07:43:20,578 - Knowledge - INFO - done ingest for /app/data/T0015/327504/b918650/lu5-327504/docs/v0.0.5/math/constrain/index.html
2026-03-02 07:43:20,754 - Knowledge - INFO - Processing batch of 5 files
2026-03-02 07:43:20,864 - Knowledge - INFO - Async storage completed for 6 embeddings
2026-03-02 07:43:20,921 - Knowledge - INFO - process ingested knowledge for /app/data/T0015/327504/b918650/lu5-327504/docs/v0.0.5/math/max/meta.json
2026-03-02 07:43:21,201 - Knowledge - INFO - [LLM_CALL] Completed: index.html:chunk1, Duration: 226ms, PromptTokens: 4594, CompletionTokens: 59, Cost: $0.00048
2026-03-02 07:43:21,202 - Knowledge - INFO - process ingested knowledge for /app/data/T0015/327504/b918650/lu5-327504/docs/v0.0.5/math/map/index.html
2026-03-02 07:43:21,372 - Knowledge - INFO - done ingest for /app/data/T0015/327504/b918650/lu5-327504/docs/v0.0.5/math/randomSeed/index.html
2026-03-02 07:43:21,487 - Knowledge - INFO - process ingested knowledge for /app/data/T0015/327504/b918650/lu5-327504/docs/v0.0.5/math/map/meta.json
2026-03-02 07:43:21,546 - Knowledge - INFO - Async storage completed for 6 embeddings
2026-03-02 07:43:21,712 - Knowledge - INFO - process ingested knowledge for /app/data/T0015/327504/b918650/lu5-327504/docs/v0.0.5/math/constrain/index.html
2026-03-02 07:43:21,901 - Knowledge - INFO - process ingested knowledge for /app/data/T0015/327504/b918650/lu5-327504/docs/v0.0.5/math/constrain/meta.json
2026-03-02 07:43:22,631 - Knowledge - INFO - [kw14] Queue=119, InProgress=0, PendingWorkers=20/20, Completed=1237/1455 (85.0%)
2026-03-02 07:43:22,815 - Knowledge - INFO - Batch sizing: calculated=5, max_allowed=10, queue=119, active_workers=20/20
2026-03-02 07:43:23,002 - Knowledge - INFO - Async storing batch of 5 embeddings
2026-03-02 07:43:23,294 - Knowledge - INFO - Worker kw14 processing /app/data/T0015/327504/b918650/lu5-327504/docs/v0.0.5/keyboard/keyPressed/index.html
2026-03-02 07:43:23,359 - Knowledge - INFO - done ingest for /app/data/T0015/327504/b918650/lu5-327504/docs/v0.0.5/shapes/line/index.html
2026-03-02 07:43:23,503 - Knowledge - INFO - Worker kw14 processing /app/data/T0015/327504/b918650/lu5-327504/docs/v0.0.5/keyboard/keyPressed/meta.json
2026-03-02 07:43:23,704 - Knowledge - INFO - Fast-tracked /app/data/T0015/327504/b918650/lu5-327504/docs/v0.0.5/keyboard/keyPressed/meta.json (ext=.json, size=269)
2026-03-02 07:43:23,878 - Knowledge - INFO - Worker kw14 processing /app/data/T0015/327504/b918650/lu5-327504/docs/v0.0.5/keyboard/UP_ARROW/index.html
2026-03-02 07:43:24,103 - Knowledge - INFO - done ingest for /app/data/T0015/327504/b918650/lu5-327504/docs/v0.0.5/shapes/triangle/index.html
2026-03-02 07:43:24,115 - Knowledge - INFO - Worker kw14 processing /app/data/T0015/327504/b918650/lu5-327504/docs/v0.0.5/keyboard/UP_ARROW/meta.json
2026-03-02 07:43:24,349 - Knowledge - INFO - Fast-tracked /app/data/T0015/327504/b918650/lu5-327504/docs/v0.0.5/keyboard/UP_ARROW/meta.json (ext=.json, size=189)
2026-03-02 07:43:24,553 - Knowledge - INFO - Worker kw14 processing /app/data/T0015/327504/b918650/lu5-327504/docs/v0.0.5/modules.json
2026-03-02 07:43:24,740 - Knowledge - INFO - Fast-tracked /app/data/T0015/327504/b918650/lu5-327504/docs/v0.0.5/modules.json (ext=.json, size=2481)
2026-03-02 07:43:25,232 - Knowledge - INFO - [LLM_CALL] Completed: index.html:chunk1, Duration: 201ms, PromptTokens: 4780, CompletionTokens: 59, Cost: $0.00050
2026-03-02 07:43:25,446 - Knowledge - INFO - done ingest for /app/data/T0015/327504/b918650/lu5-327504/docs/v0.0.5/math/floor/index.html
2026-03-02 07:43:25,536 - Knowledge - INFO - done ingest for /app/data/T0015/327504/b918650/lu5-327504/docs/v0.0.5/shapes/endShape/index.html
2026-03-02 07:43:25,633 - Knowledge - INFO - Processing batch of 5 files
2026-03-02 07:43:25,828 - Knowledge - INFO - process ingested knowledge for /app/data/T0015/327504/b918650/lu5-327504/docs/v0.0.5/math/TWO_PI/meta.json
2026-03-02 07:43:25,950 - Knowledge - INFO - Async storage completed for 6 embeddings
2026-03-02 07:43:26,043 - Knowledge - INFO - Async storage completed for 6 embeddings
2026-03-02 07:43:26,067 - Knowledge - INFO - process ingested knowledge for /app/data/T0015/327504/b918650/lu5-327504/docs/v0.0.5/math/randomSeed/index.html
2026-03-02 07:43:26,246 - Knowledge - INFO - [LLM_CALL] Completed: index.html:chunk1, Duration: 463ms, PromptTokens: 4440, CompletionTokens: 59, Cost: $0.00047
2026-03-02 07:43:26,433 - Knowledge - INFO - process ingested knowledge for /app/data/T0015/327504/b918650/lu5-327504/docs/v0.0.5/math/randomSeed/meta.json
2026-03-02 07:43:26,529 - Knowledge - INFO - done ingest for /app/data/T0015/327504/b918650/lu5-327504/docs/v0.0.5/shapes/point/index.html
2026-03-02 07:43:26,616 - Knowledge - INFO - process ingested knowledge for /app/data/T0015/327504/b918650/lu5-327504/docs/v0.0.5/math/floor/index.html
2026-03-02 07:43:26,861 - Knowledge - INFO - process ingested knowledge for /app/data/T0015/327504/b918650/lu5-327504/docs/v0.0.5/math/floor/meta.json
2026-03-02 07:43:27,527 - Knowledge - INFO - [kw16] Queue=114, InProgress=0, PendingWorkers=20/20, Completed=1242/1455 (85.4%)
2026-03-02 07:43:27,736 - Knowledge - INFO - Batch sizing: calculated=5, max_allowed=10, queue=114, active_workers=20/20
2026-03-02 07:43:27,778 - Knowledge - INFO - [LLM_CALL] Completed: index.html:chunk1, Duration: 322ms, PromptTokens: 4666, CompletionTokens: 59, Cost: $0.00049
2026-03-02 07:43:28,060 - Knowledge - INFO - done ingest for /app/data/T0015/327504/b918650/lu5-327504/docs/v0.0.5/shapes/circle/index.html
2026-03-02 07:43:28,062 - Knowledge - INFO - Async storing batch of 5 embeddings
2026-03-02 07:43:28,290 - Knowledge - INFO - Processing batch of 6 files
2026-03-02 07:43:28,435 - Knowledge - INFO - [LLM_CALL] Completed: index.html:chunk1, Duration: 284ms, PromptTokens: 4666, CompletionTokens: 59, Cost: $0.00049
2026-03-02 07:43:28,506 - Knowledge - INFO - Worker kw16 processing /app/data/T0015/327504/b918650/lu5-327504/docs/v0.0.5/mouse/mouseY/index.html
2026-03-02 07:43:28,613 - Knowledge - INFO - process ingested knowledge for /app/data/T0015/327504/b918650/lu5-327504/docs/v0.0.5/window/frameRate/meta.json
2026-03-02 07:43:28,807 - Knowledge - INFO - done ingest for /app/data/T0015/327504/b918650/lu5-327504/docs/v0.0.5/shapes/square/index.html
2026-03-02 07:43:28,816 - Knowledge - INFO - done ingest for /app/data/T0015/327504/b918650/lu5-327504/docs/v0.0.5/math/ceil/index.html
2026-03-02 07:43:28,817 - Knowledge - INFO - done ingest for /app/data/T0015/327504/b918650/lu5-327504/docs/v0.0.5/shapes/beginShape/index.html
2026-03-02 07:43:28,897 - Knowledge - INFO - Worker kw16 processing /app/data/T0015/327504/b918650/lu5-327504/docs/v0.0.5/mouse/mouseY/meta.json
2026-03-02 07:43:29,022 - Knowledge - INFO - process ingested knowledge for /app/data/T0015/327504/b918650/lu5-327504/docs/v0.0.5/shapes/line/index.html
2026-03-02 07:43:29,290 - Knowledge - INFO - Processing batch of 6 files
2026-03-02 07:43:29,379 - Knowledge - INFO - Fast-tracked /app/data/T0015/327504/b918650/lu5-327504/docs/v0.0.5/mouse/mouseY/meta.json (ext=.json, size=337)
2026-03-02 07:43:29,458 - Knowledge - INFO - process ingested knowledge for /app/data/T0015/327504/b918650/lu5-327504/docs/v0.0.5/shapes/line/meta.json
2026-03-02 07:43:29,553 - Knowledge - INFO - process ingested knowledge for /app/data/T0015/327504/b918650/lu5-327504/docs/v0.0.5/shapes/circle/meta.json
2026-03-02 07:43:29,622 - Knowledge - INFO - Worker kw16 processing /app/data/T0015/327504/b918650/lu5-327504/docs/v0.0.5/mouse/mouseReleased/index.html
2026-03-02 07:43:29,704 - Knowledge - INFO - process ingested knowledge for /app/data/T0015/327504/b918650/lu5-327504/docs/v0.0.5/shapes/endShape/index.html
2026-03-02 07:43:29,801 - Knowledge - INFO - process ingested knowledge for /app/data/T0015/327504/b918650/lu5-327504/docs/v0.0.5/shapes/point/index.html
2026-03-02 07:43:29,807 - Knowledge - INFO - Async storage completed for 6 embeddings
2026-03-02 07:43:29,904 - Knowledge - INFO - Worker kw16 processing /app/data/T0015/327504/b918650/lu5-327504/docs/v0.0.5/mouse/mouseReleased/meta.json
2026-03-02 07:43:29,976 - Knowledge - INFO - process ingested knowledge for /app/data/T0015/327504/b918650/lu5-327504/docs/v0.0.5/shapes/endShape/meta.json
2026-03-02 07:43:30,061 - Knowledge - INFO - process ingested knowledge for /app/data/T0015/327504/b918650/lu5-327504/docs/v0.0.5/shapes/point/meta.json
2026-03-02 07:43:30,248 - Knowledge - INFO - Fast-tracked /app/data/T0015/327504/b918650/lu5-327504/docs/v0.0.5/mouse/mouseReleased/meta.json (ext=.json, size=682)
2026-03-02 07:43:30,353 - Knowledge - INFO - process ingested knowledge for /app/data/T0015/327504/b918650/lu5-327504/docs/v0.0.5/shapes/circle/index.html
2026-03-02 07:43:30,528 - Knowledge - INFO - process ingested knowledge for /app/data/T0015/327504/b918650/lu5-327504/docs/v0.0.5/shapes/beginShape/index.html
2026-03-02 07:43:30,693 - Knowledge - INFO - Worker kw16 processing /app/data/T0015/327504/b918650/lu5-327504/docs/v0.0.5/mouse/mouseX/index.html
2026-03-02 07:43:30,730 - Knowledge - INFO - [LLM_CALL] Completed: index.html:chunk1, Duration: 560ms, PromptTokens: 4722, CompletionTokens: 59, Cost: $0.00050
2026-03-02 07:43:31,041 - Knowledge - INFO - process ingested knowledge for /app/data/T0015/327504/b918650/lu5-327504/docs/v0.0.5/shapes/beginShape/meta.json
2026-03-02 07:43:31,119 - Knowledge - INFO - done ingest for /app/data/T0015/327504/b918650/lu5-327504/docs/v0.0.5/shapes/rect/index.html
2026-03-02 07:43:31,119 - Knowledge - INFO - done ingest for /app/data/T0015/327504/b918650/lu5-327504/docs/v0.0.5/math/HALF_PI/index.html
2026-03-02 07:43:31,187 - Knowledge - INFO - Async storage completed for 6 embeddings
2026-03-02 07:43:31,336 - Knowledge - INFO - process ingested knowledge for /app/data/T0015/327504/b918650/lu5-327504/docs/v0.0.5/shapes/triangle/index.html
2026-03-02 07:43:31,362 - Knowledge - INFO - Processing batch of 5 files
2026-03-02 07:43:31,474 - Knowledge - INFO - Processing batch of 5 files
2026-03-02 07:43:31,768 - Knowledge - INFO - process ingested knowledge for /app/data/T0015/327504/b918650/lu5-327504/docs/v0.0.5/shapes/vertex/meta.json
2026-03-02 07:43:31,826 - Knowledge - INFO - [WEBSOCKET] Sent: Type=progress_update, Size: 296, Duration: 0ms
2026-03-02 07:43:31,853 - Knowledge - INFO - process ingested knowledge for /app/data/T0015/327504/b918650/lu5-327504/docs/v0.0.5/math/cos/meta.json
2026-03-02 07:43:31,962 - Knowledge - INFO - process ingested knowledge for /app/data/T0015/327504/b918650/lu5-327504/docs/v0.0.5/shapes/rect/index.html
2026-03-02 07:43:32,103 - Knowledge - INFO - [WEBSOCKET] Sent: Type=unknown, Size: ?, Duration: 277ms
2026-03-02 07:43:32,249 - Knowledge - INFO - process ingested knowledge for /app/data/T0015/327504/b918650/lu5-327504/docs/v0.0.5/math/ceil/index.html
2026-03-02 07:43:32,271 - Knowledge - INFO - process ingested knowledge for /app/data/T0015/327504/b918650/lu5-327504/docs/v0.0.5/shapes/rect/meta.json
2026-03-02 07:43:32,398 - Knowledge - INFO - Progress: 86.9% | Files: 1264/1455 | Rate: 1.68 files/sec | Queue: 109
2026-03-02 07:43:32,426 - Knowledge - INFO - Async storage completed for 6 embeddings
2026-03-02 07:43:32,547 - Knowledge - INFO - process ingested knowledge for /app/data/T0015/327504/b918650/lu5-327504/docs/v0.0.5/math/ceil/meta.json
2026-03-02 07:43:32,601 - Knowledge - INFO - [kw19] Queue=109, InProgress=0, PendingWorkers=20/20, Completed=1264/1455 (86.9%)
2026-03-02 07:43:32,620 - Knowledge - INFO - process ingested knowledge for /app/data/T0015/327504/b918650/lu5-327504/docs/v0.0.5/shapes/square/index.html
2026-03-02 07:43:32,731 - Knowledge - INFO - [kw4] Queue=109, InProgress=0, PendingWorkers=20/20, Completed=1264/1455 (86.9%)
2026-03-02 07:43:32,908 - Knowledge - INFO - process ingested knowledge for /app/data/T0015/327504/b918650/lu5-327504/docs/v0.0.5/math/HALF_PI/index.html
2026-03-02 07:43:33,070 - Knowledge - INFO - Batch sizing: calculated=5, max_allowed=10, queue=109, active_workers=20/20
2026-03-02 07:43:33,183 - Knowledge - INFO - process ingested knowledge for /app/data/T0015/327504/b918650/lu5-327504/docs/v0.0.5/shapes/square/meta.json
2026-03-02 07:43:33,294 - Knowledge - INFO - Batch sizing: calculated=5, max_allowed=10, queue=109, active_workers=20/20
2026-03-02 07:43:33,379 - Knowledge - INFO - process ingested knowledge for /app/data/T0015/327504/b918650/lu5-327504/docs/v0.0.5/math/HALF_PI/meta.json
2026-03-02 07:43:33,453 - Knowledge - INFO - [LLM_CALL] Completed: index.html:chunk1, Duration: 2334ms, PromptTokens: 4880, CompletionTokens: 59, Cost: $0.00051
2026-03-02 07:43:33,863 - Knowledge - INFO - done ingest for /app/data/T0015/327504/b918650/lu5-327504/docs/v0.0.5/math/max/index.html
2026-03-02 07:43:33,869 - Knowledge - INFO - Async storing batch of 6 embeddings
2026-03-02 07:43:33,870 - Knowledge - INFO - Async storing batch of 6 embeddings
2026-03-02 07:43:34,163 - Knowledge - INFO - done ingest for /app/data/T0015/327504/b918650/lu5-327504/docs/v0.0.5/shapes/quad/index.html
2026-03-02 07:43:34,198 - Knowledge - INFO - Worker kw19 processing /app/data/T0015/327504/b918650/lu5-327504/docs/v0.0.5/mouse/mouseX/meta.json
2026-03-02 07:43:34,329 - Knowledge - INFO - Worker kw4 processing /app/data/T0015/327504/b918650/lu5-327504/docs/v0.0.5/mouse/mousePressed/meta.json
2026-03-02 07:43:34,525 - Knowledge - INFO - Fast-tracked /app/data/T0015/327504/b918650/lu5-327504/docs/v0.0.5/mouse/mouseX/meta.json (ext=.json, size=337)
2026-03-02 07:43:34,623 - Knowledge - INFO - Fast-tracked /app/data/T0015/327504/b918650/lu5-327504/docs/v0.0.5/mouse/mousePressed/meta.json (ext=.json, size=638)
2026-03-02 07:43:34,729 - Knowledge - INFO - Worker kw19 processing /app/data/T0015/327504/b918650/lu5-327504/docs/v0.0.5/mouse/mouseIsPressed/index.html
2026-03-02 07:43:34,846 - Knowledge - INFO - Worker kw4 processing /app/data/T0015/327504/b918650/lu5-327504/docs/v0.0.5/image/image/index.html
2026-03-02 07:43:34,977 - Knowledge - INFO - done ingest for /app/data/T0015/327504/b918650/lu5-327504/docs/v0.0.5/math/QUARTER_PI/index.html
2026-03-02 07:43:34,986 - Knowledge - INFO - Worker kw19 processing /app/data/T0015/327504/b918650/lu5-327504/docs/v0.0.5/mouse/mouseIsPressed/meta.json
2026-03-02 07:43:35,036 - Knowledge - INFO - [kw2] Queue=99, InProgress=0, PendingWorkers=20/20, Completed=1264/1455 (86.9%)
2026-03-02 07:43:35,081 - Knowledge - INFO - [kw12] Queue=99, InProgress=0, PendingWorkers=20/20, Completed=1264/1455 (86.9%)
2026-03-02 07:43:35,108 - Knowledge - INFO - Worker kw4 processing /app/data/T0015/327504/b918650/lu5-327504/docs/v0.0.5/image/image/meta.json
2026-03-02 07:43:35,281 - Knowledge - INFO - Async storage completed for 6 embeddings
2026-03-02 07:43:35,306 - Knowledge - INFO - Fast-tracked /app/data/T0015/327504/b918650/lu5-327504/docs/v0.0.5/mouse/mouseIsPressed/meta.json (ext=.json, size=309)
2026-03-02 07:43:35,396 - Knowledge - INFO - Batch sizing: calculated=4, max_allowed=10, queue=99, active_workers=20/20
2026-03-02 07:43:35,553 - Knowledge - INFO - Batch sizing: calculated=4, max_allowed=10, queue=99, active_workers=20/20
2026-03-02 07:43:35,612 - Knowledge - INFO - done ingest for /app/data/T0015/327504/b918650/lu5-327504/docs/v0.0.5/math/abs/index.html
2026-03-02 07:43:35,700 - Knowledge - INFO - Fast-tracked /app/data/T0015/327504/b918650/lu5-327504/docs/v0.0.5/image/image/meta.json (ext=.json, size=562)
2026-03-02 07:43:35,858 - Knowledge - INFO - Async storage completed for 6 embeddings
2026-03-02 07:43:35,913 - Knowledge - INFO - Worker kw19 processing /app/data/T0015/327504/b918650/lu5-327504/docs/v0.0.5/mouse/index.html
2026-03-02 07:43:35,997 - Knowledge - INFO - Async storing batch of 5 embeddings
2026-03-02 07:43:36,091 - Knowledge - INFO - Async storing batch of 5 embeddings
2026-03-02 07:43:36,150 - Knowledge - INFO - done ingest for /app/data/T0015/327504/b918650/lu5-327504/docs/v0.0.5/math/round/index.html
2026-03-02 07:43:36,311 - Knowledge - INFO - Worker kw4 processing /app/data/T0015/327504/b918650/lu5-327504/docs/v0.0.5/image/loadImage/index.html
2026-03-02 07:43:36,526 - Knowledge - INFO - Worker kw19 processing /app/data/T0015/327504/b918650/lu5-327504/docs/v0.0.5/mouse/mousePressed/index.html
2026-03-02 07:43:36,614 - Knowledge - INFO - Worker kw2 processing /app/data/T0015/327504/b918650/lu5-327504/docs/v0.0.5/image/index.html
2026-03-02 07:43:36,698 - Knowledge - INFO - Worker kw12 processing /app/data/T0015/327504/b918650/lu5-327504/docs/v0.0.5/typography/textFont/index.html
2026-03-02 07:43:36,918 - Knowledge - INFO - Worker kw4 processing /app/data/T0015/327504/b918650/lu5-327504/docs/v0.0.5/image/loadImage/meta.json
2026-03-02 07:43:36,920 - Knowledge - INFO - [LLM_CALL] Completed: index.html:chunk1, Duration: 338ms, PromptTokens: 4880, CompletionTokens: 59, Cost: $0.00051
2026-03-02 07:43:37,139 - Knowledge - INFO - Worker kw2 processing /app/data/T0015/327504/b918650/lu5-327504/docs/v0.0.5/index.html
2026-03-02 07:43:37,282 - Knowledge - INFO - Worker kw12 processing /app/data/T0015/327504/b918650/lu5-327504/docs/v0.0.5/typography/textFont/meta.json
2026-03-02 07:43:37,372 - Knowledge - INFO - Fast-tracked /app/data/T0015/327504/b918650/lu5-327504/docs/v0.0.5/image/loadImage/meta.json (ext=.json, size=508)
2026-03-02 07:43:37,451 - Knowledge - INFO - done ingest for /app/data/T0015/327504/b918650/lu5-327504/docs/v0.0.5/math/min/index.html
2026-03-02 07:43:37,584 - Knowledge - INFO - Worker kw2 processing /app/data/T0015/327504/b918650/lu5-327504/docs/v0.0.5/typography/textSize/index.html
2026-03-02 07:43:37,722 - Knowledge - INFO - Fast-tracked /app/data/T0015/327504/b918650/lu5-327504/docs/v0.0.5/typography/textFont/meta.json (ext=.json, size=363)
2026-03-02 07:43:37,852 - Knowledge - INFO - [LLM_CALL] Completed: index.html:chunk1, Duration: 363ms, PromptTokens: 4610, CompletionTokens: 59, Cost: $0.00048
2026-03-02 07:43:37,984 - Knowledge - INFO - Worker kw2 processing /app/data/T0015/327504/b918650/lu5-327504/docs/v0.0.5/typography/textSize/meta.json
2026-03-02 07:43:38,113 - Knowledge - INFO - Worker kw12 processing /app/data/T0015/327504/b918650/lu5-327504/docs/v0.0.5/typography/text/index.html
2026-03-02 07:43:38,204 - Knowledge - INFO - done ingest for /app/data/T0015/327504/b918650/lu5-327504/docs/v0.0.5/math/sin/index.html
2026-03-02 07:43:38,334 - Knowledge - INFO - Fast-tracked /app/data/T0015/327504/b918650/lu5-327504/docs/v0.0.5/typography/textSize/meta.json (ext=.json, size=476)
2026-03-02 07:43:38,422 - Knowledge - INFO - [LLM_CALL] Completed: index.html:chunk1, Duration: 218ms, PromptTokens: 8864, CompletionTokens: 59, Cost: $0.00091
2026-03-02 07:43:38,423 - Knowledge - INFO - Worker kw12 processing /app/data/T0015/327504/b918650/lu5-327504/docs/v0.0.5/typography/text/meta.json
2026-03-02 07:43:38,772 - Knowledge - INFO - done ingest for /app/data/T0015/327504/b918650/lu5-327504/docs/v0.0.5/shapes/index.html
2026-03-02 07:43:38,774 - Knowledge - INFO - Processing batch of 5 files
2026-03-02 07:43:38,775 - Knowledge - INFO - [LLM_CALL] Completed: index.html:chunk1, Duration: 1ms, PromptTokens: 4756, CompletionTokens: 59, Cost: $0.00050
2026-03-02 07:43:38,854 - Knowledge - INFO - Fast-tracked /app/data/T0015/327504/b918650/lu5-327504/docs/v0.0.5/typography/text/meta.json (ext=.json, size=475)
2026-03-02 07:43:39,099 - Knowledge - INFO - process ingested knowledge for /app/data/T0015/327504/b918650/lu5-327504/docs/v0.0.5/math/sin/index.html
2026-03-02 07:43:39,236 - Knowledge - INFO - done ingest for /app/data/T0015/327504/b918650/lu5-327504/docs/v0.0.5/window/frameRate/index.html
2026-03-02 07:43:39,240 - Knowledge - INFO - Processing batch of 5 files
2026-03-02 07:43:39,463 - Knowledge - INFO - process ingested knowledge for /app/data/T0015/327504/b918650/lu5-327504/docs/v0.0.5/math/sin/meta.json
2026-03-02 07:43:39,720 - Knowledge - INFO - [LLM_CALL] Completed: index.html:chunk1, Duration: 380ms, PromptTokens: 4448, CompletionTokens: 59, Cost: $0.00047
2026-03-02 07:43:39,744 - Knowledge - INFO - process ingested knowledge for /app/data/T0015/327504/b918650/lu5-327504/docs/v0.0.5/shapes/quad/index.html
2026-03-02 07:43:39,817 - Knowledge - INFO - process ingested knowledge for /app/data/T0015/327504/b918650/lu5-327504/docs/v0.0.5/math/abs/index.html
2026-03-02 07:43:39,951 - Knowledge - INFO - done ingest for /app/data/T0015/327504/b918650/lu5-327504/docs/v0.0.5/math/TWO_PI/index.html
2026-03-02 07:43:40,046 - Knowledge - INFO - process ingested knowledge for /app/data/T0015/327504/b918650/lu5-327504/docs/v0.0.5/shapes/quad/meta.json
2026-03-02 07:43:40,131 - Knowledge - INFO - process ingested knowledge for /app/data/T0015/327504/b918650/lu5-327504/docs/v0.0.5/math/abs/meta.json
2026-03-02 07:43:40,285 - Knowledge - INFO - Processing batch of 5 files
2026-03-02 07:43:40,369 - Knowledge - INFO - process ingested knowledge for /app/data/T0015/327504/b918650/lu5-327504/docs/v0.0.5/shapes/index.html
2026-03-02 07:43:40,502 - Knowledge - INFO - process ingested knowledge for /app/data/T0015/327504/b918650/lu5-327504/docs/v0.0.5/math/max/index.html
2026-03-02 07:43:40,602 - Knowledge - INFO - process ingested knowledge for /app/data/T0015/327504/b918650/lu5-327504/docs/v0.0.5/math/min/index.html
2026-03-02 07:43:40,711 - Knowledge - INFO - process ingested knowledge for /app/data/T0015/327504/b918650/lu5-327504/docs/v0.0.5/math/round/index.html
2026-03-02 07:43:40,926 - Knowledge - INFO - done ingest for /app/data/T0015/327504/b918650/lu5-327504/docs/v0.0.5/shapes/vertex/index.html
2026-03-02 07:43:40,972 - Knowledge - INFO - process ingested knowledge for /app/data/T0015/327504/b918650/lu5-327504/docs/v0.0.5/math/min/meta.json
2026-03-02 07:43:41,143 - Knowledge - INFO - process ingested knowledge for /app/data/T0015/327504/b918650/lu5-327504/docs/v0.0.5/math/round/meta.json
2026-03-02 07:43:41,447 - Knowledge - INFO - [LLM_CALL] Completed: index.html:chunk1, Duration: 132ms, PromptTokens: 4440, CompletionTokens: 59, Cost: $0.00047
2026-03-02 07:43:41,466 - Knowledge - INFO - process ingested knowledge for /app/data/T0015/327504/b918650/lu5-327504/docs/v0.0.5/math/QUARTER_PI/index.html
2026-03-02 07:43:41,700 - Knowledge - INFO - done ingest for /app/data/T0015/327504/b918650/lu5-327504/docs/v0.0.5/shapes/arc/index.html
2026-03-02 07:43:41,708 - Knowledge - INFO - done ingest for /app/data/T0015/327504/b918650/lu5-327504/docs/v0.0.5/window/height/index.html
2026-03-02 07:43:41,919 - Knowledge - INFO - process ingested knowledge for /app/data/T0015/327504/b918650/lu5-327504/docs/v0.0.5/math/QUARTER_PI/meta.json
2026-03-02 07:43:42,080 - Knowledge - INFO - [kw8] Queue=91, InProgress=0, PendingWorkers=20/20, Completed=1279/1455 (87.9%)
2026-03-02 07:43:42,131 - Knowledge - INFO - process ingested knowledge for /app/data/T0015/327504/b918650/lu5-327504/docs/v0.0.5/math/TWO_PI/index.html
2026-03-02 07:43:42,263 - Knowledge - INFO - Batch sizing: calculated=4, max_allowed=10, queue=91, active_workers=20/20
2026-03-02 07:43:42,450 - Knowledge - INFO - [kw6] Queue=91, InProgress=0, PendingWorkers=20/20, Completed=1279/1455 (87.9%)
2026-03-02 07:43:42,469 - Knowledge - INFO - Async storing batch of 5 embeddings
2026-03-02 07:43:42,675 - Knowledge - INFO - Batch sizing: calculated=4, max_allowed=10, queue=91, active_workers=20/20
2026-03-02 07:43:42,755 - Knowledge - INFO - Worker kw8 processing /app/data/T0015/327504/b918650/lu5-327504/docs/v0.0.5/typography/index.html
2026-03-02 07:43:42,853 - Knowledge - INFO - Async storing batch of 5 embeddings
2026-03-02 07:43:42,950 - Knowledge - INFO - Worker kw8 processing /app/data/T0015/327504/b918650/lu5-327504/docs/v0.0.5/typography/loadFont/index.html
2026-03-02 07:43:43,013 - Knowledge - INFO - [kw7] Queue=83, InProgress=0, PendingWorkers=20/20, Completed=1279/1455 (87.9%)
2026-03-02 07:43:43,087 - Knowledge - INFO - Worker kw6 processing /app/data/T0015/327504/b918650/lu5-327504/docs/examples/luax.html
2026-03-02 07:43:43,164 - Knowledge - INFO - Worker kw8 processing /app/data/T0015/327504/b918650/lu5-327504/docs/v0.0.5/typography/loadFont/meta.json
2026-03-02 07:43:43,272 - Knowledge - INFO - Batch sizing: calculated=4, max_allowed=10, queue=83, active_workers=20/20
2026-03-02 07:43:43,358 - Knowledge - INFO - Fast-tracked /app/data/T0015/327504/b918650/lu5-327504/docs/examples/luax.html (ext=.html, size=1356)
2026-03-02 07:43:43,446 - Knowledge - INFO - Fast-tracked /app/data/T0015/327504/b918650/lu5-327504/docs/v0.0.5/typography/loadFont/meta.json (ext=.json, size=547)
2026-03-02 07:43:43,580 - Knowledge - INFO - Async storing batch of 5 embeddings
2026-03-02 07:43:43,593 - Knowledge - INFO - done ingest for /app/data/T0015/327504/b918650/lu5-327504/docs/v0.0.5/shapes/ellipse/index.html
2026-03-02 07:43:43,762 - Knowledge - INFO - Worker kw6 processing /app/data/T0015/327504/b918650/lu5-327504/docs/examples/test.html
2026-03-02 07:43:43,857 - Knowledge - INFO - Worker kw8 processing /app/data/T0015/327504/b918650/lu5-327504/docs/editor/index.html
2026-03-02 07:43:43,932 - Knowledge - INFO - Worker kw7 processing /app/data/T0015/327504/b918650/lu5-327504/site/pages/Module.lua
2026-03-02 07:43:44,043 - Knowledge - INFO - Processing batch of 6 files
2026-03-02 07:43:44,128 - Knowledge - INFO - Fast-tracked /app/data/T0015/327504/b918650/lu5-327504/docs/examples/test.html (ext=.html, size=1669)
2026-03-02 07:43:44,319 - Knowledge - INFO - Fast-tracked /app/data/T0015/327504/b918650/lu5-327504/site/pages/Module.lua (ext=.lua, size=307)
2026-03-02 07:43:44,401 - Knowledge - INFO - process ingested knowledge for /app/data/T0015/327504/b918650/lu5-327504/docs/v0.0.5/shapes/triangle/meta.json
2026-03-02 07:43:44,530 - Knowledge - INFO - Worker kw6 processing /app/data/T0015/327504/b918650/lu5-327504/docs/examples/index.html
2026-03-02 07:43:44,608 - Knowledge - INFO - Worker kw7 processing /app/data/T0015/327504/b918650/lu5-327504/site/pages/Home.lua
2026-03-02 07:43:44,718 - Knowledge - INFO - process ingested knowledge for /app/data/T0015/327504/b918650/lu5-327504/docs/v0.0.5/shapes/arc/index.html
2026-03-02 07:43:44,799 - Knowledge - INFO - Worker kw6 processing /app/data/T0015/327504/b918650/lu5-327504/docs/examples/luax-test.lua
2026-03-02 07:43:44,804 - Knowledge - INFO - Async storage completed for 6 embeddings
2026-03-02 07:43:44,883 - Knowledge - INFO - Fast-tracked /app/data/T0015/327504/b918650/lu5-327504/site/pages/Home.lua (ext=.lua, size=1746)
2026-03-02 07:43:44,955 - Knowledge - INFO - process ingested knowledge for /app/data/T0015/327504/b918650/lu5-327504/docs/v0.0.5/shapes/arc/meta.json
2026-03-02 07:43:45,089 - Knowledge - INFO - Fast-tracked /app/data/T0015/327504/b918650/lu5-327504/docs/examples/luax-test.lua (ext=.lua, size=1823)
2026-03-02 07:43:45,311 - Knowledge - INFO - [LLM_CALL] Completed: index.html:chunk1, Duration: 311ms, PromptTokens: 4722, CompletionTokens: 59, Cost: $0.00050
2026-03-02 07:43:45,314 - Knowledge - INFO - Worker kw7 processing /app/data/T0015/327504/b918650/lu5-327504/site/pages/Editor.lua
2026-03-02 07:43:45,423 - Knowledge - INFO - process ingested knowledge for /app/data/T0015/327504/b918650/lu5-327504/docs/v0.0.5/shapes/ellipse/index.html
2026-03-02 07:43:45,637 - Knowledge - INFO - done ingest for /app/data/T0015/327504/b918650/lu5-327504/docs/v0.0.5/window/deltaTime/index.html
2026-03-02 07:43:45,672 - Knowledge - INFO - Async storage completed for 6 embeddings
2026-03-02 07:43:45,734 - Knowledge - INFO - Worker kw7 processing /app/data/T0015/327504/b918650/lu5-327504/site/pages/Reference.lua
2026-03-02 07:43:45,842 - Knowledge - INFO - process ingested knowledge for /app/data/T0015/327504/b918650/lu5-327504/docs/v0.0.5/shapes/ellipse/meta.json
2026-03-02 07:43:46,215 - Knowledge - INFO - Fast-tracked /app/data/T0015/327504/b918650/lu5-327504/site/pages/Reference.lua (ext=.lua, size=449)
2026-03-02 07:43:46,281 - Knowledge - INFO - process ingested knowledge for /app/data/T0015/327504/b918650/lu5-327504/docs/v0.0.5/shapes/vertex/index.html
2026-03-02 07:43:47,138 - Knowledge - INFO - Async storage completed for 6 embeddings
2026-03-02 07:43:47,144 - Knowledge - INFO - [LLM_CALL] Completed: index.html:chunk1, Duration: 301ms, PromptTokens: 4610, CompletionTokens: 59, Cost: $0.00048
2026-03-02 07:43:47,394 - Knowledge - INFO - done ingest for /app/data/T0015/327504/b918650/lu5-327504/docs/v0.0.5/math/tan/index.html
2026-03-02 07:43:47,408 - Knowledge - INFO - [kw17] Queue=79, InProgress=0, PendingWorkers=20/20, Completed=1285/1455 (88.3%)
2026-03-02 07:43:47,813 - Knowledge - INFO - Batch sizing: calculated=4, max_allowed=10, queue=79, active_workers=20/20
2026-03-02 07:43:47,837 - Knowledge - INFO - done ingest for /app/data/T0015/327504/b918650/lu5-327504/docs/v0.0.5/window/index.html
2026-03-02 07:43:48,054 - Knowledge - INFO - Async storing batch of 6 embeddings
2026-03-02 07:43:48,162 - Knowledge - INFO - Processing batch of 6 files
2026-03-02 07:43:48,249 - Knowledge - INFO - Worker kw17 processing /app/data/T0015/327504/b918650/lu5-327504/site/static/css/common.css
2026-03-02 07:43:48,340 - Knowledge - INFO - process ingested knowledge for /app/data/T0015/327504/b918650/lu5-327504/docs/v0.0.5/window/height/index.html
2026-03-02 07:43:48,500 - Knowledge - INFO - Fast-tracked /app/data/T0015/327504/b918650/lu5-327504/site/static/css/common.css (ext=.css, size=1983)
2026-03-02 07:43:48,504 - Knowledge - INFO - [LLM_CALL] Completed: index.html:chunk1, Duration: 397ms, PromptTokens: 4436, CompletionTokens: 59, Cost: $0.00047
2026-03-02 07:43:48,591 - Knowledge - INFO - process ingested knowledge for /app/data/T0015/327504/b918650/lu5-327504/docs/v0.0.5/window/height/meta.json
2026-03-02 07:43:48,677 - Knowledge - INFO - Worker kw17 processing /app/data/T0015/327504/b918650/lu5-327504/site/static/css/docs.css
2026-03-02 07:43:48,776 - Knowledge - INFO - done ingest for /app/data/T0015/327504/b918650/lu5-327504/docs/v0.0.5/keyboard/RIGHT_ARROW/index.html
2026-03-02 07:43:48,885 - Knowledge - INFO - process ingested knowledge for /app/data/T0015/327504/b918650/lu5-327504/docs/v0.0.5/window/deltaTime/index.html
2026-03-02 07:43:49,000 - Knowledge - INFO - Fast-tracked /app/data/T0015/327504/b918650/lu5-327504/site/static/css/docs.css (ext=.css, size=6189)
2026-03-02 07:43:49,213 - Knowledge - INFO - process ingested knowledge for /app/data/T0015/327504/b918650/lu5-327504/docs/v0.0.5/window/deltaTime/meta.json
2026-03-02 07:43:49,294 - Knowledge - INFO - Worker kw17 processing /app/data/T0015/327504/b918650/lu5-327504/site/static/css/editor-theme.css
2026-03-02 07:43:49,458 - Knowledge - INFO - process ingested knowledge for /app/data/T0015/327504/b918650/lu5-327504/docs/v0.0.5/window/index.html
2026-03-02 07:43:49,502 - Knowledge - INFO - done ingest for /app/data/T0015/327504/b918650/lu5-327504/docs/v0.0.5/classes/class/index.html
2026-03-02 07:43:49,570 - Knowledge - INFO - Fast-tracked /app/data/T0015/327504/b918650/lu5-327504/site/static/css/editor-theme.css (ext=.css, size=672)
2026-03-02 07:43:49,636 - Knowledge - INFO - done ingest for /app/data/T0015/327504/b918650/lu5-327504/docs/v0.0.5/setting/push/index.html
2026-03-02 07:43:49,696 - Knowledge - INFO - process ingested knowledge for /app/data/T0015/327504/b918650/lu5-327504/docs/v0.0.5/window/frameRate/index.html
2026-03-02 07:43:49,768 - Knowledge - INFO - Async storage completed for 6 embeddings
2026-03-02 07:43:49,892 - Knowledge - INFO - Worker kw17 processing /app/data/T0015/327504/b918650/lu5-327504/site/static/css/lu5-hljs-theme.css
2026-03-02 07:43:50,300 - Knowledge - INFO - Fast-tracked /app/data/T0015/327504/b918650/lu5-327504/site/static/css/lu5-hljs-theme.css (ext=.css, size=1329)
2026-03-02 07:43:50,499 - Knowledge - INFO - Async storage completed for 6 embeddings
2026-03-02 07:43:50,694 - Knowledge - INFO - Processing batch of 4 files
2026-03-02 07:43:50,926 - Knowledge - INFO - process ingested knowledge for /app/data/T0015/327504/b918650/lu5-327504/site/static/css/common.css
2026-03-02 07:43:50,939 - Knowledge - INFO - Async storage completed for 6 embeddings
2026-03-02 07:43:51,004 - Knowledge - INFO - done ingest for /app/data/T0015/327504/b918650/lu5-327504/docs/v0.0.5/setting/pop/index.html
2026-03-02 07:43:51,058 - Knowledge - INFO - [WEBSOCKET] Sent: Type=progress_update, Size: 293, Duration: 0ms
2026-03-02 07:43:51,120 - Knowledge - INFO - process ingested knowledge for /app/data/T0015/327504/b918650/lu5-327504/site/static/css/docs.css
2026-03-02 07:43:51,507 - Knowledge - INFO - Processing batch of 5 files
2026-03-02 07:43:51,508 - Knowledge - INFO - done ingest for /app/data/T0015/327504/b918650/lu5-327504/docs/v0.0.5/math/index.html
2026-03-02 07:43:51,509 - Knowledge - INFO - [WEBSOCKET] Sent: Type=unknown, Size: ?, Duration: 452ms
2026-03-02 07:43:51,581 - Knowledge - INFO - process ingested knowledge for /app/data/T0015/327504/b918650/lu5-327504/site/static/css/editor-theme.css
2026-03-02 07:43:51,741 - Knowledge - INFO - process ingested knowledge for /app/data/T0015/327504/b918650/lu5-327504/docs/v0.0.5/setting/fill/meta.json
2026-03-02 07:43:51,969 - Knowledge - INFO - Progress: 89.0% | Files: 1305/1455 | Rate: 1.69 files/sec | Queue: 75
2026-03-02 07:43:51,970 - Knowledge - INFO - done ingest for /app/data/T0015/327504/b918650/lu5-327504/docs/v0.0.5/classes/index.html
2026-03-02 07:43:51,972 - Knowledge - INFO - Processing batch of 5 files
2026-03-02 07:43:52,055 - Knowledge - INFO - process ingested knowledge for /app/data/T0015/327504/b918650/lu5-327504/site/static/css/lu5-hljs-theme.css
2026-03-02 07:43:52,079 - Knowledge - INFO - Async storage completed for 6 embeddings
2026-03-02 07:43:52,152 - Knowledge - INFO - process ingested knowledge for /app/data/T0015/327504/b918650/lu5-327504/docs/v0.0.5/setting/pop/index.html
2026-03-02 07:43:52,240 - Knowledge - INFO - [kw1] Queue=75, InProgress=0, PendingWorkers=20/20, Completed=1305/1455 (89.7%)
2026-03-02 07:43:52,528 - Knowledge - INFO - process ingested knowledge for /app/data/T0015/327504/b918650/lu5-327504/docs/v0.0.5/math/tan/index.html
2026-03-02 07:43:52,532 - Knowledge - INFO - done ingest for /app/data/T0015/327504/b918650/lu5-327504/docs/v0.0.5/setting/fill/index.html
2026-03-02 07:43:52,910 - Knowledge - INFO - process ingested knowledge for /app/data/T0015/327504/b918650/lu5-327504/docs/v0.0.5/setting/pop/meta.json
2026-03-02 07:43:52,923 - Knowledge - INFO - Batch sizing: calculated=4, max_allowed=10, queue=75, active_workers=20/20
2026-03-02 07:43:53,063 - Knowledge - INFO - process ingested knowledge for /app/data/T0015/327504/b918650/lu5-327504/docs/v0.0.5/math/tan/meta.json
2026-03-02 07:43:53,208 - Knowledge - INFO - process ingested knowledge for /app/data/T0015/327504/b918650/lu5-327504/docs/v0.0.5/keyboard/RIGHT_ARROW/index.html
2026-03-02 07:43:53,246 - Knowledge - INFO - [kw17] Queue=75, InProgress=0, PendingWorkers=20/20, Completed=1305/1455 (89.7%)
2026-03-02 07:43:53,275 - Knowledge - INFO - Async storing batch of 6 embeddings
2026-03-02 07:43:53,399 - Knowledge - INFO - process ingested knowledge for /app/data/T0015/327504/b918650/lu5-327504/docs/v0.0.5/math/index.html
2026-03-02 07:43:53,487 - Knowledge - INFO - process ingested knowledge for /app/data/T0015/327504/b918650/lu5-327504/docs/v0.0.5/keyboard/RIGHT_ARROW/meta.json
2026-03-02 07:43:53,575 - Knowledge - INFO - Batch sizing: calculated=4, max_allowed=10, queue=75, active_workers=20/20
2026-03-02 07:43:53,648 - Knowledge - INFO - Worker kw1 processing /app/data/T0015/327504/b918650/lu5-327504/site/static/js/menu.js
2026-03-02 07:43:53,740 - Knowledge - INFO - process ingested knowledge for /app/data/T0015/327504/b918650/lu5-327504/docs/v0.0.5/classes/class/index.html
2026-03-02 07:43:53,981 - Knowledge - INFO - Async storing batch of 4 embeddings
2026-03-02 07:43:54,063 - Knowledge - INFO - Fast-tracked /app/data/T0015/327504/b918650/lu5-327504/site/static/js/menu.js (ext=.js, size=1229)
2026-03-02 07:43:54,239 - Knowledge - INFO - [LLM_CALL] Completed: index.html:chunk1, Duration: 874ms, PromptTokens: 4600, CompletionTokens: 59, Cost: $0.00048
2026-03-02 07:43:54,254 - Knowledge - INFO - process ingested knowledge for /app/data/T0015/327504/b918650/lu5-327504/docs/v0.0.5/classes/class/meta.json
2026-03-02 07:43:54,303 - Knowledge - INFO - Worker kw17 processing /app/data/T0015/327504/b918650/lu5-327504/site/static/lib/lu5-wasm.min.js
2026-03-02 07:43:54,424 - Knowledge - INFO - Worker kw1 processing /app/data/T0015/327504/b918650/lu5-327504/site/static/js/image.js
2026-03-02 07:43:54,507 - Knowledge - INFO - done ingest for /app/data/T0015/327504/b918650/lu5-327504/docs/v0.0.5/setting/strokeWeight/index.html
2026-03-02 07:43:54,723 - Knowledge - INFO - Fast-tracked /app/data/T0015/327504/b918650/lu5-327504/site/static/lib/lu5-wasm.min.js (ext=.js, size=18849)
2026-03-02 07:43:54,815 - Knowledge - INFO - Async storage completed for 5 embeddings
2026-03-02 07:43:54,823 - Knowledge - INFO - done ingest for /app/data/T0015/327504/b918650/lu5-327504/docs/v0.0.5/setting/noFill/index.html
2026-03-02 07:43:54,832 - Knowledge - INFO - [kw13] Queue=67, InProgress=0, PendingWorkers=20/20, Completed=1305/1455 (89.7%)
2026-03-02 07:43:54,840 - Knowledge - INFO - Fast-tracked /app/data/T0015/327504/b918650/lu5-327504/site/static/js/image.js (ext=.js, size=753)
2026-03-02 07:43:55,035 - Knowledge - INFO - Worker kw17 processing /app/data/T0015/327504/b918650/lu5-327504/site/static/lib/lu5-wasm-lib.min.js
2026-03-02 07:43:55,110 - Knowledge - INFO - Processing batch of 5 files
2026-03-02 07:43:55,195 - Knowledge - INFO - done ingest for /app/data/T0015/327504/b918650/lu5-327504/docs/v0.0.5/setting/noStroke/index.html
2026-03-02 07:43:55,422 - Knowledge - INFO - Batch sizing: calculated=4, max_allowed=10, queue=67, active_workers=20/20
2026-03-02 07:43:55,485 - Knowledge - INFO - done ingest for /app/data/T0015/327504/b918650/lu5-327504/docs/v0.0.5/keyboard/LEFT_ARROW/index.html
2026-03-02 07:43:55,521 - Knowledge - INFO - Worker kw1 processing /app/data/T0015/327504/b918650/lu5-327504/site/static/js/search.js
2026-03-02 07:43:55,658 - Knowledge - INFO - Fast-tracked /app/data/T0015/327504/b918650/lu5-327504/site/static/lib/lu5-wasm-lib.min.js (ext=.js, size=17979)
2026-03-02 07:43:55,739 - Knowledge - INFO - process ingested knowledge for /app/data/T0015/327504/b918650/lu5-327504/docs/v0.0.5/classes/index.html
2026-03-02 07:43:55,932 - Knowledge - INFO - [kw20] Queue=67, InProgress=0, PendingWorkers=20/20, Completed=1310/1455 (90.0%)
2026-03-02 07:43:55,978 - Knowledge - INFO - Async storing batch of 5 embeddings
2026-03-02 07:43:56,160 - Knowledge - INFO - Worker kw1 processing /app/data/T0015/327504/b918650/lu5-327504/site/static/js/download.js
2026-03-02 07:43:56,270 - Knowledge - INFO - Worker kw17 processing /app/data/T0015/327504/b918650/lu5-327504/site/static/lib/lu5-console.js
2026-03-02 07:43:56,465 - Knowledge - INFO - process ingested knowledge for /app/data/T0015/327504/b918650/lu5-327504/docs/v0.0.5/setting/strokeWeight/index.html
2026-03-02 07:43:56,557 - Knowledge - INFO - Batch sizing: calculated=4, max_allowed=10, queue=67, active_workers=20/20
2026-03-02 07:43:56,662 - Knowledge - INFO - Worker kw13 processing /app/data/T0015/327504/b918650/lu5-327504/site/static/lib/lu5-console.min.js
2026-03-02 07:43:56,735 - Knowledge - INFO - Fast-tracked /app/data/T0015/327504/b918650/lu5-327504/site/static/js/download.js (ext=.js, size=1211)
2026-03-02 07:43:56,864 - Knowledge - INFO - Worker kw17 processing /app/data/T0015/327504/b918650/lu5-327504/site/static/lib/lu5-editor.js
2026-03-02 07:43:56,935 - Knowledge - INFO - [LLM_CALL] Completed: index.html:chunk1, Duration: 946ms, PromptTokens: 4560, CompletionTokens: 59, Cost: $0.00048
2026-03-02 07:43:56,966 - Knowledge - INFO - process ingested knowledge for /app/data/T0015/327504/b918650/lu5-327504/docs/v0.0.5/setting/strokeWeight/meta.json
2026-03-02 07:43:57,095 - Knowledge - INFO - Async storage completed for 6 embeddings
2026-03-02 07:43:57,178 - Knowledge - INFO - Fast-tracked /app/data/T0015/327504/b918650/lu5-327504/site/static/lib/lu5-console.min.js (ext=.js, size=3408)
2026-03-02 07:43:57,501 - Knowledge - INFO - done ingest for /app/data/T0015/327504/b918650/lu5-327504/docs/v0.0.5/keyboard/keyPressed/index.html
2026-03-02 07:43:57,502 - Knowledge - INFO - done ingest for /app/data/T0015/327504/b918650/lu5-327504/docs/v0.0.5/setting/index.html
2026-03-02 07:43:57,502 - Knowledge - INFO - Async storing batch of 5 embeddings
2026-03-02 07:43:57,644 - Knowledge - INFO - process ingested knowledge for /app/data/T0015/327504/b918650/lu5-327504/docs/v0.0.5/setting/push/index.html
2026-03-02 07:43:57,714 - Knowledge - INFO - done ingest for /app/data/T0015/327504/b918650/lu5-327504/docs/v0.0.5/keyboard/keyReleased/index.html
2026-03-02 07:43:57,786 - Knowledge - INFO - Async storage completed for 5 embeddings
2026-03-02 07:43:57,835 - Knowledge - INFO - Worker kw13 processing /app/data/T0015/327504/b918650/lu5-327504/site/static/lib/codemirror.min.js
2026-03-02 07:43:58,073 - Knowledge - INFO - Processing batch of 5 files
2026-03-02 07:43:58,162 - Knowledge - INFO - Worker kw20 processing /app/data/T0015/327504/b918650/lu5-327504/site/components/MethodCalls.lua
2026-03-02 07:43:58,184 - Knowledge - INFO - [LLM_CALL] Completed: index.html:chunk1, Duration: 218ms, PromptTokens: 4690, CompletionTokens: 59, Cost: $0.00049
2026-03-02 07:43:58,270 - Knowledge - INFO - process ingested knowledge for /app/data/T0015/327504/b918650/lu5-327504/docs/v0.0.5/setting/push/meta.json
2026-03-02 07:43:58,539 - Knowledge - INFO - Async storage completed for 6 embeddings
2026-03-02 07:43:58,610 - Knowledge - INFO - Fast-tracked /app/data/T0015/327504/b918650/lu5-327504/site/static/lib/codemirror.min.js (ext=.js, size=588130)
2026-03-02 07:43:58,722 - Knowledge - INFO - process ingested knowledge for /app/data/T0015/327504/b918650/lu5-327504/docs/v0.0.5/setting/noFill/meta.json
2026-03-02 07:43:58,837 - Knowledge - INFO - Fast-tracked /app/data/T0015/327504/b918650/lu5-327504/site/components/MethodCalls.lua (ext=.lua, size=1161)
2026-03-02 07:43:58,908 - Knowledge - INFO - done ingest for /app/data/T0015/327504/b918650/lu5-327504/docs/v0.0.5/setting/background/index.html
2026-03-02 07:43:58,909 - Knowledge - INFO - Processing batch of 5 files
2026-03-02 07:43:59,227 - Knowledge - INFO - Worker kw13 processing /app/data/T0015/327504/b918650/lu5-327504/site/static/lib/lu5-editor.min.js
2026-03-02 07:43:59,309 - Knowledge - INFO - process ingested knowledge for /app/data/T0015/327504/b918650/lu5-327504/docs/v0.0.5/setting/noStroke/index.html
2026-03-02 07:43:59,425 - Knowledge - INFO - Worker kw20 processing /app/data/T0015/327504/b918650/lu5-327504/site/components/ModuleSummary.lua
2026-03-02 07:43:59,428 - Knowledge - INFO - [LLM_CALL] Completed: index.html:chunk1, Duration: 247ms, PromptTokens: 4436, CompletionTokens: 59, Cost: $0.00047
2026-03-02 07:43:59,606 - Knowledge - INFO - process ingested knowledge for /app/data/T0015/327504/b918650/lu5-327504/docs/v0.0.5/keyboard/ENTER/meta.json
2026-03-02 07:43:59,724 - Knowledge - INFO - Fast-tracked /app/data/T0015/327504/b918650/lu5-327504/site/static/lib/lu5-editor.min.js (ext=.js, size=10208)
2026-03-02 07:43:59,805 - Knowledge - INFO - process ingested knowledge for /app/data/T0015/327504/b918650/lu5-327504/docs/v0.0.5/setting/noStroke/meta.json
2026-03-02 07:43:59,935 - Knowledge - INFO - Fast-tracked /app/data/T0015/327504/b918650/lu5-327504/site/components/ModuleSummary.lua (ext=.lua, size=813)
2026-03-02 07:44:00,004 - Knowledge - INFO - done ingest for /app/data/T0015/327504/b918650/lu5-327504/docs/v0.0.5/keyboard/UP_ARROW/index.html
2026-03-02 07:44:00,004 - Knowledge - INFO - [kw3] Queue=59, InProgress=0, PendingWorkers=20/20, Completed=1320/1455 (90.7%)
2026-03-02 07:44:00,103 - Knowledge - INFO - process ingested knowledge for /app/data/T0015/327504/b918650/lu5-327504/docs/v0.0.5/keyboard/keyReleased/index.html
2026-03-02 07:44:00,202 - Knowledge - INFO - Worker kw13 processing /app/data/T0015/327504/b918650/lu5-327504/site/components/Navigation.lua
2026-03-02 07:44:00,234 - Knowledge - INFO - done ingest for /app/data/T0015/327504/b918650/lu5-327504/docs/examples/index.html
2026-03-02 07:44:00,291 - Knowledge - INFO - process ingested knowledge for /app/data/T0015/327504/b918650/lu5-327504/docs/v0.0.5/setting/index.html
2026-03-02 07:44:00,369 - Knowledge - INFO - Worker kw20 processing /app/data/T0015/327504/b918650/lu5-327504/site/components/LU5Canvas.lua
2026-03-02 07:44:00,538 - Knowledge - INFO - Processing batch of 5 files
2026-03-02 07:44:00,605 - Knowledge - INFO - Batch sizing: calculated=4, max_allowed=10, queue=59, active_workers=20/20
2026-03-02 07:44:00,744 - Knowledge - INFO - process ingested knowledge for /app/data/T0015/327504/b918650/lu5-327504/docs/v0.0.5/keyboard/keyReleased/meta.json
2026-03-02 07:44:00,841 - Knowledge - INFO - Fast-tracked /app/data/T0015/327504/b918650/lu5-327504/site/components/Navigation.lua (ext=.lua, size=834)
2026-03-02 07:44:00,973 - Knowledge - INFO - Processing batch of 4 files
2026-03-02 07:44:01,026 - Knowledge - INFO - done ingest for /app/data/T0015/327504/b918650/lu5-327504/docs/v0.0.5/setting/stroke/index.html
2026-03-02 07:44:01,041 - Knowledge - INFO - process ingested knowledge for /app/data/T0015/327504/b918650/lu5-327504/docs/v0.0.5/setting/fill/index.html
2026-03-02 07:44:01,194 - Knowledge - INFO - Fast-tracked /app/data/T0015/327504/b918650/lu5-327504/site/components/LU5Canvas.lua (ext=.lua, size=1236)
2026-03-02 07:44:01,197 - Knowledge - INFO - done ingest for /app/data/T0015/327504/b918650/lu5-327504/docs/v0.0.5/keyboard/keyHeld/index.html
2026-03-02 07:44:01,268 - Knowledge - INFO - process ingested knowledge for /app/data/T0015/327504/b918650/lu5-327504/docs/v0.0.5/keyboard/keyPressed/index.html
2026-03-02 07:44:01,377 - Knowledge - INFO - Async storing batch of 5 embeddings
2026-03-02 07:44:01,390 - Knowledge - INFO - Async storage completed for 6 embeddings
2026-03-02 07:44:01,495 - Knowledge - INFO - process ingested knowledge for /app/data/T0015/327504/b918650/lu5-327504/docs/v0.0.5/keyboard/LEFT_ARROW/index.html
2026-03-02 07:44:01,599 - Knowledge - INFO - Async storage completed for 5 embeddings
2026-03-02 07:44:01,667 - Knowledge - INFO - process ingested knowledge for /app/data/T0015/327504/b918650/lu5-327504/docs/examples/luax.html
2026-03-02 07:44:01,800 - Knowledge - INFO - Processing batch of 5 files
2026-03-02 07:44:02,043 - Knowledge - INFO - Worker kw20 processing /app/data/T0015/327504/b918650/lu5-327504/site/components/Method.lua
2026-03-02 07:44:02,302 - Knowledge - INFO - done ingest for /app/data/T0015/327504/b918650/lu5-327504/docs/v0.0.5/keyboard/ENTER/index.html
2026-03-02 07:44:02,354 - Knowledge - INFO - process ingested knowledge for /app/data/T0015/327504/b918650/lu5-327504/docs/v0.0.5/keyboard/keyPressed/meta.json
2026-03-02 07:44:02,436 - Knowledge - INFO - Worker kw3 processing /app/data/T0015/327504/b918650/lu5-327504/site/components/Home/Download.lua
2026-03-02 07:44:02,672 - Knowledge - INFO - process ingested knowledge for /app/data/T0015/327504/b918650/lu5-327504/docs/v0.0.5/keyboard/LEFT_ARROW/meta.json
2026-03-02 07:44:02,713 - Knowledge - INFO - Processing batch of 4 files
2026-03-02 07:44:02,812 - Knowledge - INFO - process ingested knowledge for /app/data/T0015/327504/b918650/lu5-327504/docs/examples/test.html
2026-03-02 07:44:02,826 - Knowledge - INFO - process ingested knowledge for /app/data/T0015/327504/b918650/lu5-327504/docs/v0.0.5/setting/background/index.html
2026-03-02 07:44:02,835 - Knowledge - INFO - [WEBSOCKET] Sent: Type=progress_update, Size: 296, Duration: 0ms
2026-03-02 07:44:02,941 - Knowledge - INFO - Fast-tracked /app/data/T0015/327504/b918650/lu5-327504/site/components/Method.lua (small file (2946 bytes))
2026-03-02 07:44:03,187 - Knowledge - INFO - process ingested knowledge for /app/data/T0015/327504/b918650/lu5-327504/docs/v0.0.5/keyboard/UP_ARROW/index.html
2026-03-02 07:44:03,255 - Knowledge - INFO - Fast-tracked /app/data/T0015/327504/b918650/lu5-327504/site/components/Home/Download.lua (ext=.lua, size=1923)
2026-03-02 07:44:03,487 - Knowledge - INFO - process ingested knowledge for /app/data/T0015/327504/b918650/lu5-327504/site/static/lib/lu5-console.min.js
2026-03-02 07:44:03,611 - Knowledge - INFO - process ingested knowledge for /app/data/T0015/327504/b918650/lu5-327504/docs/examples/index.html
2026-03-02 07:44:03,665 - Knowledge - INFO - process ingested knowledge for /app/data/T0015/327504/b918650/lu5-327504/docs/v0.0.5/setting/background/meta.json
2026-03-02 07:44:03,785 - Knowledge - INFO - [WEBSOCKET] Sent: Type=unknown, Size: ?, Duration: 950ms
2026-03-02 07:44:03,892 - Knowledge - INFO - Async storage completed for 5 embeddings
2026-03-02 07:44:03,974 - Knowledge - INFO - process ingested knowledge for /app/data/T0015/327504/b918650/lu5-327504/docs/v0.0.5/keyboard/UP_ARROW/meta.json
2026-03-02 07:44:04,014 - Knowledge - INFO - Async storage completed for 5 embeddings
2026-03-02 07:44:04,116 - Knowledge - INFO - Worker kw3 processing /app/data/T0015/327504/b918650/lu5-327504/site/components/Home/PictureMosaic.lua
2026-03-02 07:44:04,274 - Knowledge - INFO - process ingested knowledge for /app/data/T0015/327504/b918650/lu5-327504/site/static/lib/codemirror.min.js
2026-03-02 07:44:04,378 - Knowledge - INFO - process ingested knowledge for /app/data/T0015/327504/b918650/lu5-327504/docs/examples/luax-test.lua
2026-03-02 07:44:04,460 - Knowledge - INFO - process ingested knowledge for /app/data/T0015/327504/b918650/lu5-327504/docs/v0.0.5/setting/stroke/index.html
2026-03-02 07:44:04,551 - Knowledge - INFO - Progress: 92.0% | Files: 1338/1455 | Rate: 1.71 files/sec | Queue: 55
2026-03-02 07:44:04,551 - Knowledge - INFO - [LLM_CALL] Completed: index.html:chunk1, Duration: 2117ms, PromptTokens: 4828, CompletionTokens: 59, Cost: $0.00051
2026-03-02 07:44:04,767 - Knowledge - INFO - process ingested knowledge for /app/data/T0015/327504/b918650/lu5-327504/docs/v0.0.5/modules.json
2026-03-02 07:44:04,962 - Knowledge - INFO - Fast-tracked /app/data/T0015/327504/b918650/lu5-327504/site/components/Home/PictureMosaic.lua (ext=.lua, size=939)
2026-03-02 07:44:05,049 - Knowledge - INFO - process ingested knowledge for /app/data/T0015/327504/b918650/lu5-327504/site/static/lib/lu5-editor.min.js
2026-03-02 07:44:05,262 - Knowledge - INFO - process ingested knowledge for /app/data/T0015/327504/b918650/lu5-327504/docs/v0.0.5/setting/stroke/meta.json
2026-03-02 07:44:05,460 - Knowledge - INFO - done ingest for /app/data/T0015/327504/b918650/lu5-327504/docs/v0.0.5/math/random/index.html
2026-03-02 07:44:05,467 - Knowledge - INFO - [LLM_CALL] Completed: index.html:chunk1, Duration: 5ms, PromptTokens: 6990, CompletionTokens: 59, Cost: $0.00072
2026-03-02 07:44:05,484 - Knowledge - INFO - [kw5] Queue=55, InProgress=0, PendingWorkers=20/20, Completed=1342/1455 (92.2%)
2026-03-02 07:44:05,486 - Knowledge - INFO - [kw10] Queue=55, InProgress=0, PendingWorkers=20/20, Completed=1342/1455 (92.2%)
2026-03-02 07:44:05,655 - Knowledge - INFO - Worker kw3 processing /app/data/T0015/327504/b918650/lu5-327504/site/components/Home/Releases.lua
2026-03-02 07:44:05,722 - Knowledge - INFO - Async storage completed for 6 embeddings
2026-03-02 07:44:05,888 - Knowledge - INFO - process ingested knowledge for /app/data/T0015/327504/b918650/lu5-327504/site/components/Navigation.lua
2026-03-02 07:44:06,008 - Knowledge - INFO - process ingested knowledge for /app/data/T0015/327504/b918650/lu5-327504/docs/v0.0.5/setting/noFill/index.html
2026-03-02 07:44:06,073 - Knowledge - INFO - done ingest for /app/data/T0015/327504/b918650/lu5-327504/docs/v0.0.5/keyboard/index.html
2026-03-02 07:44:06,073 - Knowledge - INFO - Processing batch of 4 files
2026-03-02 07:44:06,073 - Knowledge - INFO - [LLM_CALL] Completed: index.html:chunk1, Duration: 0ms, PromptTokens: 4436, CompletionTokens: 59, Cost: $0.00047
2026-03-02 07:44:06,220 - Knowledge - INFO - Batch sizing: calculated=4, max_allowed=10, queue=55, active_workers=20/20
2026-03-02 07:44:06,360 - Knowledge - INFO - Batch sizing: calculated=4, max_allowed=10, queue=55, active_workers=20/20
2026-03-02 07:44:06,482 - Knowledge - INFO - Worker kw3 processing /app/data/T0015/327504/b918650/lu5-327504/site/components/Home/DocumentationIndex.lua
2026-03-02 07:44:06,502 - Knowledge - INFO - Async storage completed for 6 embeddings
2026-03-02 07:44:07,154 - Knowledge - INFO - process ingested knowledge for /app/data/T0015/327504/b918650/lu5-327504/site/components/MethodCalls.lua
2026-03-02 07:44:07,291 - Knowledge - INFO - done ingest for /app/data/T0015/327504/b918650/lu5-327504/docs/v0.0.5/keyboard/DOWN_ARROW/index.html
2026-03-02 07:44:07,297 - Knowledge - INFO - [LLM_CALL] Completed: index.html:chunk1, Duration: 6ms, PromptTokens: 4612, CompletionTokens: 59, Cost: $0.00048
2026-03-02 07:44:07,579 - Knowledge - INFO - Fast-tracked /app/data/T0015/327504/b918650/lu5-327504/site/components/Home/DocumentationIndex.lua (ext=.lua, size=1182)
2026-03-02 07:44:07,821 - Knowledge - INFO - Async storage completed for 5 embeddings
2026-03-02 07:44:08,041 - Knowledge - INFO - done ingest for /app/data/T0015/327504/b918650/lu5-327504/docs/v0.0.5/math/cos/index.html
2026-03-02 07:44:08,063 - Knowledge - INFO - Async storing batch of 5 embeddings
2026-03-02 07:44:08,064 - Knowledge - INFO - [LLM_CALL] Completed: Editor.lua:chunk1, Duration: 21687ms, PromptTokens: 3080, CompletionTokens: 343, Cost: $0.00045
2026-03-02 07:44:08,074 - Knowledge - INFO - Async storing batch of 5 embeddings
2026-03-02 07:44:08,157 - Knowledge - INFO - process ingested knowledge for /app/data/T0015/327504/b918650/lu5-327504/site/components/ModuleSummary.lua
2026-03-02 07:44:08,199 - Knowledge - INFO - [kw6] Queue=47, InProgress=0, PendingWorkers=20/20, Completed=1343/1455 (92.3%)
2026-03-02 07:44:08,274 - Knowledge - INFO - Fast-tracked /app/data/T0015/327504/b918650/lu5-327504/site/components/Home/Releases.lua (small file (2612 bytes))
2026-03-02 07:44:08,578 - Knowledge - INFO - Worker kw5 processing /app/data/T0015/327504/b918650/lu5-327504/site/components/MethodExample.lua
2026-03-02 07:44:08,777 - Knowledge - INFO - done ingest for /app/data/T0015/327504/b918650/lu5-327504/site/pages/Editor.lua
2026-03-02 07:44:08,795 - Knowledge - INFO - Processing batch of 5 files
2026-03-02 07:44:08,830 - Knowledge - INFO - done ingest for /app/data/T0015/327504/b918650/lu5-327504/docs/v0.0.5/keyboard/BACKSPACE/index.html
2026-03-02 07:44:08,878 - Knowledge - INFO - [kw14] Queue=47, InProgress=0, PendingWorkers=20/20, Completed=1347/1455 (92.6%)
2026-03-02 07:44:08,881 - Knowledge - INFO - [kw13] Queue=47, InProgress=0, PendingWorkers=20/20, Completed=1347/1455 (92.6%)
2026-03-02 07:44:08,919 - Knowledge - INFO - Worker kw10 processing /app/data/T0015/327504/b918650/lu5-327504/site/components/Editor/icon_stop.lua
2026-03-02 07:44:09,251 - Knowledge - INFO - Batch sizing: calculated=4, max_allowed=10, queue=47, active_workers=20/20
2026-03-02 07:44:09,317 - Knowledge - INFO - process ingested knowledge for /app/data/T0015/327504/b918650/lu5-327504/site/components/LU5Canvas.lua
2026-03-02 07:44:09,397 - Knowledge - INFO - Async storage completed for 5 embeddings
2026-03-02 07:44:09,485 - Knowledge - INFO - done ingest for /app/data/T0015/327504/b918650/lu5-327504/docs/v0.0.5/image/image/index.html
2026-03-02 07:44:09,602 - Knowledge - INFO - Async storage completed for 5 embeddings
2026-03-02 07:44:09,603 - Knowledge - INFO - Fast-tracked /app/data/T0015/327504/b918650/lu5-327504/site/components/MethodExample.lua (ext=.lua, size=518)
2026-03-02 07:44:09,694 - Knowledge - INFO - done ingest for /app/data/T0015/327504/b918650/lu5-327504/docs/v0.0.5/math/PI/index.html
2026-03-02 07:44:09,784 - Knowledge - INFO - process ingested knowledge for /app/data/T0015/327504/b918650/lu5-327504/docs/v0.0.5/keyboard/DOWN_ARROW/index.html
2026-03-02 07:44:09,845 - Knowledge - INFO - Processing batch of 4 files
2026-03-02 07:44:09,944 - Knowledge - INFO - [kw18] Queue=47, InProgress=0, PendingWorkers=20/20, Completed=1351/1455 (92.9%)
2026-03-02 07:44:10,042 - Knowledge - INFO - Batch sizing: calculated=4, max_allowed=10, queue=47, active_workers=20/20
2026-03-02 07:44:10,186 - Knowledge - INFO - Batch sizing: calculated=4, max_allowed=10, queue=47, active_workers=20/20
2026-03-02 07:44:10,222 - Knowledge - INFO - done ingest for /app/data/T0015/327504/b918650/lu5-327504/docs/v0.0.5/typography/text/index.html
2026-03-02 07:44:10,268 - Knowledge - INFO - [LLM_CALL] Completed: search.js:chunk1, Duration: 12767ms, PromptTokens: 2804, CompletionTokens: 345, Cost: $0.00042
2026-03-02 07:44:10,275 - Knowledge - INFO - Fast-tracked /app/data/T0015/327504/b918650/lu5-327504/site/components/Editor/icon_stop.lua (ext=.lua, size=509)
2026-03-02 07:44:10,455 - Knowledge - INFO - process ingested knowledge for /app/data/T0015/327504/b918650/lu5-327504/site/components/Method.lua
2026-03-02 07:44:11,218 - Knowledge - INFO - Async storage completed for 5 embeddings
2026-03-02 07:44:11,227 - Knowledge - INFO - Worker kw5 processing /app/data/T0015/327504/b918650/lu5-327504/site/components/Editor/Menubar.lua
2026-03-02 07:44:11,451 - Knowledge - INFO - process ingested knowledge for /app/data/T0015/327504/b918650/lu5-327504/docs/v0.0.5/keyboard/DOWN_ARROW/meta.json
2026-03-02 07:44:11,535 - Knowledge - INFO - process ingested knowledge for /app/data/T0015/327504/b918650/lu5-327504/site/pages/Module.lua
2026-03-02 07:44:12,001 - Knowledge - INFO - Batch sizing: calculated=4, max_allowed=10, queue=47, active_workers=20/20
2026-03-02 07:44:12,382 - Knowledge - INFO - done ingest for /app/data/T0015/327504/b918650/lu5-327504/site/static/js/search.js
2026-03-02 07:44:12,382 - Knowledge - INFO - Processing batch of 4 files
2026-03-02 07:44:12,382 - Knowledge - INFO - done ingest for /app/data/T0015/327504/b918650/lu5-327504/docs/v0.0.5/keyboard/keyIsDown/index.html
2026-03-02 07:44:12,382 - Knowledge - INFO - Async storing batch of 4 embeddings
2026-03-02 07:44:12,383 - Knowledge - INFO - Processing batch of 5 files
2026-03-02 07:44:12,383 - Knowledge - INFO - done ingest for /app/data/T0015/327504/b918650/lu5-327504/docs/v0.0.5/image/loadImage/index.html
2026-03-02 07:44:12,383 - Knowledge - INFO - Async storing batch of 4 embeddings
2026-03-02 07:44:12,383 - Knowledge - INFO - done ingest for /app/data/T0015/327504/b918650/lu5-327504/docs/v0.0.5/mouse/mouseReleased/index.html
2026-03-02 07:44:12,384 - Knowledge - INFO - Async storing batch of 5 embeddings
2026-03-02 07:44:12,437 - Knowledge - INFO - Async storage completed for 6 embeddings
2026-03-02 07:44:12,523 - Knowledge - INFO - Worker kw10 processing /app/data/T0015/327504/b918650/lu5-327504/site/components/Editor/menubar.css
2026-03-02 07:44:12,648 - Knowledge - INFO - done ingest for /app/data/T0015/327504/b918650/lu5-327504/docs/v0.0.5/typography/textFont/index.html
2026-03-02 07:44:12,657 - Knowledge - INFO - Async storage completed for 5 embeddings
2026-03-02 07:44:12,880 - Knowledge - INFO - Fast-tracked /app/data/T0015/327504/b918650/lu5-327504/site/components/Editor/Menubar.lua (ext=.lua, size=596)
2026-03-02 07:44:13,090 - Knowledge - INFO - process ingested knowledge for /app/data/T0015/327504/b918650/lu5-327504/docs/v0.0.5/keyboard/keyHeld/index.html
2026-03-02 07:44:13,109 - Knowledge - INFO - process ingested knowledge for /app/data/T0015/327504/b918650/lu5-327504/site/pages/Home.lua
2026-03-02 07:44:13,240 - Knowledge - INFO - Async storing batch of 5 embeddings
2026-03-02 07:44:13,316 - Knowledge - INFO - [kw20] Queue=31, InProgress=0, PendingWorkers=20/20, Completed=1360/1455 (93.5%)
2026-03-02 07:44:13,333 - Knowledge - INFO - Processing batch of 4 files
2026-03-02 07:44:13,466 - Knowledge - INFO - process ingested knowledge for /app/data/T0015/327504/b918650/lu5-327504/site/components/Home/Download.lua
2026-03-02 07:44:13,614 - Knowledge - INFO - Processing batch of 5 files
2026-03-02 07:44:13,710 - Knowledge - INFO - Worker kw6 processing /app/data/T0015/327504/b918650/lu5-327504/site/tasks/build_docs.lua
2026-03-02 07:44:13,799 - Knowledge - INFO - process ingested knowledge for /app/data/T0015/327504/b918650/lu5-327504/docs/v0.0.5/math/random/index.html
2026-03-02 07:44:13,893 - Knowledge - INFO - Processing batch of 5 files
2026-03-02 07:44:13,983 - Knowledge - INFO - Worker kw13 processing /app/data/T0015/327504/b918650/lu5-327504/site/lib/json.lua
2026-03-02 07:44:14,021 - Knowledge - INFO - Async storage completed for 4 embeddings
2026-03-02 07:44:14,089 - Knowledge - INFO - done ingest for /app/data/T0015/327504/b918650/lu5-327504/docs/v0.0.5/typography/textSize/index.html
2026-03-02 07:44:14,223 - Knowledge - INFO - Worker kw14 processing /app/data/T0015/327504/b918650/lu5-327504/site/README.md
2026-03-02 07:44:14,359 - Knowledge - INFO - done ingest for /app/data/T0015/327504/b918650/lu5-327504/docs/v0.0.5/mouse/mouseX/index.html
2026-03-02 07:44:14,451 - Knowledge - INFO - Fast-tracked /app/data/T0015/327504/b918650/lu5-327504/site/components/Editor/menubar.css (ext=.css, size=817)
2026-03-02 07:44:14,543 - Knowledge - INFO - Processing batch of 4 files
2026-03-02 07:44:14,743 - Knowledge - INFO - Worker kw5 processing /app/data/T0015/327504/b918650/lu5-327504/site/components/Editor/editor.css
2026-03-02 07:44:14,906 - Knowledge - INFO - process ingested knowledge for /app/data/T0015/327504/b918650/lu5-327504/docs/v0.0.5/keyboard/keyHeld/meta.json
2026-03-02 07:44:15,064 - Knowledge - INFO - process ingested knowledge for /app/data/T0015/327504/b918650/lu5-327504/site/pages/Editor.lua
2026-03-02 07:44:15,167 - Knowledge - INFO - Worker kw18 processing /app/data/T0015/327504/b918650/lu5-327504/site/lib/parse.lua
2026-03-02 07:44:15,282 - Knowledge - INFO - Batch sizing: calculated=4, max_allowed=10, queue=31, active_workers=20/20
2026-03-02 07:44:15,293 - Knowledge - INFO - done ingest for /app/data/T0015/327504/b918650/lu5-327504/docs/v0.0.5/mouse/mouseIsPressed/index.html
2026-03-02 07:44:15,378 - Knowledge - INFO - process ingested knowledge for /app/data/T0015/327504/b918650/lu5-327504/site/static/js/menu.js
2026-03-02 07:44:15,502 - Knowledge - INFO - process ingested knowledge for /app/data/T0015/327504/b918650/lu5-327504/site/components/Home/PictureMosaic.lua
2026-03-02 07:44:15,555 - Knowledge - INFO - done ingest for /app/data/T0015/327504/b918650/lu5-327504/docs/v0.0.5/typography/index.html
2026-03-02 07:44:15,662 - Knowledge - INFO - process ingested knowledge for /app/data/T0015/327504/b918650/lu5-327504/docs/v0.0.5/keyboard/BACKSPACE/index.html
2026-03-02 07:44:15,746 - Knowledge - INFO - Worker kw6 processing /app/data/T0015/327504/b918650/lu5-327504/site/config.lua
2026-03-02 07:44:15,824 - Knowledge - INFO - process ingested knowledge for /app/data/T0015/327504/b918650/lu5-327504/docs/v0.0.5/math/random/meta.json
2026-03-02 07:44:15,901 - Knowledge - INFO - process ingested knowledge for /app/data/T0015/327504/b918650/lu5-327504/docs/v0.0.5/mouse/mousePressed/meta.json
2026-03-02 07:44:15,997 - Knowledge - INFO - Fast-tracked /app/data/T0015/327504/b918650/lu5-327504/site/lib/json.lua (ext=.lua, size=1574)
2026-03-02 07:44:16,237 - Knowledge - INFO - done ingest for /app/data/T0015/327504/b918650/lu5-327504/docs/v0.0.5/image/index.html
2026-03-02 07:44:16,342 - Knowledge - INFO - Fast-tracked /app/data/T0015/327504/b918650/lu5-327504/site/README.md (ext=.md, size=498)
2026-03-02 07:44:16,667 - Knowledge - INFO - process ingested knowledge for /app/data/T0015/327504/b918650/lu5-327504/docs/v0.0.5/typography/textFont/index.html
2026-03-02 07:44:16,525 - Knowledge - INFO - Worker kw10 processing /app/data/T0015/327504/b918650/lu5-327504/site/components/Editor/popup.css
2026-03-02 07:44:16,756 - Knowledge - INFO - done ingest for /app/data/T0015/327504/b918650/lu5-327504/docs/v0.0.5/mouse/mouseY/index.html
2026-03-02 07:44:16,894 - Knowledge - INFO - Fast-tracked /app/data/T0015/327504/b918650/lu5-327504/site/components/Editor/editor.css (ext=.css, size=2075)
2026-03-02 07:44:17,019 - Knowledge - INFO - process ingested knowledge for /app/data/T0015/327504/b918650/lu5-327504/docs/v0.0.5/keyboard/ENTER/index.html
2026-03-02 07:44:17,114 - Knowledge - INFO - process ingested knowledge for /app/data/T0015/327504/b918650/lu5-327504/site/pages/Reference.lua
2026-03-02 07:44:17,219 - Knowledge - INFO - Worker kw18 processing /app/data/T0015/327504/b918650/lu5-327504/README.md
2026-03-02 07:44:17,317 - Knowledge - INFO - Async storing batch of 4 embeddings
2026-03-02 07:44:17,511 - Knowledge - INFO - process ingested knowledge for /app/data/T0015/327504/b918650/lu5-327504/site/static/js/image.js
2026-03-02 07:44:17,546 - Knowledge - INFO - done ingest for /app/data/T0015/327504/b918650/lu5-327504/docs/v0.0.5/mouse/mousePressed/index.html
2026-03-02 07:44:17,648 - Knowledge - INFO - process ingested knowledge for /app/data/T0015/327504/b918650/lu5-327504/site/components/Home/Releases.lua
2026-03-02 07:44:17,879 - Knowledge - INFO - process ingested knowledge for /app/data/T0015/327504/b918650/lu5-327504/docs/v0.0.5/keyboard/BACKSPACE/meta.json
2026-03-02 07:44:18,036 - Knowledge - INFO - done ingest for /app/data/T0015/327504/b918650/lu5-327504/docs/editor/index.html
2026-03-02 07:44:18,039 - Knowledge - INFO - Worker kw6 processing /app/data/T0015/327504/b918650/lu5-327504/site/layout/Head.lua
2026-03-02 07:44:18,120 - Knowledge - INFO - process ingested knowledge for /app/data/T0015/327504/b918650/lu5-327504/docs/v0.0.5/math/PI/index.html
2026-03-02 07:44:18,210 - Knowledge - INFO - process ingested knowledge for /app/data/T0015/327504/b918650/lu5-327504/docs/v0.0.5/image/image/index.html
2026-03-02 07:44:18,488 - Knowledge - INFO - Worker kw13 processing /app/data/T0015/327504/b918650/lu5-327504/site/lib/search.lua
2026-03-02 07:44:18,727 - Knowledge - INFO - Worker kw14 processing /app/data/T0015/327504/b918650/lu5-327504/site/lib/file.lua
2026-03-02 07:44:18,785 - Knowledge - INFO - done ingest for /app/data/T0015/327504/b918650/lu5-327504/docs/v0.0.5/index.html
2026-03-02 07:44:18,866 - Knowledge - INFO - process ingested knowledge for /app/data/T0015/327504/b918650/lu5-327504/docs/v0.0.5/typography/textFont/meta.json
2026-03-02 07:44:19,038 - Knowledge - INFO - Fast-tracked /app/data/T0015/327504/b918650/lu5-327504/site/components/Editor/popup.css (ext=.css, size=949)
2026-03-02 07:44:19,235 - Knowledge - INFO - Processing batch of 5 files
2026-03-02 07:44:19,256 - Knowledge - INFO - Worker kw5 processing /app/data/T0015/327504/b918650/lu5-327504/site/components/Editor/icon_play.lua
2026-03-02 07:44:19,453 - Knowledge - INFO - [LLM_CALL] Completed: lu5-console.js:chunk1, Duration: 21951ms, PromptTokens: 3252, CompletionTokens: 464, Cost: $0.00051
2026-03-02 07:44:19,547 - Knowledge - INFO - Fast-tracked /app/data/T0015/327504/b918650/lu5-327504/README.md (ext=.md, size=1525)
2026-03-02 07:44:19,664 - Knowledge - INFO - Worker kw20 processing /app/data/T0015/327504/b918650/lu5-327504/tests/lib/assert.lua
2026-03-02 07:44:19,823 - Knowledge - INFO - process ingested knowledge for /app/data/T0015/327504/b918650/lu5-327504/site/static/js/search.js
2026-03-02 07:44:20,057 - Knowledge - INFO - process ingested knowledge for /app/data/T0015/327504/b918650/lu5-327504/site/components/Home/DocumentationIndex.lua
2026-03-02 07:44:20,238 - Knowledge - INFO - Worker kw6 processing /app/data/T0015/327504/b918650/lu5-327504/site/layout/RootLayout.lua
2026-03-02 07:44:20,242 - Knowledge - INFO - process ingested knowledge for /app/data/T0015/327504/b918650/lu5-327504/docs/v0.0.5/keyboard/keyIsDown/index.html
2026-03-02 07:44:20,352 - Knowledge - INFO - process ingested knowledge for /app/data/T0015/327504/b918650/lu5-327504/docs/v0.0.5/math/PI/meta.json
2026-03-02 07:44:20,456 - Knowledge - INFO - process ingested knowledge for /app/data/T0015/327504/b918650/lu5-327504/docs/v0.0.5/image/image/meta.json
2026-03-02 07:44:20,569 - Knowledge - INFO - Fast-tracked /app/data/T0015/327504/b918650/lu5-327504/site/lib/search.lua (ext=.lua, size=721)
2026-03-02 07:44:20,670 - Knowledge - INFO - Worker kw14 processing /app/data/T0015/327504/b918650/lu5-327504/site/lib/minify.lua
2026-03-02 07:44:20,860 - Knowledge - INFO - process ingested knowledge for /app/data/T0015/327504/b918650/lu5-327504/docs/v0.0.5/typography/text/index.html
2026-03-02 07:44:20,954 - Knowledge - INFO - Worker kw10 processing /app/data/T0015/327504/b918650/lu5-327504/site/components/SocialButton.lua
2026-03-02 07:44:21,047 - Knowledge - INFO - process ingested knowledge for /app/data/T0015/327504/b918650/lu5-327504/docs/v0.0.5/mouse/mouseY/index.html
2026-03-02 07:44:21,140 - Knowledge - INFO - Fast-tracked /app/data/T0015/327504/b918650/lu5-327504/site/components/Editor/icon_play.lua (ext=.lua, size=466)
2026-03-02 07:44:21,219 - Knowledge - INFO - done ingest for /app/data/T0015/327504/b918650/lu5-327504/site/static/lib/lu5-console.js
2026-03-02 07:44:21,219 - Knowledge - INFO - done ingest for /app/data/T0015/327504/b918650/lu5-327504/docs/v0.0.5/mouse/index.html
2026-03-02 07:44:21,221 - Knowledge - INFO - done ingest for /app/data/T0015/327504/b918650/lu5-327504/docs/v0.0.5/typography/loadFont/index.html
2026-03-02 07:44:21,222 - Knowledge - INFO - [WEBSOCKET] Sent: Type=progress_update, Size: 296, Duration: 0ms
2026-03-02 07:44:21,315 - Knowledge - INFO - Worker kw18 processing /app/data/T0015/327504/b918650/lu5-327504/tests/math.lua
2026-03-02 07:44:21,414 - Knowledge - INFO - Fast-tracked /app/data/T0015/327504/b918650/lu5-327504/tests/lib/assert.lua (ext=.lua, size=1303)
2026-03-02 07:44:21,539 - Knowledge - INFO - process ingested knowledge for /app/data/T0015/327504/b918650/lu5-327504/site/static/js/download.js
2026-03-02 07:44:21,903 - Knowledge - INFO - process ingested knowledge for /app/data/T0015/327504/b918650/lu5-327504/docs/v0.0.5/keyboard/keyIsDown/meta.json
2026-03-02 07:44:22,007 - Knowledge - INFO - process ingested knowledge for /app/data/T0015/327504/b918650/lu5-327504/docs/v0.0.5/math/cos/index.html
2026-03-02 07:44:22,043 - Knowledge - INFO - process ingested knowledge for /app/data/T0015/327504/b918650/lu5-327504/docs/v0.0.5/image/loadImage/index.html
2026-03-02 07:44:22,168 - Knowledge - INFO - Worker kw13 processing /app/data/T0015/327504/b918650/lu5-327504/site/lib/version.lua
2026-03-02 07:44:22,289 - Knowledge - INFO - Fast-tracked /app/data/T0015/327504/b918650/lu5-327504/site/lib/minify.lua (ext=.lua, size=1091)
2026-03-02 07:44:22,383 - Knowledge - INFO - process ingested knowledge for /app/data/T0015/327504/b918650/lu5-327504/docs/v0.0.5/typography/text/meta.json
2026-03-02 07:44:22,472 - Knowledge - INFO - Fast-tracked /app/data/T0015/327504/b918650/lu5-327504/site/components/SocialButton.lua (ext=.lua, size=295)
2026-03-02 07:44:22,573 - Knowledge - INFO - process ingested knowledge for /app/data/T0015/327504/b918650/lu5-327504/docs/v0.0.5/mouse/mouseY/meta.json
2026-03-02 07:44:22,661 - Knowledge - INFO - Async storage completed for 5 embeddings
2026-03-02 07:44:23,192 - Knowledge - INFO - Processing batch of 4 files
2026-03-02 07:44:23,196 - Knowledge - INFO - [kw9] Queue=27, InProgress=0, PendingWorkers=20/20, Completed=1396/1455 (95.9%)
2026-03-02 07:44:23,205 - Knowledge - INFO - Processing batch of 4 files
2026-03-02 07:44:23,206 - Knowledge - INFO - [WEBSOCKET] Sent: Type=unknown, Size: ?, Duration: 1984ms
2026-03-02 07:44:23,392 - Knowledge - INFO - Fast-tracked /app/data/T0015/327504/b918650/lu5-327504/tests/math.lua (ext=.lua, size=795)
2026-03-02 07:44:23,440 - Knowledge - INFO - Worker kw20 processing /app/data/T0015/327504/b918650/lu5-327504/ROADMAP.md
2026-03-02 07:44:23,731 - Knowledge - INFO - process ingested knowledge for /app/data/T0015/327504/b918650/lu5-327504/docs/v0.0.5/keyboard/index.html
2026-03-02 07:44:23,947 - Knowledge - INFO - Fast-tracked /app/data/T0015/327504/b918650/lu5-327504/site/lib/version.lua (ext=.lua, size=1047)
2026-03-02 07:44:23,971 - Knowledge - INFO - process ingested knowledge for /app/data/T0015/327504/b918650/lu5-327504/docs/v0.0.5/image/loadImage/meta.json
2026-03-02 07:44:24,038 - Knowledge - INFO - Worker kw14 processing /app/data/T0015/327504/b918650/lu5-327504/site/lib/luax.lua
2026-03-02 07:44:24,186 - Knowledge - INFO - Async storage completed for 5 embeddings
2026-03-02 07:44:24,434 - Knowledge - INFO - process ingested knowledge for /app/data/T0015/327504/b918650/lu5-327504/docs/v0.0.5/image/index.html
2026-03-02 07:44:24,474 - Knowledge - INFO - process ingested knowledge for /app/data/T0015/327504/b918650/lu5-327504/docs/v0.0.5/mouse/mouseReleased/index.html
2026-03-02 07:44:24,516 - Knowledge - INFO - Batch sizing: calculated=4, max_allowed=10, queue=27, active_workers=20/20
2026-03-02 07:44:24,598 - Knowledge - INFO - process ingested knowledge for /app/data/T0015/327504/b918650/lu5-327504/docs/v0.0.5/typography/index.html
2026-03-02 07:44:24,730 - Knowledge - INFO - Progress: 95.3% | Files: 1397/1455 | Rate: 1.75 files/sec | Queue: 27
2026-03-02 07:44:24,732 - Knowledge - INFO - Processing batch of 5 files
2026-03-02 07:44:24,732 - Knowledge - INFO - [LLM_CALL] Completed: lu5-editor.js:chunk1, Duration: 12350ms, PromptTokens: 5736, CompletionTokens: 623, Cost: $0.00082
2026-03-02 07:44:24,822 - Knowledge - INFO - Worker kw18 processing /app/data/T0015/327504/b918650/lu5-327504/tests/vector.lua
2026-03-02 07:44:24,870 - Knowledge - INFO - [kw3] Queue=27, InProgress=0, PendingWorkers=20/20, Completed=1398/1455 (96.1%)
2026-03-02 07:44:24,927 - Knowledge - INFO - Fast-tracked /app/data/T0015/327504/b918650/lu5-327504/ROADMAP.md (ext=.md, size=932)
2026-03-02 07:44:25,166 - Knowledge - INFO - Worker kw13 processing /app/data/T0015/327504/b918650/lu5-327504/site/lib/css.lua
2026-03-02 07:44:25,770 - Knowledge - INFO - process ingested knowledge for /app/data/T0015/327504/b918650/lu5-327504/docs/v0.0.5/index.html
2026-03-02 07:44:25,907 - Knowledge - INFO - process ingested knowledge for /app/data/T0015/327504/b918650/lu5-327504/docs/v0.0.5/mouse/mouseReleased/meta.json
2026-03-02 07:44:25,998 - Knowledge - INFO - process ingested knowledge for /app/data/T0015/327504/b918650/lu5-327504/docs/v0.0.5/typography/loadFont/index.html
2026-03-02 07:44:26,013 - Knowledge - INFO - [kw7] Queue=23, InProgress=0, PendingWorkers=20/20, Completed=1404/1455 (96.5%)
2026-03-02 07:44:26,093 - Knowledge - INFO - process ingested knowledge for /app/data/T0015/327504/b918650/lu5-327504/docs/v0.0.5/mouse/mouseX/meta.json
2026-03-02 07:44:26,187 - Knowledge - INFO - done ingest for /app/data/T0015/327504/b918650/lu5-327504/site/static/lib/lu5-editor.js
2026-03-02 07:44:26,188 - Knowledge - INFO - Processing batch of 4 files
2026-03-02 07:44:26,191 - Knowledge - INFO - Processing batch of 4 files
2026-03-02 07:44:26,191 - Knowledge - INFO - [kw15] Queue=23, InProgress=0, PendingWorkers=20/20, Completed=1404/1455 (96.5%)
2026-03-02 07:44:26,194 - Knowledge - INFO - Async storing batch of 5 embeddings
2026-03-02 07:44:26,196 - Knowledge - INFO - [kw11] Queue=23, InProgress=0, PendingWorkers=20/20, Completed=1404/1455 (96.5%)
2026-03-02 07:44:26,196 - Knowledge - INFO - [kw12] Queue=23, InProgress=0, PendingWorkers=20/20, Completed=1404/1455 (96.5%)
2026-03-02 07:44:26,196 - Knowledge - INFO - [kw1] Queue=23, InProgress=0, PendingWorkers=20/20, Completed=1404/1455 (96.5%)
2026-03-02 07:44:26,200 - Knowledge - INFO - [kw4] Queue=23, InProgress=0, PendingWorkers=20/20, Completed=1404/1455 (96.5%)
2026-03-02 07:44:26,274 - Knowledge - INFO - Fast-tracked /app/data/T0015/327504/b918650/lu5-327504/tests/vector.lua (ext=.lua, size=3760)
2026-03-02 07:44:26,355 - Knowledge - INFO - Batch sizing: calculated=4, max_allowed=10, queue=27, active_workers=20/20
2026-03-02 07:44:26,447 - Knowledge - INFO - Worker kw20 processing /app/data/T0015/327504/b918650/lu5-327504/CONTRIBUTING.md
2026-03-02 07:44:26,578 - Knowledge - INFO - Fast-tracked /app/data/T0015/327504/b918650/lu5-327504/site/lib/css.lua (ext=.lua, size=848)
2026-03-02 07:44:26,661 - Knowledge - INFO - process ingested knowledge for /app/data/T0015/327504/b918650/lu5-327504/docs/v0.0.5/typography/textSize/index.html
2026-03-02 07:44:26,739 - Knowledge - INFO - process ingested knowledge for /app/data/T0015/327504/b918650/lu5-327504/docs/v0.0.5/mouse/mouseX/index.html
2026-03-02 07:44:26,827 - Knowledge - INFO - process ingested knowledge for /app/data/T0015/327504/b918650/lu5-327504/docs/v0.0.5/typography/loadFont/meta.json
2026-03-02 07:44:26,912 - Knowledge - INFO - Batch sizing: calculated=4, max_allowed=10, queue=23, active_workers=20/20
2026-03-02 07:44:27,026 - Knowledge - INFO - process ingested knowledge for /app/data/T0015/327504/b918650/lu5-327504/docs/v0.0.5/mouse/mouseIsPressed/index.html
2026-03-02 07:44:27,190 - Knowledge - INFO - Processing batch of 4 files
2026-03-02 07:44:27,230 - Knowledge - INFO - process ingested knowledge for /app/data/T0015/327504/b918650/lu5-327504/site/components/MethodExample.lua
2026-03-02 07:44:27,330 - Knowledge - INFO - process ingested knowledge for /app/data/T0015/327504/b918650/lu5-327504/site/components/Editor/icon_stop.lua
2026-03-02 07:44:27,401 - Knowledge - INFO - Batch sizing: calculated=4, max_allowed=10, queue=23, active_workers=20/20
2026-03-02 07:44:27,532 - Knowledge - INFO - Worker kw9 processing /app/data/T0015/327504/b918650/lu5-327504/examples/line.lua
2026-03-02 07:44:27,673 - Knowledge - INFO - Batch sizing: calculated=4, max_allowed=10, queue=23, active_workers=20/20
2026-03-02 07:44:27,774 - Knowledge - INFO - Batch sizing: calculated=4, max_allowed=10, queue=23, active_workers=20/20
2026-03-02 07:44:27,929 - Knowledge - INFO - Batch sizing: calculated=4, max_allowed=10, queue=23, active_workers=20/20
2026-03-02 07:44:28,018 - Knowledge - INFO - Batch sizing: calculated=4, max_allowed=10, queue=23, active_workers=20/20
2026-03-02 07:44:28,284 - Knowledge - INFO - Async storing batch of 4 embeddings
2026-03-02 07:44:28,361 - Knowledge - INFO - Fast-tracked /app/data/T0015/327504/b918650/lu5-327504/CONTRIBUTING.md (ext=.md, size=1280)
2026-03-02 07:44:28,497 - Knowledge - INFO - Async storage completed for 4 embeddings
2026-03-02 07:44:28,582 - Knowledge - INFO - process ingested knowledge for /app/data/T0015/327504/b918650/lu5-327504/docs/v0.0.5/typography/textSize/meta.json
2026-03-02 07:44:28,830 - Knowledge - INFO - process ingested knowledge for /app/data/T0015/327504/b918650/lu5-327504/docs/editor/index.html
2026-03-02 07:44:28,940 - Knowledge - INFO - Async storing batch of 4 embeddings
2026-03-02 07:44:29,119 - Knowledge - INFO - process ingested knowledge for /app/data/T0015/327504/b918650/lu5-327504/site/static/lib/lu5-wasm.min.js
2026-03-02 07:44:29,123 - Knowledge - INFO - process ingested knowledge for /app/data/T0015/327504/b918650/lu5-327504/docs/v0.0.5/mouse/mouseIsPressed/meta.json
2026-03-02 07:44:29,279 - Knowledge - INFO - process ingested knowledge for /app/data/T0015/327504/b918650/lu5-327504/site/components/Editor/Menubar.lua
2026-03-02 07:44:29,301 - Knowledge - INFO - process ingested knowledge for /app/data/T0015/327504/b918650/lu5-327504/site/components/Editor/menubar.css
2026-03-02 07:44:29,419 - Knowledge - INFO - Async storing batch of 5 embeddings
2026-03-02 07:44:29,444 - Knowledge - INFO - [kw16] Queue=11, InProgress=0, PendingWorkers=20/20, Completed=1408/1455 (96.8%)
2026-03-02 07:44:29,504 - Knowledge - INFO - Fast-tracked /app/data/T0015/327504/b918650/lu5-327504/examples/line.lua (ext=.lua, size=674)
2026-03-02 07:44:29,603 - Knowledge - INFO - Async storing batch of 5 embeddings
2026-03-02 07:44:29,683 - Knowledge - INFO - Async storing batch of 4 embeddings
2026-03-02 07:44:29,807 - Knowledge - INFO - Async storing batch of 4 embeddings
2026-03-02 07:44:30,002 - Knowledge - INFO - Worker kw3 processing /app/data/T0015/327504/b918650/lu5-327504/examples/pong.lua
2026-03-02 07:44:30,087 - Knowledge - INFO - Worker kw20 processing /app/data/T0015/327504/b918650/lu5-327504/BUILD.md
2026-03-02 07:44:30,223 - Knowledge - INFO - Processing batch of 4 files
2026-03-02 07:44:30,552 - Knowledge - INFO - Worker kw7 processing /app/data/T0015/327504/b918650/lu5-327504/examples/point.lua
2026-03-02 07:44:30,867 - Knowledge - INFO - Async storage completed for 5 embeddings
2026-03-02 07:44:30,883 - Knowledge - INFO - process ingested knowledge for /app/data/T0015/327504/b918650/lu5-327504/docs/v0.0.5/mouse/index.html
2026-03-02 07:44:30,883 - Knowledge - INFO - process ingested knowledge for /app/data/T0015/327504/b918650/lu5-327504/site/static/lib/lu5-wasm-lib.min.js
2026-03-02 07:44:30,884 - Knowledge - INFO - process ingested knowledge for /app/data/T0015/327504/b918650/lu5-327504/site/components/Editor/editor.css
2026-03-02 07:44:30,992 - Knowledge - INFO - Worker kw15 processing /app/data/T0015/327504/b918650/lu5-327504/examples/model.lua
2026-03-02 07:44:30,998 - Knowledge - INFO - process ingested knowledge for /app/data/T0015/327504/b918650/lu5-327504/site/components/Editor/popup.css
2026-03-02 07:44:31,070 - Knowledge - INFO - Batch sizing: calculated=4, max_allowed=10, queue=11, active_workers=19/20
2026-03-02 07:44:31,102 - Knowledge - INFO - Async storage completed for 5 embeddings
2026-03-02 07:44:31,196 - Knowledge - INFO - Worker kw9 processing /app/data/T0015/327504/b918650/lu5-327504/examples/instances.lua
2026-03-02 07:44:31,307 - Knowledge - INFO - Worker kw11 processing /app/data/T0015/327504/b918650/lu5-327504/examples/print.lua
2026-03-02 07:44:31,395 - Knowledge - INFO - Worker kw12 processing /app/data/T0015/327504/b918650/lu5-327504/examples/mouseIsPressed.lua
2026-03-02 07:44:31,544 - Knowledge - INFO - Worker kw1 processing /app/data/T0015/327504/b918650/lu5-327504/examples/sphere.lua
2026-03-02 07:44:31,631 - Knowledge - INFO - Fast-tracked /app/data/T0015/327504/b918650/lu5-327504/examples/pong.lua (ext=.lua, size=1298)
2026-03-02 07:44:31,713 - Knowledge - INFO - Fast-tracked /app/data/T0015/327504/b918650/lu5-327504/BUILD.md (ext=.md, size=1694)
2026-03-02 07:44:31,790 - Knowledge - INFO - process ingested knowledge for /app/data/T0015/327504/b918650/lu5-327504/site/lib/json.lua
2026-03-02 07:44:31,798 - Knowledge - INFO - Async storage completed for 4 embeddings
2026-03-02 07:44:31,885 - Knowledge - INFO - Fast-tracked /app/data/T0015/327504/b918650/lu5-327504/examples/point.lua (ext=.lua, size=240)
2026-03-02 07:44:32,073 - Knowledge - INFO - process ingested knowledge for /app/data/T0015/327504/b918650/lu5-327504/docs/v0.0.5/mouse/mousePressed/index.html
2026-03-02 07:44:32,171 - Knowledge - INFO - process ingested knowledge for /app/data/T0015/327504/b918650/lu5-327504/site/static/lib/lu5-console.js
2026-03-02 07:44:32,310 - Knowledge - INFO - process ingested knowledge for /app/data/T0015/327504/b918650/lu5-327504/site/components/Editor/icon_play.lua
2026-03-02 07:44:32,420 - Knowledge - INFO - Fast-tracked /app/data/T0015/327504/b918650/lu5-327504/examples/model.lua (ext=.lua, size=417)
2026-03-02 07:44:32,537 - Knowledge - INFO - process ingested knowledge for /app/data/T0015/327504/b918650/lu5-327504/site/components/SocialButton.lua
2026-03-02 07:44:32,907 - Knowledge - INFO - Fast-tracked /app/data/T0015/327504/b918650/lu5-327504/examples/instances.lua (ext=.lua, size=1260)
2026-03-02 07:44:32,984 - Knowledge - INFO - Fast-tracked /app/data/T0015/327504/b918650/lu5-327504/examples/print.lua (ext=.lua, size=932)
2026-03-02 07:44:33,099 - Knowledge - INFO - Fast-tracked /app/data/T0015/327504/b918650/lu5-327504/examples/mouseIsPressed.lua (ext=.lua, size=368)
2026-03-02 07:44:33,192 - Knowledge - INFO - Fast-tracked /app/data/T0015/327504/b918650/lu5-327504/examples/sphere.lua (ext=.lua, size=206)
2026-03-02 07:44:33,293 - Knowledge - INFO - Worker kw3 processing /app/data/T0015/327504/b918650/lu5-327504/examples/crop.lua
2026-03-02 07:44:33,386 - Knowledge - INFO - Async storage completed for 4 embeddings
2026-03-02 07:44:33,525 - Knowledge - INFO - process ingested knowledge for /app/data/T0015/327504/b918650/lu5-327504/site/lib/search.lua
2026-03-02 07:44:33,728 - Knowledge - INFO - Worker kw7 processing /app/data/T0015/327504/b918650/lu5-327504/examples/math.lua
2026-03-02 07:44:33,966 - Knowledge - INFO - process ingested knowledge for /app/data/T0015/327504/b918650/lu5-327504/site/static/lib/lu5-editor.js
2026-03-02 07:44:34,270 - Knowledge - INFO - Worker kw15 processing /app/data/T0015/327504/b918650/lu5-327504/examples/mouse.lua
2026-03-02 07:44:34,552 - Knowledge - INFO - Worker kw9 processing /app/data/T0015/327504/b918650/lu5-327504/examples/controls.lua
2026-03-02 07:44:34,670 - Knowledge - INFO - Worker kw11 processing /app/data/T0015/327504/b918650/lu5-327504/examples/textWeb.lua
2026-03-02 07:44:34,807 - Knowledge - INFO - Worker kw12 processing /app/data/T0015/327504/b918650/lu5-327504/examples/frameRate.lua
2026-03-02 07:44:34,913 - Knowledge - INFO - Worker kw1 processing /app/data/T0015/327504/b918650/lu5-327504/examples/collisions.lua
2026-03-02 07:44:35,089 - Knowledge - INFO - Fast-tracked /app/data/T0015/327504/b918650/lu5-327504/examples/crop.lua (ext=.lua, size=778)
2026-03-02 07:44:35,445 - Knowledge - INFO - Fast-tracked /app/data/T0015/327504/b918650/lu5-327504/examples/math.lua (ext=.lua, size=1171)
2026-03-02 07:44:35,742 - Knowledge - INFO - Fast-tracked /app/data/T0015/327504/b918650/lu5-327504/examples/mouse.lua (ext=.lua, size=763)
2026-03-02 07:44:35,789 - Knowledge - INFO - process ingested knowledge for /app/data/T0015/327504/b918650/lu5-327504/site/lib/version.lua
2026-03-02 07:44:35,994 - Knowledge - INFO - Fast-tracked /app/data/T0015/327504/b918650/lu5-327504/examples/controls.lua (ext=.lua, size=574)
2026-03-02 07:44:36,074 - Knowledge - INFO - Fast-tracked /app/data/T0015/327504/b918650/lu5-327504/examples/textWeb.lua (ext=.lua, size=1399)
2026-03-02 07:44:36,112 - Knowledge - INFO - Processing batch of 4 files
2026-03-02 07:44:36,402 - Knowledge - INFO - Fast-tracked /app/data/T0015/327504/b918650/lu5-327504/examples/frameRate.lua (ext=.lua, size=336)
2026-03-02 07:44:36,512 - Knowledge - INFO - Worker kw1 processing /app/data/T0015/327504/b918650/lu5-327504/examples/customShapes.lua
2026-03-02 07:44:36,553 - Knowledge - INFO - Worker kw3 processing /app/data/T0015/327504/b918650/lu5-327504/examples/shapes.lua
2026-03-02 07:44:36,651 - Knowledge - INFO - Worker kw7 processing /app/data/T0015/327504/b918650/lu5-327504/examples/grid.lua
2026-03-02 07:44:36,739 - Knowledge - INFO - Worker kw15 processing /app/data/T0015/327504/b918650/lu5-327504/examples/text.lua
2026-03-02 07:44:37,034 - Knowledge - INFO - Worker kw9 processing /app/data/T0015/327504/b918650/lu5-327504/examples/html_test.lua
2026-03-02 07:44:37,257 - Knowledge - INFO - Worker kw11 processing /app/data/T0015/327504/b918650/lu5-327504/examples/image.lua
2026-03-02 07:44:37,360 - Knowledge - INFO - process ingested knowledge for /app/data/T0015/327504/b918650/lu5-327504/tests/lib/assert.lua
2026-03-02 07:44:37,591 - Knowledge - INFO - Worker kw12 processing /app/data/T0015/327504/b918650/lu5-327504/examples/3D.lua
2026-03-02 07:44:37,713 - Knowledge - INFO - Fast-tracked /app/data/T0015/327504/b918650/lu5-327504/examples/customShapes.lua (ext=.lua, size=355)
2026-03-02 07:44:37,986 - Knowledge - INFO - Fast-tracked /app/data/T0015/327504/b918650/lu5-327504/examples/shapes.lua (ext=.lua, size=1449)
2026-03-02 07:44:38,110 - Knowledge - INFO - Fast-tracked /app/data/T0015/327504/b918650/lu5-327504/examples/grid.lua (ext=.lua, size=570)
2026-03-02 07:44:38,206 - Knowledge - INFO - Fast-tracked /app/data/T0015/327504/b918650/lu5-327504/examples/text.lua (ext=.lua, size=1391)
2026-03-02 07:44:38,291 - Knowledge - INFO - Fast-tracked /app/data/T0015/327504/b918650/lu5-327504/examples/html_test.lua (ext=.lua, size=137)
2026-03-02 07:44:38,439 - Knowledge - INFO - Fast-tracked /app/data/T0015/327504/b918650/lu5-327504/examples/image.lua (ext=.lua, size=594)
2026-03-02 07:44:38,478 - Knowledge - INFO - [LLM_CALL] Completed: RootLayout.lua:chunk1, Duration: 8590ms, PromptTokens: 2750, CompletionTokens: 238, Cost: $0.00037
2026-03-02 07:44:38,840 - Knowledge - INFO - process ingested knowledge for /app/data/T0015/327504/b918650/lu5-327504/site/lib/css.lua
2026-03-02 07:44:38,887 - Knowledge - INFO - process ingested knowledge for /app/data/T0015/327504/b918650/lu5-327504/ROADMAP.md
2026-03-02 07:44:38,904 - Knowledge - INFO - Fast-tracked /app/data/T0015/327504/b918650/lu5-327504/examples/3D.lua (ext=.lua, size=729)
2026-03-02 07:44:39,161 - Knowledge - INFO - Fast-tracked /app/data/T0015/327504/b918650/lu5-327504/examples/collisions.lua (small file (2795 bytes))
2026-03-02 07:44:39,228 - Knowledge - INFO - Worker kw3 processing /app/data/T0015/327504/b918650/lu5-327504/examples/colors.lua
2026-03-02 07:44:39,328 - Knowledge - INFO - Worker kw7 processing /app/data/T0015/327504/b918650/lu5-327504/examples/arc.lua
2026-03-02 07:44:39,478 - Knowledge - INFO - Worker kw15 processing /app/data/T0015/327504/b918650/lu5-327504/examples/events.lua
2026-03-02 07:44:39,641 - Knowledge - INFO - Async storage completed for 5 embeddings
2026-03-02 07:44:39,757 - Knowledge - INFO - Worker kw11 processing /app/data/T0015/327504/b918650/lu5-327504/examples/vector.lua
2026-03-02 07:44:39,853 - Knowledge - INFO - done ingest for /app/data/T0015/327504/b918650/lu5-327504/site/layout/RootLayout.lua
2026-03-02 07:44:40,100 - Knowledge - INFO - [LLM_CALL] Completed: parse.lua:chunk1, Duration: 11907ms, PromptTokens: 6664, CompletionTokens: 737, Cost: $0.00096
2026-03-02 07:44:40,214 - Knowledge - INFO - Worker kw12 processing /app/data/T0015/327504/b918650/lu5-327504/examples/text2.lua
2026-03-02 07:44:40,318 - Knowledge - INFO - process ingested knowledge for /app/data/T0015/327504/b918650/lu5-327504/CONTRIBUTING.md
2026-03-02 07:44:40,324 - Knowledge - INFO - Async storage completed for 4 embeddings
2026-03-02 07:44:40,449 - Knowledge - INFO - Fast-tracked /app/data/T0015/327504/b918650/lu5-327504/examples/colors.lua (ext=.lua, size=669)
2026-03-02 07:44:40,555 - Knowledge - INFO - Fast-tracked /app/data/T0015/327504/b918650/lu5-327504/examples/arc.lua (ext=.lua, size=291)
2026-03-02 07:44:40,675 - Knowledge - INFO - Fast-tracked /app/data/T0015/327504/b918650/lu5-327504/examples/events.lua (ext=.lua, size=697)
2026-03-02 07:44:40,819 - Knowledge - INFO - Fast-tracked /app/data/T0015/327504/b918650/lu5-327504/examples/vector.lua (ext=.lua, size=1167)
2026-03-02 07:44:41,009 - Knowledge - INFO - done ingest for /app/data/T0015/327504/b918650/lu5-327504/site/lib/parse.lua
2026-03-02 07:44:41,049 - Knowledge - INFO - Processing batch of 4 files
2026-03-02 07:44:41,051 - Knowledge - INFO - [LLM_CALL] Completed: luax.lua:chunk1, Duration: 12557ms, PromptTokens: 5012, CompletionTokens: 530, Cost: $0.00071
2026-03-02 07:44:41,172 - Knowledge - INFO - Fast-tracked /app/data/T0015/327504/b918650/lu5-327504/examples/text2.lua (ext=.lua, size=322)
2026-03-02 07:44:41,261 - Knowledge - INFO - process ingested knowledge for /app/data/T0015/327504/b918650/lu5-327504/BUILD.md
2026-03-02 07:44:41,413 - Knowledge - INFO - Async storage completed for 4 embeddings
2026-03-02 07:44:41,508 - Knowledge - INFO - Async storage completed for 4 embeddings
2026-03-02 07:44:41,612 - Knowledge - INFO - Async storage completed for 5 embeddings
2026-03-02 07:44:41,700 - Knowledge - INFO - Async storage completed for 5 embeddings
2026-03-02 07:44:41,876 - Knowledge - INFO - process ingested knowledge for /app/data/T0015/327504/b918650/lu5-327504/examples/line.lua
2026-03-02 07:44:41,972 - Knowledge - INFO - done ingest for /app/data/T0015/327504/b918650/lu5-327504/site/lib/luax.lua
2026-03-02 07:44:41,974 - Knowledge - INFO - [LLM_CALL] Completed: config.lua:chunk1, Duration: 15787ms, PromptTokens: 2304, CompletionTokens: 191, Cost: $0.00031
2026-03-02 07:44:42,057 - Knowledge - INFO - Async storage completed for 4 embeddings
2026-03-02 07:44:42,821 - Knowledge - INFO - done ingest for /app/data/T0015/327504/b918650/lu5-327504/site/config.lua
2026-03-02 07:44:42,830 - Knowledge - INFO - Processing batch of 3 files
2026-03-02 07:44:42,830 - Knowledge - INFO - Processing batch of 4 files
2026-03-02 07:44:42,838 - Knowledge - INFO - Processing batch of 4 files
2026-03-02 07:44:42,839 - Knowledge - INFO - Processing batch of 4 files
2026-03-02 07:44:42,841 - Knowledge - INFO - Processing batch of 4 files
2026-03-02 07:44:42,849 - Knowledge - INFO - [WEBSOCKET] Sent: Type=progress_update, Size: 276, Duration: 27ms
2026-03-02 07:44:43,013 - Knowledge - INFO - process ingested knowledge for /app/data/T0015/327504/b918650/lu5-327504/examples/instances.lua
2026-03-02 07:44:43,233 - Knowledge - INFO - process ingested knowledge for /app/data/T0015/327504/b918650/lu5-327504/examples/sphere.lua
2026-03-02 07:44:43,404 - Knowledge - INFO - process ingested knowledge for /app/data/T0015/327504/b918650/lu5-327504/examples/pong.lua
2026-03-02 07:44:43,559 - Knowledge - INFO - process ingested knowledge for /app/data/T0015/327504/b918650/lu5-327504/examples/point.lua
2026-03-02 07:44:43,747 - Knowledge - INFO - process ingested knowledge for /app/data/T0015/327504/b918650/lu5-327504/examples/model.lua
2026-03-02 07:44:43,822 - Knowledge - INFO - process ingested knowledge for /app/data/T0015/327504/b918650/lu5-327504/examples/print.lua
2026-03-02 07:44:43,987 - Knowledge - INFO - Processing batch of 4 files
2026-03-02 07:44:43,988 - Knowledge - INFO - [LLM_CALL] Completed: file.lua:chunk1, Duration: 17797ms, PromptTokens: 2998, CompletionTokens: 622, Cost: $0.00055
2026-03-02 07:44:44,106 - Knowledge - INFO - process ingested knowledge for /app/data/T0015/327504/b918650/lu5-327504/examples/controls.lua
2026-03-02 07:44:44,194 - Knowledge - INFO - process ingested knowledge for /app/data/T0015/327504/b918650/lu5-327504/examples/collisions.lua
2026-03-02 07:44:44,297 - Knowledge - INFO - process ingested knowledge for /app/data/T0015/327504/b918650/lu5-327504/examples/crop.lua
2026-03-02 07:44:44,376 - Knowledge - INFO - process ingested knowledge for /app/data/T0015/327504/b918650/lu5-327504/examples/math.lua
2026-03-02 07:44:44,466 - Knowledge - INFO - process ingested knowledge for /app/data/T0015/327504/b918650/lu5-327504/examples/mouse.lua
2026-03-02 07:44:44,624 - Knowledge - INFO - process ingested knowledge for /app/data/T0015/327504/b918650/lu5-327504/examples/textWeb.lua
2026-03-02 07:44:44,741 - Knowledge - INFO - process ingested knowledge for /app/data/T0015/327504/b918650/lu5-327504/site/lib/parse.lua
2026-03-02 07:44:44,846 - Knowledge - INFO - done ingest for /app/data/T0015/327504/b918650/lu5-327504/site/lib/file.lua
2026-03-02 07:44:44,847 - Knowledge - INFO - Processing batch of 4 files
2026-03-02 07:44:44,848 - Knowledge - INFO - [WEBSOCKET] Sent: Type=unknown, Size: ?, Duration: 2026ms
2026-03-02 07:44:44,968 - Knowledge - INFO - process ingested knowledge for /app/data/T0015/327504/b918650/lu5-327504/examples/html_test.lua
2026-03-02 07:44:45,063 - Knowledge - INFO - process ingested knowledge for /app/data/T0015/327504/b918650/lu5-327504/examples/customShapes.lua
2026-03-02 07:44:45,142 - Knowledge - INFO - process ingested knowledge for /app/data/T0015/327504/b918650/lu5-327504/examples/shapes.lua
2026-03-02 07:44:45,227 - Knowledge - INFO - process ingested knowledge for /app/data/T0015/327504/b918650/lu5-327504/examples/grid.lua
2026-03-02 07:44:45,341 - Knowledge - INFO - process ingested knowledge for /app/data/T0015/327504/b918650/lu5-327504/examples/text.lua
2026-03-02 07:44:45,438 - Knowledge - INFO - process ingested knowledge for /app/data/T0015/327504/b918650/lu5-327504/examples/image.lua
2026-03-02 07:44:45,542 - Knowledge - INFO - process ingested knowledge for /app/data/T0015/327504/b918650/lu5-327504/README.md
2026-03-02 07:44:45,784 - Knowledge - INFO - process ingested knowledge for /app/data/T0015/327504/b918650/lu5-327504/examples/mouseIsPressed.lua
2026-03-02 07:44:45,868 - Knowledge - INFO - Progress: 97.6% | Files: 1451/1455 | Rate: 1.77 files/sec | Queue: 0
2026-03-02 07:44:45,870 - Knowledge - INFO - [LLM_CALL] Completed: Head.lua:chunk1, Duration: 18178ms, PromptTokens: 3872, CompletionTokens: 204, Cost: $0.00047
2026-03-02 07:44:46,288 - Knowledge - INFO - process ingested knowledge for /app/data/T0015/327504/b918650/lu5-327504/examples/colors.lua
2026-03-02 07:44:46,380 - Knowledge - INFO - process ingested knowledge for /app/data/T0015/327504/b918650/lu5-327504/examples/arc.lua
2026-03-02 07:44:46,381 - Knowledge - INFO - process ingested knowledge for /app/data/T0015/327504/b918650/lu5-327504/examples/events.lua
2026-03-02 07:44:46,613 - Knowledge - INFO - process ingested knowledge for /app/data/T0015/327504/b918650/lu5-327504/tests/math.lua
2026-03-02 07:44:46,614 - Knowledge - INFO - process ingested knowledge for /app/data/T0015/327504/b918650/lu5-327504/examples/vector.lua
2026-03-02 07:44:46,628 - Knowledge - INFO - process ingested knowledge for /app/data/T0015/327504/b918650/lu5-327504/examples/frameRate.lua
2026-03-02 07:44:46,800 - Knowledge - INFO - done ingest for /app/data/T0015/327504/b918650/lu5-327504/site/layout/Head.lua
2026-03-02 07:44:46,801 - Knowledge - INFO - Processing batch of 4 files
2026-03-02 07:44:46,804 - Knowledge - INFO - [WEBSOCKET] Sent: Type=progress_update, Size: 276, Duration: 0ms
2026-03-02 07:44:47,366 - Knowledge - INFO - process ingested knowledge for /app/data/T0015/327504/b918650/lu5-327504/tests/vector.lua
2026-03-02 07:44:47,374 - Knowledge - INFO - process ingested knowledge for /app/data/T0015/327504/b918650/lu5-327504/examples/3D.lua
2026-03-02 07:44:47,537 - Knowledge - INFO - process ingested knowledge for /app/data/T0015/327504/b918650/lu5-327504/site/README.md
2026-03-02 07:44:47,665 - Knowledge - INFO - [WEBSOCKET] Sent: Type=unknown, Size: ?, Duration: 862ms
2026-03-02 07:44:48,078 - Knowledge - INFO - Progress: 99.7% | Files: 1451/1455 | Rate: 1.76 files/sec | Queue: 0
2026-03-02 07:44:48,604 - Knowledge - INFO - process ingested knowledge for /app/data/T0015/327504/b918650/lu5-327504/examples/text2.lua
2026-03-02 07:44:48,704 - Knowledge - INFO - process ingested knowledge for /app/data/T0015/327504/b918650/lu5-327504/site/lib/file.lua
2026-03-02 07:44:49,636 - Knowledge - INFO - [LLM_CALL] Completed: build_docs.lua:chunk1, Duration: 26440ms, PromptTokens: 4138, CompletionTokens: 386, Cost: $0.00057
2026-03-02 07:44:49,836 - Knowledge - INFO - done ingest for /app/data/T0015/327504/b918650/lu5-327504/site/tasks/build_docs.lua
2026-03-02 07:44:49,866 - Knowledge - INFO - process ingested knowledge for /app/data/T0015/327504/b918650/lu5-327504/site/lib/minify.lua
2026-03-02 07:44:50,246 - Knowledge - INFO - process ingested knowledge for /app/data/T0015/327504/b918650/lu5-327504/site/lib/luax.lua
2026-03-02 07:44:50,597 - Knowledge - INFO - Processing batch of 4 files
2026-03-02 07:44:50,827 - Knowledge - INFO - process ingested knowledge for /app/data/T0015/327504/b918650/lu5-327504/site/tasks/build_docs.lua
2026-03-02 07:44:51,104 - Knowledge - INFO - process ingested knowledge for /app/data/T0015/327504/b918650/lu5-327504/site/config.lua
2026-03-02 07:44:51,303 - Knowledge - INFO - process ingested knowledge for /app/data/T0015/327504/b918650/lu5-327504/site/layout/Head.lua
2026-03-02 07:44:51,534 - Knowledge - INFO - process ingested knowledge for /app/data/T0015/327504/b918650/lu5-327504/site/layout/RootLayout.lua
2026-03-02 07:44:52,275 - Knowledge - INFO - Knowledge creation complete
2026-03-02 07:44:52,483 - Knowledge - INFO - ==================================================
2026-03-02 07:44:52,652 - Knowledge - INFO - KNOWLEDGE GRAPH GENERATION PERFORMANCE SUMMARY
2026-03-02 07:44:52,887 - Knowledge - INFO - ==================================================
2026-03-02 07:44:53,082 - Knowledge - INFO - Total processing time: 831.60 seconds (13.86 minutes)
2026-03-02 07:44:53,328 - Knowledge - INFO - Files processed: 0
2026-03-02 07:44:53,534 - Knowledge - INFO - Processing rate: 0.00 files/second
2026-03-02 07:44:53,735 - Knowledge - INFO - 
[TIME_BREAKDOWN]
2026-03-02 07:44:53,904 - Knowledge - INFO - File Reading: 0.00s (0.0%)
2026-03-02 07:44:54,075 - Knowledge - INFO - LLM Processing: 1072.67s (129.0%)
2026-03-02 07:44:54,244 - Knowledge - INFO - MongoDB Operations: 0.00s (0.0%)
2026-03-02 07:44:54,460 - Knowledge - INFO - Redis Operations: 0.00s (0.0%)
2026-03-02 07:44:54,624 - Knowledge - INFO - WebSocket Communication: 39.75s (4.8%)
2026-03-02 07:44:54,799 - Knowledge - INFO - 
[LLM_STATS]
2026-03-02 07:44:55,000 - Knowledge - INFO - Total LLM calls: 310
2026-03-02 07:44:55,180 - Knowledge - INFO - Average LLM response time: 3460ms
2026-03-02 07:44:55,401 - Knowledge - INFO - Average prompt tokens: 5160.6
2026-03-02 07:44:55,599 - Knowledge - INFO - Average completion tokens: 104.1
2026-03-02 07:44:55,765 - Knowledge - INFO - Total prompt tokens: 1599784
2026-03-02 07:44:55,944 - Knowledge - INFO - Total completion tokens: 32275
2026-03-02 07:44:56,113 - Knowledge - INFO - Total LLM cost: $0.1729
2026-03-02 07:44:56,362 - Knowledge - INFO - 
[DATABASE_STATS]
2026-03-02 07:44:56,576 - Knowledge - INFO - MongoDB operations: 0
2026-03-02 07:44:56,739 - Knowledge - INFO - Redis operations: 0
2026-03-02 07:44:56,954 - Knowledge - INFO - 
[COMMUNICATION_STATS]
2026-03-02 07:44:57,131 - Knowledge - INFO - WebSocket messages sent: 81
2026-03-02 07:44:57,343 - Knowledge - INFO - Average message size: 146.7 bytes
2026-03-02 07:44:57,548 - Knowledge - INFO - 
[WORKER_STATS]
2026-03-02 07:44:57,770 - Knowledge - INFO - 
[FILE_TYPE_STATS]
2026-03-02 07:44:57,987 - Knowledge - INFO - 
[SLOWEST_FILES]
2026-03-02 07:44:58,179 - Knowledge - INFO - ==================================================
2026-03-02 07:44:58,373 - Knowledge - INFO - ==================================================
2026-03-02 07:44:58,581 - Knowledge - INFO - KNOWLEDGE GRAPH GENERATION PERFORMANCE SUMMARY
2026-03-02 07:44:58,768 - Knowledge - INFO - ==================================================
2026-03-02 07:44:58,925 - Knowledge - INFO - Total processing time: 837.57 seconds (13.96 minutes)
2026-03-02 07:44:59,133 - Knowledge - INFO - Files processed: 1455 of 1455
2026-03-02 07:44:59,334 - Knowledge - INFO - Processing rate: 1.74 files/second
2026-03-02 07:44:59,547 - Knowledge - INFO - WebSocket messages sent: 40
2026-03-02 07:44:59,761 - Knowledge - INFO - MongoDB operations: 1455
2026-03-02 07:44:59,941 - Knowledge - INFO - Average MongoDB ops per file: 1.00
2026-03-02 07:45:00,185 - Knowledge - INFO - LLM costs: $0.3324
2026-03-02 07:45:00,392 - Knowledge - INFO - Prompt tokens: 3123802
2026-03-02 07:45:00,590 - Knowledge - INFO - Completion tokens: 50019
2026-03-02 07:45:00,800 - Knowledge - INFO - Updating org costs, total cost: 0.3323878000000003
2026-03-02 07:45:02,568 - Knowledge - INFO - [WEBSOCKET] Sent: Type=progress_update, Size: 272, Duration: 0ms
2026-03-02 07:45:02,775 - Knowledge - INFO - Saving knowledge to Redis...
2026-03-02 07:45:05,258 - Knowledge - INFO - Knowledge saved to Redis successfully
